/batch
/config,noeldb,1     ! force off writing results to database
*get,_wallstrt,active,,time,wall
! ANSYS input file written by Workbench version 2025 R2
! File used for geometry attach: C:\Users\nicol\Desktop\c_beam.step
/title,c_beam--Static Structural (A5)
! ****** Begin Custom Load Command Snippet ******
/COM, ACT Extensions:
/COM,     LSDYNA, 2025.2
/COM,     5f463412-bd3e-484b-87e7-cbc0a665e474, wbex
/COM,/COM,     ANSYSMotion, 2025.2
/COM,     20180725-3f81-49eb-9f31-41364844c769, wbex
/COM,
! ****** End   Custom Load Command Snippet ******
*DIM,_wb_ProjectScratch_dir,string,248
_wb_ProjectScratch_dir(1) = 'C:\Users\nicol\Desktop\_ProjectScratch\ScrC9F3\'
*DIM,_wb_SolverFiles_dir,string,248
_wb_SolverFiles_dir(1) = 'C:\Users\nicol\Desktop\c_beam_files\dp0\SYS\MECH\'
*DIM,_wb_userfiles_dir,string,248
_wb_userfiles_dir(1) = 'C:\Users\nicol\Desktop\c_beam_files\user_files\'
/com,--- Data in consistent NMM units. See Solving Units in the help system for more information.
/units,MPA
/nopr
/wb,file,start              !  signify a WB generated input file
/prep7
! Turn off shape checking because checks already performed inside WB mesher.
! See help system for more information.
SHPP,OFF,,NOWARN
/nolist
etcon,set             ! allow ANSYS to choose best KEYOP's for 180x elements, resets any applicable keyopt to MAPDL defaults
/com,*********** Send User Defined Coordinate System(s) ***********
csys,0
/com,*********** Nodes for the whole assembly ***********
nblock,3,,6154
(1i9,3e20.9e3)
        1     1.500000000E+01    -2.000000000E+02     4.720000000E+01
        2     2.000000000E+01    -2.000000000E+02     4.720000000E+01
        3     2.500000000E+01    -2.000000000E+02     4.720000000E+01
        4     3.000000000E+01    -2.000000000E+02     4.720000000E+01
        5     3.500000000E+01    -2.000000000E+02     4.720000000E+01
        6     4.000000000E+01    -2.000000000E+02     4.720000000E+01
        7     4.500000000E+01    -2.000000000E+02     4.720000000E+01
        8     5.000000000E+01    -2.000000000E+02     4.720000000E+01
        9     5.500000000E+01    -2.000000000E+02     4.720000000E+01
       10     1.000000000E+01    -2.000000000E+02     4.720000000E+01
       11     7.244679287E+00    -2.000000000E+02     4.665193263E+01
       12     4.908831175E+00    -2.000000000E+02     4.509116882E+01
       13     3.348067366E+00    -2.000000000E+02     4.275532071E+01
       14     2.800000000E+00    -2.000000000E+02    -3.428571429E+01
       15     2.800000000E+00    -2.000000000E+02    -2.857142857E+01
       16     2.800000000E+00    -2.000000000E+02    -2.285714286E+01
       17     2.800000000E+00    -2.000000000E+02    -1.714285714E+01
       18     2.800000000E+00    -2.000000000E+02    -1.142857143E+01
       19     2.800000000E+00    -2.000000000E+02    -5.714285714E+00
       20     2.800000000E+00    -2.000000000E+02     0.000000000E+00
       21     2.800000000E+00    -2.000000000E+02     5.714285714E+00
       22     2.800000000E+00    -2.000000000E+02     1.142857143E+01
       23     2.800000000E+00    -2.000000000E+02     1.714285714E+01
       24     2.800000000E+00    -2.000000000E+02     2.285714286E+01
       25     2.800000000E+00    -2.000000000E+02     2.857142857E+01
       26     2.800000000E+00    -2.000000000E+02     3.428571429E+01
       27     2.800000000E+00    -2.000000000E+02     4.000000000E+01
       28     2.800000000E+00    -2.000000000E+02    -4.000000000E+01
       29     3.348067366E+00    -2.000000000E+02    -4.275532071E+01
       30     4.908831175E+00    -2.000000000E+02    -4.509116882E+01
       31     7.244679287E+00    -2.000000000E+02    -4.665193263E+01
       32     5.500000000E+01    -2.000000000E+02    -4.720000000E+01
       33     5.000000000E+01    -2.000000000E+02    -4.720000000E+01
       34     4.500000000E+01    -2.000000000E+02    -4.720000000E+01
       35     4.000000000E+01    -2.000000000E+02    -4.720000000E+01
       36     3.500000000E+01    -2.000000000E+02    -4.720000000E+01
       37     3.000000000E+01    -2.000000000E+02    -4.720000000E+01
       38     2.500000000E+01    -2.000000000E+02    -4.720000000E+01
       39     2.000000000E+01    -2.000000000E+02    -4.720000000E+01
       40     1.500000000E+01    -2.000000000E+02    -4.720000000E+01
       41     1.000000000E+01    -2.000000000E+02    -4.720000000E+01
       42     6.000000000E+01    -2.000000000E+02    -4.720000000E+01
       43     1.500000000E+01    -2.000000000E+02    -5.000000000E+01
       44     2.000000000E+01    -2.000000000E+02    -5.000000000E+01
       45     2.500000000E+01    -2.000000000E+02    -5.000000000E+01
       46     3.000000000E+01    -2.000000000E+02    -5.000000000E+01
       47     3.500000000E+01    -2.000000000E+02    -5.000000000E+01
       48     4.000000000E+01    -2.000000000E+02    -5.000000000E+01
       49     4.500000000E+01    -2.000000000E+02    -5.000000000E+01
       50     5.000000000E+01    -2.000000000E+02    -5.000000000E+01
       51     5.500000000E+01    -2.000000000E+02    -5.000000000E+01
       52     6.000000000E+01    -2.000000000E+02    -5.000000000E+01
       53     7.612046749E-01    -2.000000000E+02    -4.382683432E+01
       54     2.928932188E+00    -2.000000000E+02    -4.707106781E+01
       55     1.000000000E+01    -2.000000000E+02    -5.000000000E+01
       56     6.173165676E+00    -2.000000000E+02    -4.923879533E+01
       57    -1.470027731E-14    -2.000000000E+02     3.428571429E+01
       58    -1.477044916E-14    -2.000000000E+02     2.857142857E+01
       59    -1.484062100E-14    -2.000000000E+02     2.285714286E+01
       60    -1.491079284E-14    -2.000000000E+02     1.714285714E+01
       61    -1.498096469E-14    -2.000000000E+02     1.142857143E+01
       62    -1.505113653E-14    -2.000000000E+02     5.714285714E+00
       63    -1.512130838E-14    -2.000000000E+02     0.000000000E+00
       64    -1.519148022E-14    -2.000000000E+02    -5.714285714E+00
       65    -1.526165206E-14    -2.000000000E+02    -1.142857143E+01
       66    -1.533182391E-14    -2.000000000E+02    -1.714285714E+01
       67    -1.540199575E-14    -2.000000000E+02    -2.285714286E+01
       68    -1.547216760E-14    -2.000000000E+02    -2.857142857E+01
       69    -1.554233944E-14    -2.000000000E+02    -3.428571429E+01
       70    -1.561251128E-14    -2.000000000E+02    -4.000000000E+01
       71     6.173165676E+00    -2.000000000E+02     4.923879533E+01
       72     2.928932188E+00    -2.000000000E+02     4.707106781E+01
       73    -1.463010547E-14    -2.000000000E+02     4.000000000E+01
       74     7.612046749E-01    -2.000000000E+02     4.382683432E+01
       75     5.500000000E+01    -2.000000000E+02     5.000000000E+01
       76     5.000000000E+01    -2.000000000E+02     5.000000000E+01
       77     4.500000000E+01    -2.000000000E+02     5.000000000E+01
       78     4.000000000E+01    -2.000000000E+02     5.000000000E+01
       79     3.500000000E+01    -2.000000000E+02     5.000000000E+01
       80     3.000000000E+01    -2.000000000E+02     5.000000000E+01
       81     2.500000000E+01    -2.000000000E+02     5.000000000E+01
       82     2.000000000E+01    -2.000000000E+02     5.000000000E+01
       83     1.500000000E+01    -2.000000000E+02     5.000000000E+01
       84     1.000000000E+01    -2.000000000E+02     5.000000000E+01
       85     6.000000000E+01    -2.000000000E+02     4.720000000E+01
       86     6.000000000E+01    -2.000000000E+02     5.000000000E+01
       87     6.000000000E+01     0.000000000E+00     4.720000000E+01
       88     6.000000000E+01    -1.111111111E+01     4.720000000E+01
       89     6.000000000E+01    -2.222222222E+01     4.720000000E+01
       90     6.000000000E+01    -3.333333333E+01     4.720000000E+01
       91     6.000000000E+01    -4.444444444E+01     4.720000000E+01
       92     6.000000000E+01    -5.555555556E+01     4.720000000E+01
       93     6.000000000E+01    -6.666666667E+01     4.720000000E+01
       94     6.000000000E+01    -7.777777778E+01     4.720000000E+01
       95     6.000000000E+01    -8.888888889E+01     4.720000000E+01
       96     6.000000000E+01    -1.000000000E+02     4.720000000E+01
       97     6.000000000E+01    -1.111111111E+02     4.720000000E+01
       98     6.000000000E+01    -1.222222222E+02     4.720000000E+01
       99     6.000000000E+01    -1.333333333E+02     4.720000000E+01
      100     6.000000000E+01    -1.444444444E+02     4.720000000E+01
      101     6.000000000E+01    -1.555555556E+02     4.720000000E+01
      102     6.000000000E+01    -1.666666667E+02     4.720000000E+01
      103     6.000000000E+01    -1.777777778E+02     4.720000000E+01
      104     6.000000000E+01    -1.888888889E+02     4.720000000E+01
      105     6.000000000E+01     0.000000000E+00     5.000000000E+01
      106     6.000000000E+01    -1.111111111E+01     5.000000000E+01
      107     6.000000000E+01    -2.222222222E+01     5.000000000E+01
      108     6.000000000E+01    -3.333333333E+01     5.000000000E+01
      109     6.000000000E+01    -4.444444444E+01     5.000000000E+01
      110     6.000000000E+01    -5.555555556E+01     5.000000000E+01
      111     6.000000000E+01    -6.666666667E+01     5.000000000E+01
      112     6.000000000E+01    -7.777777778E+01     5.000000000E+01
      113     6.000000000E+01    -8.888888889E+01     5.000000000E+01
      114     6.000000000E+01    -1.000000000E+02     5.000000000E+01
      115     6.000000000E+01    -1.111111111E+02     5.000000000E+01
      116     6.000000000E+01    -1.222222222E+02     5.000000000E+01
      117     6.000000000E+01    -1.333333333E+02     5.000000000E+01
      118     6.000000000E+01    -1.444444444E+02     5.000000000E+01
      119     6.000000000E+01    -1.555555556E+02     5.000000000E+01
      120     6.000000000E+01    -1.666666667E+02     5.000000000E+01
      121     6.000000000E+01    -1.777777778E+02     5.000000000E+01
      122     6.000000000E+01    -1.888888889E+02     5.000000000E+01
      123     1.500000000E+01    -1.111111111E+01     5.000000000E+01
      124     2.000000000E+01    -1.111111111E+01     5.000000000E+01
      125     2.500000000E+01    -1.111111111E+01     5.000000000E+01
      126     3.000000000E+01    -1.111111111E+01     5.000000000E+01
      127     3.500000000E+01    -1.111111111E+01     5.000000000E+01
      128     4.000000000E+01    -1.111111111E+01     5.000000000E+01
      129     4.500000000E+01    -1.111111111E+01     5.000000000E+01
      130     5.000000000E+01    -1.111111111E+01     5.000000000E+01
      131     5.500000000E+01    -1.111111111E+01     5.000000000E+01
      132     1.500000000E+01    -2.222222222E+01     5.000000000E+01
      133     2.000000000E+01    -2.222222222E+01     5.000000000E+01
      134     2.500000000E+01    -2.222222222E+01     5.000000000E+01
      135     3.000000000E+01    -2.222222222E+01     5.000000000E+01
      136     3.500000000E+01    -2.222222222E+01     5.000000000E+01
      137     4.000000000E+01    -2.222222222E+01     5.000000000E+01
      138     4.500000000E+01    -2.222222222E+01     5.000000000E+01
      139     5.000000000E+01    -2.222222222E+01     5.000000000E+01
      140     5.500000000E+01    -2.222222222E+01     5.000000000E+01
      141     1.500000000E+01    -3.333333333E+01     5.000000000E+01
      142     2.000000000E+01    -3.333333333E+01     5.000000000E+01
      143     2.500000000E+01    -3.333333333E+01     5.000000000E+01
      144     3.000000000E+01    -3.333333333E+01     5.000000000E+01
      145     3.500000000E+01    -3.333333333E+01     5.000000000E+01
      146     4.000000000E+01    -3.333333333E+01     5.000000000E+01
      147     4.500000000E+01    -3.333333333E+01     5.000000000E+01
      148     5.000000000E+01    -3.333333333E+01     5.000000000E+01
      149     5.500000000E+01    -3.333333333E+01     5.000000000E+01
      150     1.500000000E+01    -4.444444444E+01     5.000000000E+01
      151     2.000000000E+01    -4.444444444E+01     5.000000000E+01
      152     2.500000000E+01    -4.444444444E+01     5.000000000E+01
      153     3.000000000E+01    -4.444444444E+01     5.000000000E+01
      154     3.500000000E+01    -4.444444444E+01     5.000000000E+01
      155     4.000000000E+01    -4.444444444E+01     5.000000000E+01
      156     4.500000000E+01    -4.444444444E+01     5.000000000E+01
      157     5.000000000E+01    -4.444444444E+01     5.000000000E+01
      158     5.500000000E+01    -4.444444444E+01     5.000000000E+01
      159     1.500000000E+01    -5.555555556E+01     5.000000000E+01
      160     2.000000000E+01    -5.555555556E+01     5.000000000E+01
      161     2.500000000E+01    -5.555555556E+01     5.000000000E+01
      162     3.000000000E+01    -5.555555556E+01     5.000000000E+01
      163     3.500000000E+01    -5.555555556E+01     5.000000000E+01
      164     4.000000000E+01    -5.555555556E+01     5.000000000E+01
      165     4.500000000E+01    -5.555555556E+01     5.000000000E+01
      166     5.000000000E+01    -5.555555556E+01     5.000000000E+01
      167     5.500000000E+01    -5.555555556E+01     5.000000000E+01
      168     1.500000000E+01    -6.666666667E+01     5.000000000E+01
      169     2.000000000E+01    -6.666666667E+01     5.000000000E+01
      170     2.500000000E+01    -6.666666667E+01     5.000000000E+01
      171     3.000000000E+01    -6.666666667E+01     5.000000000E+01
      172     3.500000000E+01    -6.666666667E+01     5.000000000E+01
      173     4.000000000E+01    -6.666666667E+01     5.000000000E+01
      174     4.500000000E+01    -6.666666667E+01     5.000000000E+01
      175     5.000000000E+01    -6.666666667E+01     5.000000000E+01
      176     5.500000000E+01    -6.666666667E+01     5.000000000E+01
      177     1.500000000E+01    -7.777777778E+01     5.000000000E+01
      178     2.000000000E+01    -7.777777778E+01     5.000000000E+01
      179     2.500000000E+01    -7.777777778E+01     5.000000000E+01
      180     3.000000000E+01    -7.777777778E+01     5.000000000E+01
      181     3.500000000E+01    -7.777777778E+01     5.000000000E+01
      182     4.000000000E+01    -7.777777778E+01     5.000000000E+01
      183     4.500000000E+01    -7.777777778E+01     5.000000000E+01
      184     5.000000000E+01    -7.777777778E+01     5.000000000E+01
      185     5.500000000E+01    -7.777777778E+01     5.000000000E+01
      186     1.500000000E+01    -8.888888889E+01     5.000000000E+01
      187     2.000000000E+01    -8.888888889E+01     5.000000000E+01
      188     2.500000000E+01    -8.888888889E+01     5.000000000E+01
      189     3.000000000E+01    -8.888888889E+01     5.000000000E+01
      190     3.500000000E+01    -8.888888889E+01     5.000000000E+01
      191     4.000000000E+01    -8.888888889E+01     5.000000000E+01
      192     4.500000000E+01    -8.888888889E+01     5.000000000E+01
      193     5.000000000E+01    -8.888888889E+01     5.000000000E+01
      194     5.500000000E+01    -8.888888889E+01     5.000000000E+01
      195     1.500000000E+01    -1.000000000E+02     5.000000000E+01
      196     2.000000000E+01    -1.000000000E+02     5.000000000E+01
      197     2.500000000E+01    -1.000000000E+02     5.000000000E+01
      198     3.000000000E+01    -1.000000000E+02     5.000000000E+01
      199     3.500000000E+01    -1.000000000E+02     5.000000000E+01
      200     4.000000000E+01    -1.000000000E+02     5.000000000E+01
      201     4.500000000E+01    -1.000000000E+02     5.000000000E+01
      202     5.000000000E+01    -1.000000000E+02     5.000000000E+01
      203     5.500000000E+01    -1.000000000E+02     5.000000000E+01
      204     1.500000000E+01    -1.111111111E+02     5.000000000E+01
      205     2.000000000E+01    -1.111111111E+02     5.000000000E+01
      206     2.500000000E+01    -1.111111111E+02     5.000000000E+01
      207     3.000000000E+01    -1.111111111E+02     5.000000000E+01
      208     3.500000000E+01    -1.111111111E+02     5.000000000E+01
      209     4.000000000E+01    -1.111111111E+02     5.000000000E+01
      210     4.500000000E+01    -1.111111111E+02     5.000000000E+01
      211     5.000000000E+01    -1.111111111E+02     5.000000000E+01
      212     5.500000000E+01    -1.111111111E+02     5.000000000E+01
      213     1.500000000E+01    -1.222222222E+02     5.000000000E+01
      214     2.000000000E+01    -1.222222222E+02     5.000000000E+01
      215     2.500000000E+01    -1.222222222E+02     5.000000000E+01
      216     3.000000000E+01    -1.222222222E+02     5.000000000E+01
      217     3.500000000E+01    -1.222222222E+02     5.000000000E+01
      218     4.000000000E+01    -1.222222222E+02     5.000000000E+01
      219     4.500000000E+01    -1.222222222E+02     5.000000000E+01
      220     5.000000000E+01    -1.222222222E+02     5.000000000E+01
      221     5.500000000E+01    -1.222222222E+02     5.000000000E+01
      222     1.500000000E+01    -1.333333333E+02     5.000000000E+01
      223     2.000000000E+01    -1.333333333E+02     5.000000000E+01
      224     2.500000000E+01    -1.333333333E+02     5.000000000E+01
      225     3.000000000E+01    -1.333333333E+02     5.000000000E+01
      226     3.500000000E+01    -1.333333333E+02     5.000000000E+01
      227     4.000000000E+01    -1.333333333E+02     5.000000000E+01
      228     4.500000000E+01    -1.333333333E+02     5.000000000E+01
      229     5.000000000E+01    -1.333333333E+02     5.000000000E+01
      230     5.500000000E+01    -1.333333333E+02     5.000000000E+01
      231     1.500000000E+01    -1.444444444E+02     5.000000000E+01
      232     2.000000000E+01    -1.444444444E+02     5.000000000E+01
      233     2.500000000E+01    -1.444444444E+02     5.000000000E+01
      234     3.000000000E+01    -1.444444444E+02     5.000000000E+01
      235     3.500000000E+01    -1.444444444E+02     5.000000000E+01
      236     4.000000000E+01    -1.444444444E+02     5.000000000E+01
      237     4.500000000E+01    -1.444444444E+02     5.000000000E+01
      238     5.000000000E+01    -1.444444444E+02     5.000000000E+01
      239     5.500000000E+01    -1.444444444E+02     5.000000000E+01
      240     1.500000000E+01    -1.555555556E+02     5.000000000E+01
      241     2.000000000E+01    -1.555555556E+02     5.000000000E+01
      242     2.500000000E+01    -1.555555556E+02     5.000000000E+01
      243     3.000000000E+01    -1.555555556E+02     5.000000000E+01
      244     3.500000000E+01    -1.555555556E+02     5.000000000E+01
      245     4.000000000E+01    -1.555555556E+02     5.000000000E+01
      246     4.500000000E+01    -1.555555556E+02     5.000000000E+01
      247     5.000000000E+01    -1.555555556E+02     5.000000000E+01
      248     5.500000000E+01    -1.555555556E+02     5.000000000E+01
      249     1.500000000E+01    -1.666666667E+02     5.000000000E+01
      250     2.000000000E+01    -1.666666667E+02     5.000000000E+01
      251     2.500000000E+01    -1.666666667E+02     5.000000000E+01
      252     3.000000000E+01    -1.666666667E+02     5.000000000E+01
      253     3.500000000E+01    -1.666666667E+02     5.000000000E+01
      254     4.000000000E+01    -1.666666667E+02     5.000000000E+01
      255     4.500000000E+01    -1.666666667E+02     5.000000000E+01
      256     5.000000000E+01    -1.666666667E+02     5.000000000E+01
      257     5.500000000E+01    -1.666666667E+02     5.000000000E+01
      258     1.500000000E+01    -1.777777778E+02     5.000000000E+01
      259     2.000000000E+01    -1.777777778E+02     5.000000000E+01
      260     2.500000000E+01    -1.777777778E+02     5.000000000E+01
      261     3.000000000E+01    -1.777777778E+02     5.000000000E+01
      262     3.500000000E+01    -1.777777778E+02     5.000000000E+01
      263     4.000000000E+01    -1.777777778E+02     5.000000000E+01
      264     4.500000000E+01    -1.777777778E+02     5.000000000E+01
      265     5.000000000E+01    -1.777777778E+02     5.000000000E+01
      266     5.500000000E+01    -1.777777778E+02     5.000000000E+01
      267     1.500000000E+01    -1.888888889E+02     5.000000000E+01
      268     2.000000000E+01    -1.888888889E+02     5.000000000E+01
      269     2.500000000E+01    -1.888888889E+02     5.000000000E+01
      270     3.000000000E+01    -1.888888889E+02     5.000000000E+01
      271     3.500000000E+01    -1.888888889E+02     5.000000000E+01
      272     4.000000000E+01    -1.888888889E+02     5.000000000E+01
      273     4.500000000E+01    -1.888888889E+02     5.000000000E+01
      274     5.000000000E+01    -1.888888889E+02     5.000000000E+01
      275     5.500000000E+01    -1.888888889E+02     5.000000000E+01
      276     1.500000000E+01     0.000000000E+00     5.000000000E+01
      277     2.000000000E+01     0.000000000E+00     5.000000000E+01
      278     2.500000000E+01     0.000000000E+00     5.000000000E+01
      279     3.000000000E+01     0.000000000E+00     5.000000000E+01
      280     3.500000000E+01     0.000000000E+00     5.000000000E+01
      281     4.000000000E+01     0.000000000E+00     5.000000000E+01
      282     4.500000000E+01     0.000000000E+00     5.000000000E+01
      283     5.000000000E+01     0.000000000E+00     5.000000000E+01
      284     5.500000000E+01     0.000000000E+00     5.000000000E+01
      285     1.000000000E+01    -1.888888889E+02     5.000000000E+01
      286     1.000000000E+01    -1.777777778E+02     5.000000000E+01
      287     1.000000000E+01    -1.666666667E+02     5.000000000E+01
      288     1.000000000E+01    -1.555555556E+02     5.000000000E+01
      289     1.000000000E+01    -1.444444444E+02     5.000000000E+01
      290     1.000000000E+01    -1.333333333E+02     5.000000000E+01
      291     1.000000000E+01    -1.222222222E+02     5.000000000E+01
      292     1.000000000E+01    -1.111111111E+02     5.000000000E+01
      293     1.000000000E+01    -1.000000000E+02     5.000000000E+01
      294     1.000000000E+01    -8.888888889E+01     5.000000000E+01
      295     1.000000000E+01    -7.777777778E+01     5.000000000E+01
      296     1.000000000E+01    -6.666666667E+01     5.000000000E+01
      297     1.000000000E+01    -5.555555556E+01     5.000000000E+01
      298     1.000000000E+01    -4.444444444E+01     5.000000000E+01
      299     1.000000000E+01    -3.333333333E+01     5.000000000E+01
      300     1.000000000E+01    -2.222222222E+01     5.000000000E+01
      301     1.000000000E+01     0.000000000E+00     5.000000000E+01
      302     1.000000000E+01    -1.111111111E+01     5.000000000E+01
      303     7.612046749E-01    -1.111111111E+01     4.382683432E+01
      304     2.928932188E+00    -1.111111111E+01     4.707106781E+01
      305     6.173165676E+00    -1.111111111E+01     4.923879533E+01
      306     7.612046749E-01    -2.222222222E+01     4.382683432E+01
      307     2.928932188E+00    -2.222222222E+01     4.707106781E+01
      308     6.173165676E+00    -2.222222222E+01     4.923879533E+01
      309     7.612046749E-01    -3.333333333E+01     4.382683432E+01
      310     2.928932188E+00    -3.333333333E+01     4.707106781E+01
      311     6.173165676E+00    -3.333333333E+01     4.923879533E+01
      312     7.612046749E-01    -4.444444444E+01     4.382683432E+01
      313     2.928932188E+00    -4.444444444E+01     4.707106781E+01
      314     6.173165676E+00    -4.444444444E+01     4.923879533E+01
      315     7.612046749E-01    -5.555555556E+01     4.382683432E+01
      316     2.928932188E+00    -5.555555556E+01     4.707106781E+01
      317     6.173165676E+00    -5.555555556E+01     4.923879533E+01
      318     7.612046749E-01    -6.666666667E+01     4.382683432E+01
      319     2.928932188E+00    -6.666666667E+01     4.707106781E+01
      320     6.173165676E+00    -6.666666667E+01     4.923879533E+01
      321     7.612046749E-01    -7.777777778E+01     4.382683432E+01
      322     2.928932188E+00    -7.777777778E+01     4.707106781E+01
      323     6.173165676E+00    -7.777777778E+01     4.923879533E+01
      324     7.612046749E-01    -8.888888889E+01     4.382683432E+01
      325     2.928932188E+00    -8.888888889E+01     4.707106781E+01
      326     6.173165676E+00    -8.888888889E+01     4.923879533E+01
      327     7.612046749E-01    -1.000000000E+02     4.382683432E+01
      328     2.928932188E+00    -1.000000000E+02     4.707106781E+01
      329     6.173165676E+00    -1.000000000E+02     4.923879533E+01
      330     7.612046749E-01    -1.111111111E+02     4.382683432E+01
      331     2.928932188E+00    -1.111111111E+02     4.707106781E+01
      332     6.173165676E+00    -1.111111111E+02     4.923879533E+01
      333     7.612046749E-01    -1.222222222E+02     4.382683432E+01
      334     2.928932188E+00    -1.222222222E+02     4.707106781E+01
      335     6.173165676E+00    -1.222222222E+02     4.923879533E+01
      336     7.612046749E-01    -1.333333333E+02     4.382683432E+01
      337     2.928932188E+00    -1.333333333E+02     4.707106781E+01
      338     6.173165676E+00    -1.333333333E+02     4.923879533E+01
      339     7.612046749E-01    -1.444444444E+02     4.382683432E+01
      340     2.928932188E+00    -1.444444444E+02     4.707106781E+01
      341     6.173165676E+00    -1.444444444E+02     4.923879533E+01
      342     7.612046749E-01    -1.555555556E+02     4.382683432E+01
      343     2.928932188E+00    -1.555555556E+02     4.707106781E+01
      344     6.173165676E+00    -1.555555556E+02     4.923879533E+01
      345     7.612046749E-01    -1.666666667E+02     4.382683432E+01
      346     2.928932188E+00    -1.666666667E+02     4.707106781E+01
      347     6.173165676E+00    -1.666666667E+02     4.923879533E+01
      348     7.612046749E-01    -1.777777778E+02     4.382683432E+01
      349     2.928932188E+00    -1.777777778E+02     4.707106781E+01
      350     6.173165676E+00    -1.777777778E+02     4.923879533E+01
      351     7.612046749E-01    -1.888888889E+02     4.382683432E+01
      352     2.928932188E+00    -1.888888889E+02     4.707106781E+01
      353     6.173165676E+00    -1.888888889E+02     4.923879533E+01
      354     6.173165676E+00     0.000000000E+00     4.923879533E+01
      355     2.928932188E+00     0.000000000E+00     4.707106781E+01
      356     7.612046749E-01     0.000000000E+00     4.382683432E+01
      357    -1.463010547E-14     0.000000000E+00     4.000000000E+01
      358    -1.463010547E-14    -1.111111111E+01     4.000000000E+01
      359    -1.463010547E-14    -2.222222222E+01     4.000000000E+01
      360    -1.463010547E-14    -3.333333333E+01     4.000000000E+01
      361    -1.463010547E-14    -4.444444444E+01     4.000000000E+01
      362    -1.463010547E-14    -5.555555556E+01     4.000000000E+01
      363    -1.463010547E-14    -6.666666667E+01     4.000000000E+01
      364    -1.463010547E-14    -7.777777778E+01     4.000000000E+01
      365    -1.463010547E-14    -8.888888889E+01     4.000000000E+01
      366    -1.463010547E-14    -1.000000000E+02     4.000000000E+01
      367    -1.463010547E-14    -1.111111111E+02     4.000000000E+01
      368    -1.463010547E-14    -1.222222222E+02     4.000000000E+01
      369    -1.463010547E-14    -1.333333333E+02     4.000000000E+01
      370    -1.463010547E-14    -1.444444444E+02     4.000000000E+01
      371    -1.463010547E-14    -1.555555556E+02     4.000000000E+01
      372    -1.463010547E-14    -1.666666667E+02     4.000000000E+01
      373    -1.463010547E-14    -1.777777778E+02     4.000000000E+01
      374    -1.463010547E-14    -1.888888889E+02     4.000000000E+01
      375     3.564646977E-15    -1.111111111E+01    -3.428571429E+01
      376     2.165050635E-15    -1.111111111E+01    -2.857142857E+01
      377     7.654542934E-16    -1.111111111E+01    -2.285714286E+01
      378    -6.341420485E-16    -1.111111111E+01    -1.714285714E+01
      379    -2.033738390E-15    -1.111111111E+01    -1.142857143E+01
      380    -3.433334732E-15    -1.111111111E+01    -5.714285714E+00
      381    -4.832931074E-15    -1.111111111E+01     3.155443621E-30
      382    -6.232527416E-15    -1.111111111E+01     5.714285714E+00
      383    -7.632123758E-15    -1.111111111E+01     1.142857143E+01
      384    -9.031720100E-15    -1.111111111E+01     1.714285714E+01
      385    -1.043131644E-14    -1.111111111E+01     2.285714286E+01
      386    -1.183091278E-14    -1.111111111E+01     2.857142857E+01
      387    -1.323050913E-14    -1.111111111E+01     3.428571429E+01
      388     3.564646977E-15    -2.222222222E+01    -3.428571429E+01
      389     2.165050635E-15    -2.222222222E+01    -2.857142857E+01
      390     7.654542934E-16    -2.222222222E+01    -2.285714286E+01
      391    -6.341420485E-16    -2.222222222E+01    -1.714285714E+01
      392    -2.033738390E-15    -2.222222222E+01    -1.142857143E+01
      393    -3.433334732E-15    -2.222222222E+01    -5.714285714E+00
      394    -4.832931074E-15    -2.222222222E+01     3.155443621E-30
      395    -6.232527416E-15    -2.222222222E+01     5.714285714E+00
      396    -7.632123758E-15    -2.222222222E+01     1.142857143E+01
      397    -9.031720100E-15    -2.222222222E+01     1.714285714E+01
      398    -1.043131644E-14    -2.222222222E+01     2.285714286E+01
      399    -1.183091278E-14    -2.222222222E+01     2.857142857E+01
      400    -1.323050913E-14    -2.222222222E+01     3.428571429E+01
      401     3.564646977E-15    -3.333333333E+01    -3.428571429E+01
      402     2.165050635E-15    -3.333333333E+01    -2.857142857E+01
      403     7.654542934E-16    -3.333333333E+01    -2.285714286E+01
      404    -6.341420485E-16    -3.333333333E+01    -1.714285714E+01
      405    -2.033738390E-15    -3.333333333E+01    -1.142857143E+01
      406    -3.433334732E-15    -3.333333333E+01    -5.714285714E+00
      407    -4.832931074E-15    -3.333333333E+01     3.155443621E-30
      408    -6.232527416E-15    -3.333333333E+01     5.714285714E+00
      409    -7.632123758E-15    -3.333333333E+01     1.142857143E+01
      410    -9.031720100E-15    -3.333333333E+01     1.714285714E+01
      411    -1.043131644E-14    -3.333333333E+01     2.285714286E+01
      412    -1.183091278E-14    -3.333333333E+01     2.857142857E+01
      413    -1.323050913E-14    -3.333333333E+01     3.428571429E+01
      414     3.564646977E-15    -4.444444444E+01    -3.428571429E+01
      415     2.165050635E-15    -4.444444444E+01    -2.857142857E+01
      416     7.654542934E-16    -4.444444444E+01    -2.285714286E+01
      417    -6.341420485E-16    -4.444444444E+01    -1.714285714E+01
      418    -2.033738390E-15    -4.444444444E+01    -1.142857143E+01
      419    -3.433334732E-15    -4.444444444E+01    -5.714285714E+00
      420    -4.832931074E-15    -4.444444444E+01     3.155443621E-30
      421    -6.232527416E-15    -4.444444444E+01     5.714285714E+00
      422    -7.632123758E-15    -4.444444444E+01     1.142857143E+01
      423    -9.031720100E-15    -4.444444444E+01     1.714285714E+01
      424    -1.043131644E-14    -4.444444444E+01     2.285714286E+01
      425    -1.183091278E-14    -4.444444444E+01     2.857142857E+01
      426    -1.323050913E-14    -4.444444444E+01     3.428571429E+01
      427     3.564646977E-15    -5.555555556E+01    -3.428571429E+01
      428     2.165050635E-15    -5.555555556E+01    -2.857142857E+01
      429     7.654542934E-16    -5.555555556E+01    -2.285714286E+01
      430    -6.341420485E-16    -5.555555556E+01    -1.714285714E+01
      431    -2.033738390E-15    -5.555555556E+01    -1.142857143E+01
      432    -3.433334732E-15    -5.555555556E+01    -5.714285714E+00
      433    -4.832931074E-15    -5.555555556E+01     3.155443621E-30
      434    -6.232527416E-15    -5.555555556E+01     5.714285714E+00
      435    -7.632123758E-15    -5.555555556E+01     1.142857143E+01
      436    -9.031720100E-15    -5.555555556E+01     1.714285714E+01
      437    -1.043131644E-14    -5.555555556E+01     2.285714286E+01
      438    -1.183091278E-14    -5.555555556E+01     2.857142857E+01
      439    -1.323050913E-14    -5.555555556E+01     3.428571429E+01
      440     3.564646977E-15    -6.666666667E+01    -3.428571429E+01
      441     2.165050635E-15    -6.666666667E+01    -2.857142857E+01
      442     7.654542934E-16    -6.666666667E+01    -2.285714286E+01
      443    -6.341420485E-16    -6.666666667E+01    -1.714285714E+01
      444    -2.033738390E-15    -6.666666667E+01    -1.142857143E+01
      445    -3.433334732E-15    -6.666666667E+01    -5.714285714E+00
      446    -4.832931074E-15    -6.666666667E+01     3.155443621E-30
      447    -6.232527416E-15    -6.666666667E+01     5.714285714E+00
      448    -7.632123758E-15    -6.666666667E+01     1.142857143E+01
      449    -9.031720100E-15    -6.666666667E+01     1.714285714E+01
      450    -1.043131644E-14    -6.666666667E+01     2.285714286E+01
      451    -1.183091278E-14    -6.666666667E+01     2.857142857E+01
      452    -1.323050913E-14    -6.666666667E+01     3.428571429E+01
      453     3.564646977E-15    -7.777777778E+01    -3.428571429E+01
      454     2.165050635E-15    -7.777777778E+01    -2.857142857E+01
      455     7.654542934E-16    -7.777777778E+01    -2.285714286E+01
      456    -6.341420485E-16    -7.777777778E+01    -1.714285714E+01
      457    -2.033738390E-15    -7.777777778E+01    -1.142857143E+01
      458    -3.433334732E-15    -7.777777778E+01    -5.714285714E+00
      459    -4.832931074E-15    -7.777777778E+01     3.155443621E-30
      460    -6.232527416E-15    -7.777777778E+01     5.714285714E+00
      461    -7.632123758E-15    -7.777777778E+01     1.142857143E+01
      462    -9.031720100E-15    -7.777777778E+01     1.714285714E+01
      463    -1.043131644E-14    -7.777777778E+01     2.285714286E+01
      464    -1.183091278E-14    -7.777777778E+01     2.857142857E+01
      465    -1.323050913E-14    -7.777777778E+01     3.428571429E+01
      466     3.564646977E-15    -8.888888889E+01    -3.428571429E+01
      467     2.165050635E-15    -8.888888889E+01    -2.857142857E+01
      468     7.654542934E-16    -8.888888889E+01    -2.285714286E+01
      469    -6.341420485E-16    -8.888888889E+01    -1.714285714E+01
      470    -2.033738390E-15    -8.888888889E+01    -1.142857143E+01
      471    -3.433334732E-15    -8.888888889E+01    -5.714285714E+00
      472    -4.832931074E-15    -8.888888889E+01     3.155443621E-30
      473    -6.232527416E-15    -8.888888889E+01     5.714285714E+00
      474    -7.632123758E-15    -8.888888889E+01     1.142857143E+01
      475    -9.031720100E-15    -8.888888889E+01     1.714285714E+01
      476    -1.043131644E-14    -8.888888889E+01     2.285714286E+01
      477    -1.183091278E-14    -8.888888889E+01     2.857142857E+01
      478    -1.323050913E-14    -8.888888889E+01     3.428571429E+01
      479     3.564646977E-15    -1.000000000E+02    -3.428571429E+01
      480     2.165050635E-15    -1.000000000E+02    -2.857142857E+01
      481     7.654542934E-16    -1.000000000E+02    -2.285714286E+01
      482    -6.341420485E-16    -1.000000000E+02    -1.714285714E+01
      483    -2.033738390E-15    -1.000000000E+02    -1.142857143E+01
      484    -3.433334732E-15    -1.000000000E+02    -5.714285714E+00
      485    -4.832931074E-15    -1.000000000E+02     3.155443621E-30
      486    -6.232527416E-15    -1.000000000E+02     5.714285714E+00
      487    -7.632123758E-15    -1.000000000E+02     1.142857143E+01
      488    -9.031720100E-15    -1.000000000E+02     1.714285714E+01
      489    -1.043131644E-14    -1.000000000E+02     2.285714286E+01
      490    -1.183091278E-14    -1.000000000E+02     2.857142857E+01
      491    -1.323050913E-14    -1.000000000E+02     3.428571429E+01
      492     3.564646977E-15    -1.111111111E+02    -3.428571429E+01
      493     2.165050635E-15    -1.111111111E+02    -2.857142857E+01
      494     7.654542934E-16    -1.111111111E+02    -2.285714286E+01
      495    -6.341420485E-16    -1.111111111E+02    -1.714285714E+01
      496    -2.033738390E-15    -1.111111111E+02    -1.142857143E+01
      497    -3.433334732E-15    -1.111111111E+02    -5.714285714E+00
      498    -4.832931074E-15    -1.111111111E+02     3.155443621E-30
      499    -6.232527416E-15    -1.111111111E+02     5.714285714E+00
      500    -7.632123758E-15    -1.111111111E+02     1.142857143E+01
      501    -9.031720100E-15    -1.111111111E+02     1.714285714E+01
      502    -1.043131644E-14    -1.111111111E+02     2.285714286E+01
      503    -1.183091278E-14    -1.111111111E+02     2.857142857E+01
      504    -1.323050913E-14    -1.111111111E+02     3.428571429E+01
      505     3.564646977E-15    -1.222222222E+02    -3.428571429E+01
      506     2.165050635E-15    -1.222222222E+02    -2.857142857E+01
      507     7.654542934E-16    -1.222222222E+02    -2.285714286E+01
      508    -6.341420485E-16    -1.222222222E+02    -1.714285714E+01
      509    -2.033738390E-15    -1.222222222E+02    -1.142857143E+01
      510    -3.433334732E-15    -1.222222222E+02    -5.714285714E+00
      511    -4.832931074E-15    -1.222222222E+02     3.155443621E-30
      512    -6.232527416E-15    -1.222222222E+02     5.714285714E+00
      513    -7.632123758E-15    -1.222222222E+02     1.142857143E+01
      514    -9.031720100E-15    -1.222222222E+02     1.714285714E+01
      515    -1.043131644E-14    -1.222222222E+02     2.285714286E+01
      516    -1.183091278E-14    -1.222222222E+02     2.857142857E+01
      517    -1.323050913E-14    -1.222222222E+02     3.428571429E+01
      518     3.564646977E-15    -1.333333333E+02    -3.428571429E+01
      519     2.165050635E-15    -1.333333333E+02    -2.857142857E+01
      520     7.654542934E-16    -1.333333333E+02    -2.285714286E+01
      521    -6.341420485E-16    -1.333333333E+02    -1.714285714E+01
      522    -2.033738390E-15    -1.333333333E+02    -1.142857143E+01
      523    -3.433334732E-15    -1.333333333E+02    -5.714285714E+00
      524    -4.832931074E-15    -1.333333333E+02     3.155443621E-30
      525    -6.232527416E-15    -1.333333333E+02     5.714285714E+00
      526    -7.632123758E-15    -1.333333333E+02     1.142857143E+01
      527    -9.031720100E-15    -1.333333333E+02     1.714285714E+01
      528    -1.043131644E-14    -1.333333333E+02     2.285714286E+01
      529    -1.183091278E-14    -1.333333333E+02     2.857142857E+01
      530    -1.323050913E-14    -1.333333333E+02     3.428571429E+01
      531     3.564646977E-15    -1.444444444E+02    -3.428571429E+01
      532     2.165050635E-15    -1.444444444E+02    -2.857142857E+01
      533     7.654542934E-16    -1.444444444E+02    -2.285714286E+01
      534    -6.341420485E-16    -1.444444444E+02    -1.714285714E+01
      535    -2.033738390E-15    -1.444444444E+02    -1.142857143E+01
      536    -3.433334732E-15    -1.444444444E+02    -5.714285714E+00
      537    -4.832931074E-15    -1.444444444E+02     3.155443621E-30
      538    -6.232527416E-15    -1.444444444E+02     5.714285714E+00
      539    -7.632123758E-15    -1.444444444E+02     1.142857143E+01
      540    -9.031720100E-15    -1.444444444E+02     1.714285714E+01
      541    -1.043131644E-14    -1.444444444E+02     2.285714286E+01
      542    -1.183091278E-14    -1.444444444E+02     2.857142857E+01
      543    -1.323050913E-14    -1.444444444E+02     3.428571429E+01
      544     3.564646977E-15    -1.555555556E+02    -3.428571429E+01
      545     2.165050635E-15    -1.555555556E+02    -2.857142857E+01
      546     7.654542934E-16    -1.555555556E+02    -2.285714286E+01
      547    -6.341420485E-16    -1.555555556E+02    -1.714285714E+01
      548    -2.033738390E-15    -1.555555556E+02    -1.142857143E+01
      549    -3.433334732E-15    -1.555555556E+02    -5.714285714E+00
      550    -4.832931074E-15    -1.555555556E+02     3.155443621E-30
      551    -6.232527416E-15    -1.555555556E+02     5.714285714E+00
      552    -7.632123758E-15    -1.555555556E+02     1.142857143E+01
      553    -9.031720100E-15    -1.555555556E+02     1.714285714E+01
      554    -1.043131644E-14    -1.555555556E+02     2.285714286E+01
      555    -1.183091278E-14    -1.555555556E+02     2.857142857E+01
      556    -1.323050913E-14    -1.555555556E+02     3.428571429E+01
      557     3.564646977E-15    -1.666666667E+02    -3.428571429E+01
      558     2.165050635E-15    -1.666666667E+02    -2.857142857E+01
      559     7.654542934E-16    -1.666666667E+02    -2.285714286E+01
      560    -6.341420485E-16    -1.666666667E+02    -1.714285714E+01
      561    -2.033738390E-15    -1.666666667E+02    -1.142857143E+01
      562    -3.433334732E-15    -1.666666667E+02    -5.714285714E+00
      563    -4.832931074E-15    -1.666666667E+02    -3.552713679E-15
      564    -6.232527416E-15    -1.666666667E+02     5.714285714E+00
      565    -7.632123758E-15    -1.666666667E+02     1.142857143E+01
      566    -9.031720100E-15    -1.666666667E+02     1.714285714E+01
      567    -1.043131644E-14    -1.666666667E+02     2.285714286E+01
      568    -1.183091278E-14    -1.666666667E+02     2.857142857E+01
      569    -1.323050913E-14    -1.666666667E+02     3.428571429E+01
      570     3.564646977E-15    -1.777777778E+02    -3.428571429E+01
      571     2.165050635E-15    -1.777777778E+02    -2.857142857E+01
      572     7.654542934E-16    -1.777777778E+02    -2.285714286E+01
      573    -6.341420485E-16    -1.777777778E+02    -1.714285714E+01
      574    -2.033738390E-15    -1.777777778E+02    -1.142857143E+01
      575    -3.433334732E-15    -1.777777778E+02    -5.714285714E+00
      576    -4.832931074E-15    -1.777777778E+02     3.155443621E-30
      577    -6.232527416E-15    -1.777777778E+02     5.714285714E+00
      578    -7.632123758E-15    -1.777777778E+02     1.142857143E+01
      579    -9.031720100E-15    -1.777777778E+02     1.714285714E+01
      580    -1.043131644E-14    -1.777777778E+02     2.285714286E+01
      581    -1.183091278E-14    -1.777777778E+02     2.857142857E+01
      582    -1.323050913E-14    -1.777777778E+02     3.428571429E+01
      583     3.564646977E-15    -1.888888889E+02    -3.428571429E+01
      584     2.165050635E-15    -1.888888889E+02    -2.857142857E+01
      585     7.654542934E-16    -1.888888889E+02    -2.285714286E+01
      586    -6.341420485E-16    -1.888888889E+02    -1.714285714E+01
      587    -2.033738390E-15    -1.888888889E+02    -1.142857143E+01
      588    -3.433334732E-15    -1.888888889E+02    -5.714285714E+00
      589    -4.832931074E-15    -1.888888889E+02     3.155443621E-30
      590    -6.232527416E-15    -1.888888889E+02     5.714285714E+00
      591    -7.632123758E-15    -1.888888889E+02     1.142857143E+01
      592    -9.031720100E-15    -1.888888889E+02     1.714285714E+01
      593    -1.043131644E-14    -1.888888889E+02     2.285714286E+01
      594    -1.183091278E-14    -1.888888889E+02     2.857142857E+01
      595    -1.323050913E-14    -1.888888889E+02     3.428571429E+01
      596    -1.554233944E-14     0.000000000E+00    -3.428571429E+01
      597    -1.547216760E-14     0.000000000E+00    -2.857142857E+01
      598    -1.540199575E-14     0.000000000E+00    -2.285714286E+01
      599    -1.533182391E-14     0.000000000E+00    -1.714285714E+01
      600    -1.526165206E-14     0.000000000E+00    -1.142857143E+01
      601    -1.519148022E-14     0.000000000E+00    -5.714285714E+00
      602    -1.512130838E-14     0.000000000E+00     0.000000000E+00
      603    -1.505113653E-14     0.000000000E+00     5.714285714E+00
      604    -1.498096469E-14     0.000000000E+00     1.142857143E+01
      605    -1.491079284E-14     0.000000000E+00     1.714285714E+01
      606    -1.484062100E-14     0.000000000E+00     2.285714286E+01
      607    -1.477044916E-14     0.000000000E+00     2.857142857E+01
      608    -1.470027731E-14     0.000000000E+00     3.428571429E+01
      609    -1.561251128E-14    -1.888888889E+02    -4.000000000E+01
      610    -1.561251128E-14    -1.777777778E+02    -4.000000000E+01
      611    -1.561251128E-14    -1.666666667E+02    -4.000000000E+01
      612    -1.561251128E-14    -1.555555556E+02    -4.000000000E+01
      613    -1.561251128E-14    -1.444444444E+02    -4.000000000E+01
      614    -1.561251128E-14    -1.333333333E+02    -4.000000000E+01
      615    -1.561251128E-14    -1.222222222E+02    -4.000000000E+01
      616    -1.561251128E-14    -1.111111111E+02    -4.000000000E+01
      617    -1.561251128E-14    -1.000000000E+02    -4.000000000E+01
      618    -1.561251128E-14    -8.888888889E+01    -4.000000000E+01
      619    -1.561251128E-14    -7.777777778E+01    -4.000000000E+01
      620    -1.561251128E-14    -6.666666667E+01    -4.000000000E+01
      621    -1.561251128E-14    -5.555555556E+01    -4.000000000E+01
      622    -1.561251128E-14    -4.444444444E+01    -4.000000000E+01
      623    -1.561251128E-14    -3.333333333E+01    -4.000000000E+01
      624    -1.561251128E-14    -2.222222222E+01    -4.000000000E+01
      625    -1.561251128E-14     0.000000000E+00    -4.000000000E+01
      626    -1.561251128E-14    -1.111111111E+01    -4.000000000E+01
      627     6.173165676E+00    -1.111111111E+01    -4.923879533E+01
      628     2.928932188E+00    -1.111111111E+01    -4.707106781E+01
      629     7.612046749E-01    -1.111111111E+01    -4.382683432E+01
      630     6.173165676E+00    -2.222222222E+01    -4.923879533E+01
      631     2.928932188E+00    -2.222222222E+01    -4.707106781E+01
      632     7.612046749E-01    -2.222222222E+01    -4.382683432E+01
      633     6.173165676E+00    -3.333333333E+01    -4.923879533E+01
      634     2.928932188E+00    -3.333333333E+01    -4.707106781E+01
      635     7.612046749E-01    -3.333333333E+01    -4.382683432E+01
      636     6.173165676E+00    -4.444444444E+01    -4.923879533E+01
      637     2.928932188E+00    -4.444444444E+01    -4.707106781E+01
      638     7.612046749E-01    -4.444444444E+01    -4.382683432E+01
      639     6.173165676E+00    -5.555555556E+01    -4.923879533E+01
      640     2.928932188E+00    -5.555555556E+01    -4.707106781E+01
      641     7.612046749E-01    -5.555555556E+01    -4.382683432E+01
      642     6.173165676E+00    -6.666666667E+01    -4.923879533E+01
      643     2.928932188E+00    -6.666666667E+01    -4.707106781E+01
      644     7.612046749E-01    -6.666666667E+01    -4.382683432E+01
      645     6.173165676E+00    -7.777777778E+01    -4.923879533E+01
      646     2.928932188E+00    -7.777777778E+01    -4.707106781E+01
      647     7.612046749E-01    -7.777777778E+01    -4.382683432E+01
      648     6.173165676E+00    -8.888888889E+01    -4.923879533E+01
      649     2.928932188E+00    -8.888888889E+01    -4.707106781E+01
      650     7.612046749E-01    -8.888888889E+01    -4.382683432E+01
      651     6.173165676E+00    -1.000000000E+02    -4.923879533E+01
      652     2.928932188E+00    -1.000000000E+02    -4.707106781E+01
      653     7.612046749E-01    -1.000000000E+02    -4.382683432E+01
      654     6.173165676E+00    -1.111111111E+02    -4.923879533E+01
      655     2.928932188E+00    -1.111111111E+02    -4.707106781E+01
      656     7.612046749E-01    -1.111111111E+02    -4.382683432E+01
      657     6.173165676E+00    -1.222222222E+02    -4.923879533E+01
      658     2.928932188E+00    -1.222222222E+02    -4.707106781E+01
      659     7.612046749E-01    -1.222222222E+02    -4.382683432E+01
      660     6.173165676E+00    -1.333333333E+02    -4.923879533E+01
      661     2.928932188E+00    -1.333333333E+02    -4.707106781E+01
      662     7.612046749E-01    -1.333333333E+02    -4.382683432E+01
      663     6.173165676E+00    -1.444444444E+02    -4.923879533E+01
      664     2.928932188E+00    -1.444444444E+02    -4.707106781E+01
      665     7.612046749E-01    -1.444444444E+02    -4.382683432E+01
      666     6.173165676E+00    -1.555555556E+02    -4.923879533E+01
      667     2.928932188E+00    -1.555555556E+02    -4.707106781E+01
      668     7.612046749E-01    -1.555555556E+02    -4.382683432E+01
      669     6.173165676E+00    -1.666666667E+02    -4.923879533E+01
      670     2.928932188E+00    -1.666666667E+02    -4.707106781E+01
      671     7.612046749E-01    -1.666666667E+02    -4.382683432E+01
      672     6.173165676E+00    -1.777777778E+02    -4.923879533E+01
      673     2.928932188E+00    -1.777777778E+02    -4.707106781E+01
      674     7.612046749E-01    -1.777777778E+02    -4.382683432E+01
      675     6.173165676E+00    -1.888888889E+02    -4.923879533E+01
      676     2.928932188E+00    -1.888888889E+02    -4.707106781E+01
      677     7.612046749E-01    -1.888888889E+02    -4.382683432E+01
      678     7.612046749E-01     0.000000000E+00    -4.382683432E+01
      679     2.928932188E+00     0.000000000E+00    -4.707106781E+01
      680     6.173165676E+00     0.000000000E+00    -4.923879533E+01
      681     1.000000000E+01     0.000000000E+00    -5.000000000E+01
      682     1.000000000E+01    -1.111111111E+01    -5.000000000E+01
      683     1.000000000E+01    -2.222222222E+01    -5.000000000E+01
      684     1.000000000E+01    -3.333333333E+01    -5.000000000E+01
      685     1.000000000E+01    -4.444444444E+01    -5.000000000E+01
      686     1.000000000E+01    -5.555555556E+01    -5.000000000E+01
      687     1.000000000E+01    -6.666666667E+01    -5.000000000E+01
      688     1.000000000E+01    -7.777777778E+01    -5.000000000E+01
      689     1.000000000E+01    -8.888888889E+01    -5.000000000E+01
      690     1.000000000E+01    -1.000000000E+02    -5.000000000E+01
      691     1.000000000E+01    -1.111111111E+02    -5.000000000E+01
      692     1.000000000E+01    -1.222222222E+02    -5.000000000E+01
      693     1.000000000E+01    -1.333333333E+02    -5.000000000E+01
      694     1.000000000E+01    -1.444444444E+02    -5.000000000E+01
      695     1.000000000E+01    -1.555555556E+02    -5.000000000E+01
      696     1.000000000E+01    -1.666666667E+02    -5.000000000E+01
      697     1.000000000E+01    -1.777777778E+02    -5.000000000E+01
      698     1.000000000E+01    -1.888888889E+02    -5.000000000E+01
      699     5.500000000E+01    -1.111111111E+01    -5.000000000E+01
      700     5.000000000E+01    -1.111111111E+01    -5.000000000E+01
      701     4.500000000E+01    -1.111111111E+01    -5.000000000E+01
      702     4.000000000E+01    -1.111111111E+01    -5.000000000E+01
      703     3.500000000E+01    -1.111111111E+01    -5.000000000E+01
      704     3.000000000E+01    -1.111111111E+01    -5.000000000E+01
      705     2.500000000E+01    -1.111111111E+01    -5.000000000E+01
      706     2.000000000E+01    -1.111111111E+01    -5.000000000E+01
      707     1.500000000E+01    -1.111111111E+01    -5.000000000E+01
      708     5.500000000E+01    -2.222222222E+01    -5.000000000E+01
      709     5.000000000E+01    -2.222222222E+01    -5.000000000E+01
      710     4.500000000E+01    -2.222222222E+01    -5.000000000E+01
      711     4.000000000E+01    -2.222222222E+01    -5.000000000E+01
      712     3.500000000E+01    -2.222222222E+01    -5.000000000E+01
      713     3.000000000E+01    -2.222222222E+01    -5.000000000E+01
      714     2.500000000E+01    -2.222222222E+01    -5.000000000E+01
      715     2.000000000E+01    -2.222222222E+01    -5.000000000E+01
      716     1.500000000E+01    -2.222222222E+01    -5.000000000E+01
      717     5.500000000E+01    -3.333333333E+01    -5.000000000E+01
      718     5.000000000E+01    -3.333333333E+01    -5.000000000E+01
      719     4.500000000E+01    -3.333333333E+01    -5.000000000E+01
      720     4.000000000E+01    -3.333333333E+01    -5.000000000E+01
      721     3.500000000E+01    -3.333333333E+01    -5.000000000E+01
      722     3.000000000E+01    -3.333333333E+01    -5.000000000E+01
      723     2.500000000E+01    -3.333333333E+01    -5.000000000E+01
      724     2.000000000E+01    -3.333333333E+01    -5.000000000E+01
      725     1.500000000E+01    -3.333333333E+01    -5.000000000E+01
      726     5.500000000E+01    -4.444444444E+01    -5.000000000E+01
      727     5.000000000E+01    -4.444444444E+01    -5.000000000E+01
      728     4.500000000E+01    -4.444444444E+01    -5.000000000E+01
      729     4.000000000E+01    -4.444444444E+01    -5.000000000E+01
      730     3.500000000E+01    -4.444444444E+01    -5.000000000E+01
      731     3.000000000E+01    -4.444444444E+01    -5.000000000E+01
      732     2.500000000E+01    -4.444444444E+01    -5.000000000E+01
      733     2.000000000E+01    -4.444444444E+01    -5.000000000E+01
      734     1.500000000E+01    -4.444444444E+01    -5.000000000E+01
      735     5.500000000E+01    -5.555555556E+01    -5.000000000E+01
      736     5.000000000E+01    -5.555555556E+01    -5.000000000E+01
      737     4.500000000E+01    -5.555555556E+01    -5.000000000E+01
      738     4.000000000E+01    -5.555555556E+01    -5.000000000E+01
      739     3.500000000E+01    -5.555555556E+01    -5.000000000E+01
      740     3.000000000E+01    -5.555555556E+01    -5.000000000E+01
      741     2.500000000E+01    -5.555555556E+01    -5.000000000E+01
      742     2.000000000E+01    -5.555555556E+01    -5.000000000E+01
      743     1.500000000E+01    -5.555555556E+01    -5.000000000E+01
      744     5.500000000E+01    -6.666666667E+01    -5.000000000E+01
      745     5.000000000E+01    -6.666666667E+01    -5.000000000E+01
      746     4.500000000E+01    -6.666666667E+01    -5.000000000E+01
      747     4.000000000E+01    -6.666666667E+01    -5.000000000E+01
      748     3.500000000E+01    -6.666666667E+01    -5.000000000E+01
      749     3.000000000E+01    -6.666666667E+01    -5.000000000E+01
      750     2.500000000E+01    -6.666666667E+01    -5.000000000E+01
      751     2.000000000E+01    -6.666666667E+01    -5.000000000E+01
      752     1.500000000E+01    -6.666666667E+01    -5.000000000E+01
      753     5.500000000E+01    -7.777777778E+01    -5.000000000E+01
      754     5.000000000E+01    -7.777777778E+01    -5.000000000E+01
      755     4.500000000E+01    -7.777777778E+01    -5.000000000E+01
      756     4.000000000E+01    -7.777777778E+01    -5.000000000E+01
      757     3.500000000E+01    -7.777777778E+01    -5.000000000E+01
      758     3.000000000E+01    -7.777777778E+01    -5.000000000E+01
      759     2.500000000E+01    -7.777777778E+01    -5.000000000E+01
      760     2.000000000E+01    -7.777777778E+01    -5.000000000E+01
      761     1.500000000E+01    -7.777777778E+01    -5.000000000E+01
      762     5.500000000E+01    -8.888888889E+01    -5.000000000E+01
      763     5.000000000E+01    -8.888888889E+01    -5.000000000E+01
      764     4.500000000E+01    -8.888888889E+01    -5.000000000E+01
      765     4.000000000E+01    -8.888888889E+01    -5.000000000E+01
      766     3.500000000E+01    -8.888888889E+01    -5.000000000E+01
      767     3.000000000E+01    -8.888888889E+01    -5.000000000E+01
      768     2.500000000E+01    -8.888888889E+01    -5.000000000E+01
      769     2.000000000E+01    -8.888888889E+01    -5.000000000E+01
      770     1.500000000E+01    -8.888888889E+01    -5.000000000E+01
      771     5.500000000E+01    -1.000000000E+02    -5.000000000E+01
      772     5.000000000E+01    -1.000000000E+02    -5.000000000E+01
      773     4.500000000E+01    -1.000000000E+02    -5.000000000E+01
      774     4.000000000E+01    -1.000000000E+02    -5.000000000E+01
      775     3.500000000E+01    -1.000000000E+02    -5.000000000E+01
      776     3.000000000E+01    -1.000000000E+02    -5.000000000E+01
      777     2.500000000E+01    -1.000000000E+02    -5.000000000E+01
      778     2.000000000E+01    -1.000000000E+02    -5.000000000E+01
      779     1.500000000E+01    -1.000000000E+02    -5.000000000E+01
      780     5.500000000E+01    -1.111111111E+02    -5.000000000E+01
      781     5.000000000E+01    -1.111111111E+02    -5.000000000E+01
      782     4.500000000E+01    -1.111111111E+02    -5.000000000E+01
      783     4.000000000E+01    -1.111111111E+02    -5.000000000E+01
      784     3.500000000E+01    -1.111111111E+02    -5.000000000E+01
      785     3.000000000E+01    -1.111111111E+02    -5.000000000E+01
      786     2.500000000E+01    -1.111111111E+02    -5.000000000E+01
      787     2.000000000E+01    -1.111111111E+02    -5.000000000E+01
      788     1.500000000E+01    -1.111111111E+02    -5.000000000E+01
      789     5.500000000E+01    -1.222222222E+02    -5.000000000E+01
      790     5.000000000E+01    -1.222222222E+02    -5.000000000E+01
      791     4.500000000E+01    -1.222222222E+02    -5.000000000E+01
      792     4.000000000E+01    -1.222222222E+02    -5.000000000E+01
      793     3.500000000E+01    -1.222222222E+02    -5.000000000E+01
      794     3.000000000E+01    -1.222222222E+02    -5.000000000E+01
      795     2.500000000E+01    -1.222222222E+02    -5.000000000E+01
      796     2.000000000E+01    -1.222222222E+02    -5.000000000E+01
      797     1.500000000E+01    -1.222222222E+02    -5.000000000E+01
      798     5.500000000E+01    -1.333333333E+02    -5.000000000E+01
      799     5.000000000E+01    -1.333333333E+02    -5.000000000E+01
      800     4.500000000E+01    -1.333333333E+02    -5.000000000E+01
      801     4.000000000E+01    -1.333333333E+02    -5.000000000E+01
      802     3.500000000E+01    -1.333333333E+02    -5.000000000E+01
      803     3.000000000E+01    -1.333333333E+02    -5.000000000E+01
      804     2.500000000E+01    -1.333333333E+02    -5.000000000E+01
      805     2.000000000E+01    -1.333333333E+02    -5.000000000E+01
      806     1.500000000E+01    -1.333333333E+02    -5.000000000E+01
      807     5.500000000E+01    -1.444444444E+02    -5.000000000E+01
      808     5.000000000E+01    -1.444444444E+02    -5.000000000E+01
      809     4.500000000E+01    -1.444444444E+02    -5.000000000E+01
      810     4.000000000E+01    -1.444444444E+02    -5.000000000E+01
      811     3.500000000E+01    -1.444444444E+02    -5.000000000E+01
      812     3.000000000E+01    -1.444444444E+02    -5.000000000E+01
      813     2.500000000E+01    -1.444444444E+02    -5.000000000E+01
      814     2.000000000E+01    -1.444444444E+02    -5.000000000E+01
      815     1.500000000E+01    -1.444444444E+02    -5.000000000E+01
      816     5.500000000E+01    -1.555555556E+02    -5.000000000E+01
      817     5.000000000E+01    -1.555555556E+02    -5.000000000E+01
      818     4.500000000E+01    -1.555555556E+02    -5.000000000E+01
      819     4.000000000E+01    -1.555555556E+02    -5.000000000E+01
      820     3.500000000E+01    -1.555555556E+02    -5.000000000E+01
      821     3.000000000E+01    -1.555555556E+02    -5.000000000E+01
      822     2.500000000E+01    -1.555555556E+02    -5.000000000E+01
      823     2.000000000E+01    -1.555555556E+02    -5.000000000E+01
      824     1.500000000E+01    -1.555555556E+02    -5.000000000E+01
      825     5.500000000E+01    -1.666666667E+02    -5.000000000E+01
      826     5.000000000E+01    -1.666666667E+02    -5.000000000E+01
      827     4.500000000E+01    -1.666666667E+02    -5.000000000E+01
      828     4.000000000E+01    -1.666666667E+02    -5.000000000E+01
      829     3.500000000E+01    -1.666666667E+02    -5.000000000E+01
      830     3.000000000E+01    -1.666666667E+02    -5.000000000E+01
      831     2.500000000E+01    -1.666666667E+02    -5.000000000E+01
      832     2.000000000E+01    -1.666666667E+02    -5.000000000E+01
      833     1.500000000E+01    -1.666666667E+02    -5.000000000E+01
      834     5.500000000E+01    -1.777777778E+02    -5.000000000E+01
      835     5.000000000E+01    -1.777777778E+02    -5.000000000E+01
      836     4.500000000E+01    -1.777777778E+02    -5.000000000E+01
      837     4.000000000E+01    -1.777777778E+02    -5.000000000E+01
      838     3.500000000E+01    -1.777777778E+02    -5.000000000E+01
      839     3.000000000E+01    -1.777777778E+02    -5.000000000E+01
      840     2.500000000E+01    -1.777777778E+02    -5.000000000E+01
      841     2.000000000E+01    -1.777777778E+02    -5.000000000E+01
      842     1.500000000E+01    -1.777777778E+02    -5.000000000E+01
      843     5.500000000E+01    -1.888888889E+02    -5.000000000E+01
      844     5.000000000E+01    -1.888888889E+02    -5.000000000E+01
      845     4.500000000E+01    -1.888888889E+02    -5.000000000E+01
      846     4.000000000E+01    -1.888888889E+02    -5.000000000E+01
      847     3.500000000E+01    -1.888888889E+02    -5.000000000E+01
      848     3.000000000E+01    -1.888888889E+02    -5.000000000E+01
      849     2.500000000E+01    -1.888888889E+02    -5.000000000E+01
      850     2.000000000E+01    -1.888888889E+02    -5.000000000E+01
      851     1.500000000E+01    -1.888888889E+02    -5.000000000E+01
      852     5.500000000E+01     0.000000000E+00    -5.000000000E+01
      853     5.000000000E+01     0.000000000E+00    -5.000000000E+01
      854     4.500000000E+01     0.000000000E+00    -5.000000000E+01
      855     4.000000000E+01     0.000000000E+00    -5.000000000E+01
      856     3.500000000E+01     0.000000000E+00    -5.000000000E+01
      857     3.000000000E+01     0.000000000E+00    -5.000000000E+01
      858     2.500000000E+01     0.000000000E+00    -5.000000000E+01
      859     2.000000000E+01     0.000000000E+00    -5.000000000E+01
      860     1.500000000E+01     0.000000000E+00    -5.000000000E+01
      861     6.000000000E+01     0.000000000E+00    -5.000000000E+01
      862     6.000000000E+01    -1.111111111E+01    -5.000000000E+01
      863     6.000000000E+01    -2.222222222E+01    -5.000000000E+01
      864     6.000000000E+01    -3.333333333E+01    -5.000000000E+01
      865     6.000000000E+01    -4.444444444E+01    -5.000000000E+01
      866     6.000000000E+01    -5.555555556E+01    -5.000000000E+01
      867     6.000000000E+01    -6.666666667E+01    -5.000000000E+01
      868     6.000000000E+01    -7.777777778E+01    -5.000000000E+01
      869     6.000000000E+01    -8.888888889E+01    -5.000000000E+01
      870     6.000000000E+01    -1.000000000E+02    -5.000000000E+01
      871     6.000000000E+01    -1.111111111E+02    -5.000000000E+01
      872     6.000000000E+01    -1.222222222E+02    -5.000000000E+01
      873     6.000000000E+01    -1.333333333E+02    -5.000000000E+01
      874     6.000000000E+01    -1.444444444E+02    -5.000000000E+01
      875     6.000000000E+01    -1.555555556E+02    -5.000000000E+01
      876     6.000000000E+01    -1.666666667E+02    -5.000000000E+01
      877     6.000000000E+01    -1.777777778E+02    -5.000000000E+01
      878     6.000000000E+01    -1.888888889E+02    -5.000000000E+01
      879     6.000000000E+01     0.000000000E+00    -4.720000000E+01
      880     6.000000000E+01    -1.111111111E+01    -4.720000000E+01
      881     6.000000000E+01    -2.222222222E+01    -4.720000000E+01
      882     6.000000000E+01    -3.333333333E+01    -4.720000000E+01
      883     6.000000000E+01    -4.444444444E+01    -4.720000000E+01
      884     6.000000000E+01    -5.555555556E+01    -4.720000000E+01
      885     6.000000000E+01    -6.666666667E+01    -4.720000000E+01
      886     6.000000000E+01    -7.777777778E+01    -4.720000000E+01
      887     6.000000000E+01    -8.888888889E+01    -4.720000000E+01
      888     6.000000000E+01    -1.000000000E+02    -4.720000000E+01
      889     6.000000000E+01    -1.111111111E+02    -4.720000000E+01
      890     6.000000000E+01    -1.222222222E+02    -4.720000000E+01
      891     6.000000000E+01    -1.333333333E+02    -4.720000000E+01
      892     6.000000000E+01    -1.444444444E+02    -4.720000000E+01
      893     6.000000000E+01    -1.555555556E+02    -4.720000000E+01
      894     6.000000000E+01    -1.666666667E+02    -4.720000000E+01
      895     6.000000000E+01    -1.777777778E+02    -4.720000000E+01
      896     6.000000000E+01    -1.888888889E+02    -4.720000000E+01
      897     1.500000000E+01    -1.111111111E+01    -4.720000000E+01
      898     2.000000000E+01    -1.111111111E+01    -4.720000000E+01
      899     2.500000000E+01    -1.111111111E+01    -4.720000000E+01
      900     3.000000000E+01    -1.111111111E+01    -4.720000000E+01
      901     3.500000000E+01    -1.111111111E+01    -4.720000000E+01
      902     4.000000000E+01    -1.111111111E+01    -4.720000000E+01
      903     4.500000000E+01    -1.111111111E+01    -4.720000000E+01
      904     5.000000000E+01    -1.111111111E+01    -4.720000000E+01
      905     5.500000000E+01    -1.111111111E+01    -4.720000000E+01
      906     1.500000000E+01    -2.222222222E+01    -4.720000000E+01
      907     2.000000000E+01    -2.222222222E+01    -4.720000000E+01
      908     2.500000000E+01    -2.222222222E+01    -4.720000000E+01
      909     3.000000000E+01    -2.222222222E+01    -4.720000000E+01
      910     3.500000000E+01    -2.222222222E+01    -4.720000000E+01
      911     4.000000000E+01    -2.222222222E+01    -4.720000000E+01
      912     4.500000000E+01    -2.222222222E+01    -4.720000000E+01
      913     5.000000000E+01    -2.222222222E+01    -4.720000000E+01
      914     5.500000000E+01    -2.222222222E+01    -4.720000000E+01
      915     1.500000000E+01    -3.333333333E+01    -4.720000000E+01
      916     2.000000000E+01    -3.333333333E+01    -4.720000000E+01
      917     2.500000000E+01    -3.333333333E+01    -4.720000000E+01
      918     3.000000000E+01    -3.333333333E+01    -4.720000000E+01
      919     3.500000000E+01    -3.333333333E+01    -4.720000000E+01
      920     4.000000000E+01    -3.333333333E+01    -4.720000000E+01
      921     4.500000000E+01    -3.333333333E+01    -4.720000000E+01
      922     5.000000000E+01    -3.333333333E+01    -4.720000000E+01
      923     5.500000000E+01    -3.333333333E+01    -4.720000000E+01
      924     1.500000000E+01    -4.444444444E+01    -4.720000000E+01
      925     2.000000000E+01    -4.444444444E+01    -4.720000000E+01
      926     2.500000000E+01    -4.444444444E+01    -4.720000000E+01
      927     3.000000000E+01    -4.444444444E+01    -4.720000000E+01
      928     3.500000000E+01    -4.444444444E+01    -4.720000000E+01
      929     4.000000000E+01    -4.444444444E+01    -4.720000000E+01
      930     4.500000000E+01    -4.444444444E+01    -4.720000000E+01
      931     5.000000000E+01    -4.444444444E+01    -4.720000000E+01
      932     5.500000000E+01    -4.444444444E+01    -4.720000000E+01
      933     1.500000000E+01    -5.555555556E+01    -4.720000000E+01
      934     2.000000000E+01    -5.555555556E+01    -4.720000000E+01
      935     2.500000000E+01    -5.555555556E+01    -4.720000000E+01
      936     3.000000000E+01    -5.555555556E+01    -4.720000000E+01
      937     3.500000000E+01    -5.555555556E+01    -4.720000000E+01
      938     4.000000000E+01    -5.555555556E+01    -4.720000000E+01
      939     4.500000000E+01    -5.555555556E+01    -4.720000000E+01
      940     5.000000000E+01    -5.555555556E+01    -4.720000000E+01
      941     5.500000000E+01    -5.555555556E+01    -4.720000000E+01
      942     1.500000000E+01    -6.666666667E+01    -4.720000000E+01
      943     2.000000000E+01    -6.666666667E+01    -4.720000000E+01
      944     2.500000000E+01    -6.666666667E+01    -4.720000000E+01
      945     3.000000000E+01    -6.666666667E+01    -4.720000000E+01
      946     3.500000000E+01    -6.666666667E+01    -4.720000000E+01
      947     4.000000000E+01    -6.666666667E+01    -4.720000000E+01
      948     4.500000000E+01    -6.666666667E+01    -4.720000000E+01
      949     5.000000000E+01    -6.666666667E+01    -4.720000000E+01
      950     5.500000000E+01    -6.666666667E+01    -4.720000000E+01
      951     1.500000000E+01    -7.777777778E+01    -4.720000000E+01
      952     2.000000000E+01    -7.777777778E+01    -4.720000000E+01
      953     2.500000000E+01    -7.777777778E+01    -4.720000000E+01
      954     3.000000000E+01    -7.777777778E+01    -4.720000000E+01
      955     3.500000000E+01    -7.777777778E+01    -4.720000000E+01
      956     4.000000000E+01    -7.777777778E+01    -4.720000000E+01
      957     4.500000000E+01    -7.777777778E+01    -4.720000000E+01
      958     5.000000000E+01    -7.777777778E+01    -4.720000000E+01
      959     5.500000000E+01    -7.777777778E+01    -4.720000000E+01
      960     1.500000000E+01    -8.888888889E+01    -4.720000000E+01
      961     2.000000000E+01    -8.888888889E+01    -4.720000000E+01
      962     2.500000000E+01    -8.888888889E+01    -4.720000000E+01
      963     3.000000000E+01    -8.888888889E+01    -4.720000000E+01
      964     3.500000000E+01    -8.888888889E+01    -4.720000000E+01
      965     4.000000000E+01    -8.888888889E+01    -4.720000000E+01
      966     4.500000000E+01    -8.888888889E+01    -4.720000000E+01
      967     5.000000000E+01    -8.888888889E+01    -4.720000000E+01
      968     5.500000000E+01    -8.888888889E+01    -4.720000000E+01
      969     1.500000000E+01    -1.000000000E+02    -4.720000000E+01
      970     2.000000000E+01    -1.000000000E+02    -4.720000000E+01
      971     2.500000000E+01    -1.000000000E+02    -4.720000000E+01
      972     3.000000000E+01    -1.000000000E+02    -4.720000000E+01
      973     3.500000000E+01    -1.000000000E+02    -4.720000000E+01
      974     4.000000000E+01    -1.000000000E+02    -4.720000000E+01
      975     4.500000000E+01    -1.000000000E+02    -4.720000000E+01
      976     5.000000000E+01    -1.000000000E+02    -4.720000000E+01
      977     5.500000000E+01    -1.000000000E+02    -4.720000000E+01
      978     1.500000000E+01    -1.111111111E+02    -4.720000000E+01
      979     2.000000000E+01    -1.111111111E+02    -4.720000000E+01
      980     2.500000000E+01    -1.111111111E+02    -4.720000000E+01
      981     3.000000000E+01    -1.111111111E+02    -4.720000000E+01
      982     3.500000000E+01    -1.111111111E+02    -4.720000000E+01
      983     4.000000000E+01    -1.111111111E+02    -4.720000000E+01
      984     4.500000000E+01    -1.111111111E+02    -4.720000000E+01
      985     5.000000000E+01    -1.111111111E+02    -4.720000000E+01
      986     5.500000000E+01    -1.111111111E+02    -4.720000000E+01
      987     1.500000000E+01    -1.222222222E+02    -4.720000000E+01
      988     2.000000000E+01    -1.222222222E+02    -4.720000000E+01
      989     2.500000000E+01    -1.222222222E+02    -4.720000000E+01
      990     3.000000000E+01    -1.222222222E+02    -4.720000000E+01
      991     3.500000000E+01    -1.222222222E+02    -4.720000000E+01
      992     4.000000000E+01    -1.222222222E+02    -4.720000000E+01
      993     4.500000000E+01    -1.222222222E+02    -4.720000000E+01
      994     5.000000000E+01    -1.222222222E+02    -4.720000000E+01
      995     5.500000000E+01    -1.222222222E+02    -4.720000000E+01
      996     1.500000000E+01    -1.333333333E+02    -4.720000000E+01
      997     2.000000000E+01    -1.333333333E+02    -4.720000000E+01
      998     2.500000000E+01    -1.333333333E+02    -4.720000000E+01
      999     3.000000000E+01    -1.333333333E+02    -4.720000000E+01
     1000     3.500000000E+01    -1.333333333E+02    -4.720000000E+01
     1001     4.000000000E+01    -1.333333333E+02    -4.720000000E+01
     1002     4.500000000E+01    -1.333333333E+02    -4.720000000E+01
     1003     5.000000000E+01    -1.333333333E+02    -4.720000000E+01
     1004     5.500000000E+01    -1.333333333E+02    -4.720000000E+01
     1005     1.500000000E+01    -1.444444444E+02    -4.720000000E+01
     1006     2.000000000E+01    -1.444444444E+02    -4.720000000E+01
     1007     2.500000000E+01    -1.444444444E+02    -4.720000000E+01
     1008     3.000000000E+01    -1.444444444E+02    -4.720000000E+01
     1009     3.500000000E+01    -1.444444444E+02    -4.720000000E+01
     1010     4.000000000E+01    -1.444444444E+02    -4.720000000E+01
     1011     4.500000000E+01    -1.444444444E+02    -4.720000000E+01
     1012     5.000000000E+01    -1.444444444E+02    -4.720000000E+01
     1013     5.500000000E+01    -1.444444444E+02    -4.720000000E+01
     1014     1.500000000E+01    -1.555555556E+02    -4.720000000E+01
     1015     2.000000000E+01    -1.555555556E+02    -4.720000000E+01
     1016     2.500000000E+01    -1.555555556E+02    -4.720000000E+01
     1017     3.000000000E+01    -1.555555556E+02    -4.720000000E+01
     1018     3.500000000E+01    -1.555555556E+02    -4.720000000E+01
     1019     4.000000000E+01    -1.555555556E+02    -4.720000000E+01
     1020     4.500000000E+01    -1.555555556E+02    -4.720000000E+01
     1021     5.000000000E+01    -1.555555556E+02    -4.720000000E+01
     1022     5.500000000E+01    -1.555555556E+02    -4.720000000E+01
     1023     1.500000000E+01    -1.666666667E+02    -4.720000000E+01
     1024     2.000000000E+01    -1.666666667E+02    -4.720000000E+01
     1025     2.500000000E+01    -1.666666667E+02    -4.720000000E+01
     1026     3.000000000E+01    -1.666666667E+02    -4.720000000E+01
     1027     3.500000000E+01    -1.666666667E+02    -4.720000000E+01
     1028     4.000000000E+01    -1.666666667E+02    -4.720000000E+01
     1029     4.500000000E+01    -1.666666667E+02    -4.720000000E+01
     1030     5.000000000E+01    -1.666666667E+02    -4.720000000E+01
     1031     5.500000000E+01    -1.666666667E+02    -4.720000000E+01
     1032     1.500000000E+01    -1.777777778E+02    -4.720000000E+01
     1033     2.000000000E+01    -1.777777778E+02    -4.720000000E+01
     1034     2.500000000E+01    -1.777777778E+02    -4.720000000E+01
     1035     3.000000000E+01    -1.777777778E+02    -4.720000000E+01
     1036     3.500000000E+01    -1.777777778E+02    -4.720000000E+01
     1037     4.000000000E+01    -1.777777778E+02    -4.720000000E+01
     1038     4.500000000E+01    -1.777777778E+02    -4.720000000E+01
     1039     5.000000000E+01    -1.777777778E+02    -4.720000000E+01
     1040     5.500000000E+01    -1.777777778E+02    -4.720000000E+01
     1041     1.500000000E+01    -1.888888889E+02    -4.720000000E+01
     1042     2.000000000E+01    -1.888888889E+02    -4.720000000E+01
     1043     2.500000000E+01    -1.888888889E+02    -4.720000000E+01
     1044     3.000000000E+01    -1.888888889E+02    -4.720000000E+01
     1045     3.500000000E+01    -1.888888889E+02    -4.720000000E+01
     1046     4.000000000E+01    -1.888888889E+02    -4.720000000E+01
     1047     4.500000000E+01    -1.888888889E+02    -4.720000000E+01
     1048     5.000000000E+01    -1.888888889E+02    -4.720000000E+01
     1049     5.500000000E+01    -1.888888889E+02    -4.720000000E+01
     1050     1.500000000E+01     0.000000000E+00    -4.720000000E+01
     1051     2.000000000E+01     0.000000000E+00    -4.720000000E+01
     1052     2.500000000E+01     0.000000000E+00    -4.720000000E+01
     1053     3.000000000E+01     0.000000000E+00    -4.720000000E+01
     1054     3.500000000E+01     0.000000000E+00    -4.720000000E+01
     1055     4.000000000E+01     0.000000000E+00    -4.720000000E+01
     1056     4.500000000E+01     0.000000000E+00    -4.720000000E+01
     1057     5.000000000E+01     0.000000000E+00    -4.720000000E+01
     1058     5.500000000E+01     0.000000000E+00    -4.720000000E+01
     1059     1.000000000E+01    -1.888888889E+02    -4.720000000E+01
     1060     1.000000000E+01    -1.777777778E+02    -4.720000000E+01
     1061     1.000000000E+01    -1.666666667E+02    -4.720000000E+01
     1062     1.000000000E+01    -1.555555556E+02    -4.720000000E+01
     1063     1.000000000E+01    -1.444444444E+02    -4.720000000E+01
     1064     1.000000000E+01    -1.333333333E+02    -4.720000000E+01
     1065     1.000000000E+01    -1.222222222E+02    -4.720000000E+01
     1066     1.000000000E+01    -1.111111111E+02    -4.720000000E+01
     1067     1.000000000E+01    -1.000000000E+02    -4.720000000E+01
     1068     1.000000000E+01    -8.888888889E+01    -4.720000000E+01
     1069     1.000000000E+01    -7.777777778E+01    -4.720000000E+01
     1070     1.000000000E+01    -6.666666667E+01    -4.720000000E+01
     1071     1.000000000E+01    -5.555555556E+01    -4.720000000E+01
     1072     1.000000000E+01    -4.444444444E+01    -4.720000000E+01
     1073     1.000000000E+01    -3.333333333E+01    -4.720000000E+01
     1074     1.000000000E+01    -2.222222222E+01    -4.720000000E+01
     1075     1.000000000E+01     0.000000000E+00    -4.720000000E+01
     1076     1.000000000E+01    -1.111111111E+01    -4.720000000E+01
     1077     3.348067366E+00    -1.111111111E+01    -4.275532071E+01
     1078     4.908831175E+00    -1.111111111E+01    -4.509116882E+01
     1079     7.244679287E+00    -1.111111111E+01    -4.665193263E+01
     1080     3.348067366E+00    -2.222222222E+01    -4.275532071E+01
     1081     4.908831175E+00    -2.222222222E+01    -4.509116882E+01
     1082     7.244679287E+00    -2.222222222E+01    -4.665193263E+01
     1083     3.348067366E+00    -3.333333333E+01    -4.275532071E+01
     1084     4.908831175E+00    -3.333333333E+01    -4.509116882E+01
     1085     7.244679287E+00    -3.333333333E+01    -4.665193263E+01
     1086     3.348067366E+00    -4.444444444E+01    -4.275532071E+01
     1087     4.908831175E+00    -4.444444444E+01    -4.509116882E+01
     1088     7.244679287E+00    -4.444444444E+01    -4.665193263E+01
     1089     3.348067366E+00    -5.555555556E+01    -4.275532071E+01
     1090     4.908831175E+00    -5.555555556E+01    -4.509116882E+01
     1091     7.244679287E+00    -5.555555556E+01    -4.665193263E+01
     1092     3.348067366E+00    -6.666666667E+01    -4.275532071E+01
     1093     4.908831175E+00    -6.666666667E+01    -4.509116882E+01
     1094     7.244679287E+00    -6.666666667E+01    -4.665193263E+01
     1095     3.348067366E+00    -7.777777778E+01    -4.275532071E+01
     1096     4.908831175E+00    -7.777777778E+01    -4.509116882E+01
     1097     7.244679287E+00    -7.777777778E+01    -4.665193263E+01
     1098     3.348067366E+00    -8.888888889E+01    -4.275532071E+01
     1099     4.908831175E+00    -8.888888889E+01    -4.509116882E+01
     1100     7.244679287E+00    -8.888888889E+01    -4.665193263E+01
     1101     3.348067366E+00    -1.000000000E+02    -4.275532071E+01
     1102     4.908831175E+00    -1.000000000E+02    -4.509116882E+01
     1103     7.244679287E+00    -1.000000000E+02    -4.665193263E+01
     1104     3.348067366E+00    -1.111111111E+02    -4.275532071E+01
     1105     4.908831175E+00    -1.111111111E+02    -4.509116882E+01
     1106     7.244679287E+00    -1.111111111E+02    -4.665193263E+01
     1107     3.348067366E+00    -1.222222222E+02    -4.275532071E+01
     1108     4.908831175E+00    -1.222222222E+02    -4.509116882E+01
     1109     7.244679287E+00    -1.222222222E+02    -4.665193263E+01
     1110     3.348067366E+00    -1.333333333E+02    -4.275532071E+01
     1111     4.908831175E+00    -1.333333333E+02    -4.509116882E+01
     1112     7.244679287E+00    -1.333333333E+02    -4.665193263E+01
     1113     3.348067366E+00    -1.444444444E+02    -4.275532071E+01
     1114     4.908831175E+00    -1.444444444E+02    -4.509116882E+01
     1115     7.244679287E+00    -1.444444444E+02    -4.665193263E+01
     1116     3.348067366E+00    -1.555555556E+02    -4.275532071E+01
     1117     4.908831175E+00    -1.555555556E+02    -4.509116882E+01
     1118     7.244679287E+00    -1.555555556E+02    -4.665193263E+01
     1119     3.348067366E+00    -1.666666667E+02    -4.275532071E+01
     1120     4.908831175E+00    -1.666666667E+02    -4.509116882E+01
     1121     7.244679287E+00    -1.666666667E+02    -4.665193263E+01
     1122     3.348067366E+00    -1.777777778E+02    -4.275532071E+01
     1123     4.908831175E+00    -1.777777778E+02    -4.509116882E+01
     1124     7.244679287E+00    -1.777777778E+02    -4.665193263E+01
     1125     3.348067366E+00    -1.888888889E+02    -4.275532071E+01
     1126     4.908831175E+00    -1.888888889E+02    -4.509116882E+01
     1127     7.244679287E+00    -1.888888889E+02    -4.665193263E+01
     1128     3.348067366E+00     0.000000000E+00    -4.275532071E+01
     1129     2.800000000E+00     0.000000000E+00    -4.000000000E+01
     1130     4.908831175E+00     0.000000000E+00    -4.509116882E+01
     1131     7.244679287E+00     0.000000000E+00    -4.665193263E+01
     1132     2.800000000E+00    -1.111111111E+01    -4.000000000E+01
     1133     2.800000000E+00    -2.222222222E+01    -4.000000000E+01
     1134     2.800000000E+00    -3.333333333E+01    -4.000000000E+01
     1135     2.800000000E+00    -4.444444444E+01    -4.000000000E+01
     1136     2.800000000E+00    -5.555555556E+01    -4.000000000E+01
     1137     2.800000000E+00    -6.666666667E+01    -4.000000000E+01
     1138     2.800000000E+00    -7.777777778E+01    -4.000000000E+01
     1139     2.800000000E+00    -8.888888889E+01    -4.000000000E+01
     1140     2.800000000E+00    -1.000000000E+02    -4.000000000E+01
     1141     2.800000000E+00    -1.111111111E+02    -4.000000000E+01
     1142     2.800000000E+00    -1.222222222E+02    -4.000000000E+01
     1143     2.800000000E+00    -1.333333333E+02    -4.000000000E+01
     1144     2.800000000E+00    -1.444444444E+02    -4.000000000E+01
     1145     2.800000000E+00    -1.555555556E+02    -4.000000000E+01
     1146     2.800000000E+00    -1.666666667E+02    -4.000000000E+01
     1147     2.800000000E+00    -1.777777778E+02    -4.000000000E+01
     1148     2.800000000E+00    -1.888888889E+02    -4.000000000E+01
     1149     2.800000000E+00    -1.111111111E+01     3.428571429E+01
     1150     2.800000000E+00    -1.111111111E+01     2.857142857E+01
     1151     2.800000000E+00    -1.111111111E+01     2.285714286E+01
     1152     2.800000000E+00    -1.111111111E+01     1.714285714E+01
     1153     2.800000000E+00    -1.111111111E+01     1.142857143E+01
     1154     2.800000000E+00    -1.111111111E+01     5.714285714E+00
     1155     2.800000000E+00    -1.111111111E+01     0.000000000E+00
     1156     2.800000000E+00    -1.111111111E+01    -5.714285714E+00
     1157     2.800000000E+00    -1.111111111E+01    -1.142857143E+01
     1158     2.800000000E+00    -1.111111111E+01    -1.714285714E+01
     1159     2.800000000E+00    -1.111111111E+01    -2.285714286E+01
     1160     2.800000000E+00    -1.111111111E+01    -2.857142857E+01
     1161     2.800000000E+00    -1.111111111E+01    -3.428571429E+01
     1162     2.800000000E+00    -2.222222222E+01     3.428571429E+01
     1163     2.800000000E+00    -2.222222222E+01     2.857142857E+01
     1164     2.800000000E+00    -2.222222222E+01     2.285714286E+01
     1165     2.800000000E+00    -2.222222222E+01     1.714285714E+01
     1166     2.800000000E+00    -2.222222222E+01     1.142857143E+01
     1167     2.800000000E+00    -2.222222222E+01     5.714285714E+00
     1168     2.800000000E+00    -2.222222222E+01     0.000000000E+00
     1169     2.800000000E+00    -2.222222222E+01    -5.714285714E+00
     1170     2.800000000E+00    -2.222222222E+01    -1.142857143E+01
     1171     2.800000000E+00    -2.222222222E+01    -1.714285714E+01
     1172     2.800000000E+00    -2.222222222E+01    -2.285714286E+01
     1173     2.800000000E+00    -2.222222222E+01    -2.857142857E+01
     1174     2.800000000E+00    -2.222222222E+01    -3.428571429E+01
     1175     2.800000000E+00    -3.333333333E+01     3.428571429E+01
     1176     2.800000000E+00    -3.333333333E+01     2.857142857E+01
     1177     2.800000000E+00    -3.333333333E+01     2.285714286E+01
     1178     2.800000000E+00    -3.333333333E+01     1.714285714E+01
     1179     2.800000000E+00    -3.333333333E+01     1.142857143E+01
     1180     2.800000000E+00    -3.333333333E+01     5.714285714E+00
     1181     2.800000000E+00    -3.333333333E+01     0.000000000E+00
     1182     2.800000000E+00    -3.333333333E+01    -5.714285714E+00
     1183     2.800000000E+00    -3.333333333E+01    -1.142857143E+01
     1184     2.800000000E+00    -3.333333333E+01    -1.714285714E+01
     1185     2.800000000E+00    -3.333333333E+01    -2.285714286E+01
     1186     2.800000000E+00    -3.333333333E+01    -2.857142857E+01
     1187     2.800000000E+00    -3.333333333E+01    -3.428571429E+01
     1188     2.800000000E+00    -4.444444444E+01     3.428571429E+01
     1189     2.800000000E+00    -4.444444444E+01     2.857142857E+01
     1190     2.800000000E+00    -4.444444444E+01     2.285714286E+01
     1191     2.800000000E+00    -4.444444444E+01     1.714285714E+01
     1192     2.800000000E+00    -4.444444444E+01     1.142857143E+01
     1193     2.800000000E+00    -4.444444444E+01     5.714285714E+00
     1194     2.800000000E+00    -4.444444444E+01     0.000000000E+00
     1195     2.800000000E+00    -4.444444444E+01    -5.714285714E+00
     1196     2.800000000E+00    -4.444444444E+01    -1.142857143E+01
     1197     2.800000000E+00    -4.444444444E+01    -1.714285714E+01
     1198     2.800000000E+00    -4.444444444E+01    -2.285714286E+01
     1199     2.800000000E+00    -4.444444444E+01    -2.857142857E+01
     1200     2.800000000E+00    -4.444444444E+01    -3.428571429E+01
     1201     2.800000000E+00    -5.555555556E+01     3.428571429E+01
     1202     2.800000000E+00    -5.555555556E+01     2.857142857E+01
     1203     2.800000000E+00    -5.555555556E+01     2.285714286E+01
     1204     2.800000000E+00    -5.555555556E+01     1.714285714E+01
     1205     2.800000000E+00    -5.555555556E+01     1.142857143E+01
     1206     2.800000000E+00    -5.555555556E+01     5.714285714E+00
     1207     2.800000000E+00    -5.555555556E+01     0.000000000E+00
     1208     2.800000000E+00    -5.555555556E+01    -5.714285714E+00
     1209     2.800000000E+00    -5.555555556E+01    -1.142857143E+01
     1210     2.800000000E+00    -5.555555556E+01    -1.714285714E+01
     1211     2.800000000E+00    -5.555555556E+01    -2.285714286E+01
     1212     2.800000000E+00    -5.555555556E+01    -2.857142857E+01
     1213     2.800000000E+00    -5.555555556E+01    -3.428571429E+01
     1214     2.800000000E+00    -6.666666667E+01     3.428571429E+01
     1215     2.800000000E+00    -6.666666667E+01     2.857142857E+01
     1216     2.800000000E+00    -6.666666667E+01     2.285714286E+01
     1217     2.800000000E+00    -6.666666667E+01     1.714285714E+01
     1218     2.800000000E+00    -6.666666667E+01     1.142857143E+01
     1219     2.800000000E+00    -6.666666667E+01     5.714285714E+00
     1220     2.800000000E+00    -6.666666667E+01     0.000000000E+00
     1221     2.800000000E+00    -6.666666667E+01    -5.714285714E+00
     1222     2.800000000E+00    -6.666666667E+01    -1.142857143E+01
     1223     2.800000000E+00    -6.666666667E+01    -1.714285714E+01
     1224     2.800000000E+00    -6.666666667E+01    -2.285714286E+01
     1225     2.800000000E+00    -6.666666667E+01    -2.857142857E+01
     1226     2.800000000E+00    -6.666666667E+01    -3.428571429E+01
     1227     2.800000000E+00    -7.777777778E+01     3.428571429E+01
     1228     2.800000000E+00    -7.777777778E+01     2.857142857E+01
     1229     2.800000000E+00    -7.777777778E+01     2.285714286E+01
     1230     2.800000000E+00    -7.777777778E+01     1.714285714E+01
     1231     2.800000000E+00    -7.777777778E+01     1.142857143E+01
     1232     2.800000000E+00    -7.777777778E+01     5.714285714E+00
     1233     2.800000000E+00    -7.777777778E+01     0.000000000E+00
     1234     2.800000000E+00    -7.777777778E+01    -5.714285714E+00
     1235     2.800000000E+00    -7.777777778E+01    -1.142857143E+01
     1236     2.800000000E+00    -7.777777778E+01    -1.714285714E+01
     1237     2.800000000E+00    -7.777777778E+01    -2.285714286E+01
     1238     2.800000000E+00    -7.777777778E+01    -2.857142857E+01
     1239     2.800000000E+00    -7.777777778E+01    -3.428571429E+01
     1240     2.800000000E+00    -8.888888889E+01     3.428571429E+01
     1241     2.800000000E+00    -8.888888889E+01     2.857142857E+01
     1242     2.800000000E+00    -8.888888889E+01     2.285714286E+01
     1243     2.800000000E+00    -8.888888889E+01     1.714285714E+01
     1244     2.800000000E+00    -8.888888889E+01     1.142857143E+01
     1245     2.800000000E+00    -8.888888889E+01     5.714285714E+00
     1246     2.800000000E+00    -8.888888889E+01     0.000000000E+00
     1247     2.800000000E+00    -8.888888889E+01    -5.714285714E+00
     1248     2.800000000E+00    -8.888888889E+01    -1.142857143E+01
     1249     2.800000000E+00    -8.888888889E+01    -1.714285714E+01
     1250     2.800000000E+00    -8.888888889E+01    -2.285714286E+01
     1251     2.800000000E+00    -8.888888889E+01    -2.857142857E+01
     1252     2.800000000E+00    -8.888888889E+01    -3.428571429E+01
     1253     2.800000000E+00    -1.000000000E+02     3.428571429E+01
     1254     2.800000000E+00    -1.000000000E+02     2.857142857E+01
     1255     2.800000000E+00    -1.000000000E+02     2.285714286E+01
     1256     2.800000000E+00    -1.000000000E+02     1.714285714E+01
     1257     2.800000000E+00    -1.000000000E+02     1.142857143E+01
     1258     2.800000000E+00    -1.000000000E+02     5.714285714E+00
     1259     2.800000000E+00    -1.000000000E+02     0.000000000E+00
     1260     2.800000000E+00    -1.000000000E+02    -5.714285714E+00
     1261     2.800000000E+00    -1.000000000E+02    -1.142857143E+01
     1262     2.800000000E+00    -1.000000000E+02    -1.714285714E+01
     1263     2.800000000E+00    -1.000000000E+02    -2.285714286E+01
     1264     2.800000000E+00    -1.000000000E+02    -2.857142857E+01
     1265     2.800000000E+00    -1.000000000E+02    -3.428571429E+01
     1266     2.800000000E+00    -1.111111111E+02     3.428571429E+01
     1267     2.800000000E+00    -1.111111111E+02     2.857142857E+01
     1268     2.800000000E+00    -1.111111111E+02     2.285714286E+01
     1269     2.800000000E+00    -1.111111111E+02     1.714285714E+01
     1270     2.800000000E+00    -1.111111111E+02     1.142857143E+01
     1271     2.800000000E+00    -1.111111111E+02     5.714285714E+00
     1272     2.800000000E+00    -1.111111111E+02     0.000000000E+00
     1273     2.800000000E+00    -1.111111111E+02    -5.714285714E+00
     1274     2.800000000E+00    -1.111111111E+02    -1.142857143E+01
     1275     2.800000000E+00    -1.111111111E+02    -1.714285714E+01
     1276     2.800000000E+00    -1.111111111E+02    -2.285714286E+01
     1277     2.800000000E+00    -1.111111111E+02    -2.857142857E+01
     1278     2.800000000E+00    -1.111111111E+02    -3.428571429E+01
     1279     2.800000000E+00    -1.222222222E+02     3.428571429E+01
     1280     2.800000000E+00    -1.222222222E+02     2.857142857E+01
     1281     2.800000000E+00    -1.222222222E+02     2.285714286E+01
     1282     2.800000000E+00    -1.222222222E+02     1.714285714E+01
     1283     2.800000000E+00    -1.222222222E+02     1.142857143E+01
     1284     2.800000000E+00    -1.222222222E+02     5.714285714E+00
     1285     2.800000000E+00    -1.222222222E+02     0.000000000E+00
     1286     2.800000000E+00    -1.222222222E+02    -5.714285714E+00
     1287     2.800000000E+00    -1.222222222E+02    -1.142857143E+01
     1288     2.800000000E+00    -1.222222222E+02    -1.714285714E+01
     1289     2.800000000E+00    -1.222222222E+02    -2.285714286E+01
     1290     2.800000000E+00    -1.222222222E+02    -2.857142857E+01
     1291     2.800000000E+00    -1.222222222E+02    -3.428571429E+01
     1292     2.800000000E+00    -1.333333333E+02     3.428571429E+01
     1293     2.800000000E+00    -1.333333333E+02     2.857142857E+01
     1294     2.800000000E+00    -1.333333333E+02     2.285714286E+01
     1295     2.800000000E+00    -1.333333333E+02     1.714285714E+01
     1296     2.800000000E+00    -1.333333333E+02     1.142857143E+01
     1297     2.800000000E+00    -1.333333333E+02     5.714285714E+00
     1298     2.800000000E+00    -1.333333333E+02     0.000000000E+00
     1299     2.800000000E+00    -1.333333333E+02    -5.714285714E+00
     1300     2.800000000E+00    -1.333333333E+02    -1.142857143E+01
     1301     2.800000000E+00    -1.333333333E+02    -1.714285714E+01
     1302     2.800000000E+00    -1.333333333E+02    -2.285714286E+01
     1303     2.800000000E+00    -1.333333333E+02    -2.857142857E+01
     1304     2.800000000E+00    -1.333333333E+02    -3.428571429E+01
     1305     2.800000000E+00    -1.444444444E+02     3.428571429E+01
     1306     2.800000000E+00    -1.444444444E+02     2.857142857E+01
     1307     2.800000000E+00    -1.444444444E+02     2.285714286E+01
     1308     2.800000000E+00    -1.444444444E+02     1.714285714E+01
     1309     2.800000000E+00    -1.444444444E+02     1.142857143E+01
     1310     2.800000000E+00    -1.444444444E+02     5.714285714E+00
     1311     2.800000000E+00    -1.444444444E+02     0.000000000E+00
     1312     2.800000000E+00    -1.444444444E+02    -5.714285714E+00
     1313     2.800000000E+00    -1.444444444E+02    -1.142857143E+01
     1314     2.800000000E+00    -1.444444444E+02    -1.714285714E+01
     1315     2.800000000E+00    -1.444444444E+02    -2.285714286E+01
     1316     2.800000000E+00    -1.444444444E+02    -2.857142857E+01
     1317     2.800000000E+00    -1.444444444E+02    -3.428571429E+01
     1318     2.800000000E+00    -1.555555556E+02     3.428571429E+01
     1319     2.800000000E+00    -1.555555556E+02     2.857142857E+01
     1320     2.800000000E+00    -1.555555556E+02     2.285714286E+01
     1321     2.800000000E+00    -1.555555556E+02     1.714285714E+01
     1322     2.800000000E+00    -1.555555556E+02     1.142857143E+01
     1323     2.800000000E+00    -1.555555556E+02     5.714285714E+00
     1324     2.800000000E+00    -1.555555556E+02     0.000000000E+00
     1325     2.800000000E+00    -1.555555556E+02    -5.714285714E+00
     1326     2.800000000E+00    -1.555555556E+02    -1.142857143E+01
     1327     2.800000000E+00    -1.555555556E+02    -1.714285714E+01
     1328     2.800000000E+00    -1.555555556E+02    -2.285714286E+01
     1329     2.800000000E+00    -1.555555556E+02    -2.857142857E+01
     1330     2.800000000E+00    -1.555555556E+02    -3.428571429E+01
     1331     2.800000000E+00    -1.666666667E+02     3.428571429E+01
     1332     2.800000000E+00    -1.666666667E+02     2.857142857E+01
     1333     2.800000000E+00    -1.666666667E+02     2.285714286E+01
     1334     2.800000000E+00    -1.666666667E+02     1.714285714E+01
     1335     2.800000000E+00    -1.666666667E+02     1.142857143E+01
     1336     2.800000000E+00    -1.666666667E+02     5.714285714E+00
     1337     2.800000000E+00    -1.666666667E+02     3.552713679E-15
     1338     2.800000000E+00    -1.666666667E+02    -5.714285714E+00
     1339     2.800000000E+00    -1.666666667E+02    -1.142857143E+01
     1340     2.800000000E+00    -1.666666667E+02    -1.714285714E+01
     1341     2.800000000E+00    -1.666666667E+02    -2.285714286E+01
     1342     2.800000000E+00    -1.666666667E+02    -2.857142857E+01
     1343     2.800000000E+00    -1.666666667E+02    -3.428571429E+01
     1344     2.800000000E+00    -1.777777778E+02     3.428571429E+01
     1345     2.800000000E+00    -1.777777778E+02     2.857142857E+01
     1346     2.800000000E+00    -1.777777778E+02     2.285714286E+01
     1347     2.800000000E+00    -1.777777778E+02     1.714285714E+01
     1348     2.800000000E+00    -1.777777778E+02     1.142857143E+01
     1349     2.800000000E+00    -1.777777778E+02     5.714285714E+00
     1350     2.800000000E+00    -1.777777778E+02     0.000000000E+00
     1351     2.800000000E+00    -1.777777778E+02    -5.714285714E+00
     1352     2.800000000E+00    -1.777777778E+02    -1.142857143E+01
     1353     2.800000000E+00    -1.777777778E+02    -1.714285714E+01
     1354     2.800000000E+00    -1.777777778E+02    -2.285714286E+01
     1355     2.800000000E+00    -1.777777778E+02    -2.857142857E+01
     1356     2.800000000E+00    -1.777777778E+02    -3.428571429E+01
     1357     2.800000000E+00    -1.888888889E+02     3.428571429E+01
     1358     2.800000000E+00    -1.888888889E+02     2.857142857E+01
     1359     2.800000000E+00    -1.888888889E+02     2.285714286E+01
     1360     2.800000000E+00    -1.888888889E+02     1.714285714E+01
     1361     2.800000000E+00    -1.888888889E+02     1.142857143E+01
     1362     2.800000000E+00    -1.888888889E+02     5.714285714E+00
     1363     2.800000000E+00    -1.888888889E+02     0.000000000E+00
     1364     2.800000000E+00    -1.888888889E+02    -5.714285714E+00
     1365     2.800000000E+00    -1.888888889E+02    -1.142857143E+01
     1366     2.800000000E+00    -1.888888889E+02    -1.714285714E+01
     1367     2.800000000E+00    -1.888888889E+02    -2.285714286E+01
     1368     2.800000000E+00    -1.888888889E+02    -2.857142857E+01
     1369     2.800000000E+00    -1.888888889E+02    -3.428571429E+01
     1370     2.800000000E+00     0.000000000E+00     3.428571429E+01
     1371     2.800000000E+00     0.000000000E+00     2.857142857E+01
     1372     2.800000000E+00     0.000000000E+00     2.285714286E+01
     1373     2.800000000E+00     0.000000000E+00     1.714285714E+01
     1374     2.800000000E+00     0.000000000E+00     1.142857143E+01
     1375     2.800000000E+00     0.000000000E+00     5.714285714E+00
     1376     2.800000000E+00     0.000000000E+00     0.000000000E+00
     1377     2.800000000E+00     0.000000000E+00    -5.714285714E+00
     1378     2.800000000E+00     0.000000000E+00    -1.142857143E+01
     1379     2.800000000E+00     0.000000000E+00    -1.714285714E+01
     1380     2.800000000E+00     0.000000000E+00    -2.285714286E+01
     1381     2.800000000E+00     0.000000000E+00    -2.857142857E+01
     1382     2.800000000E+00     0.000000000E+00    -3.428571429E+01
     1383     2.800000000E+00    -1.888888889E+02     4.000000000E+01
     1384     2.800000000E+00    -1.777777778E+02     4.000000000E+01
     1385     2.800000000E+00    -1.666666667E+02     4.000000000E+01
     1386     2.800000000E+00    -1.555555556E+02     4.000000000E+01
     1387     2.800000000E+00    -1.444444444E+02     4.000000000E+01
     1388     2.800000000E+00    -1.333333333E+02     4.000000000E+01
     1389     2.800000000E+00    -1.222222222E+02     4.000000000E+01
     1390     2.800000000E+00    -1.111111111E+02     4.000000000E+01
     1391     2.800000000E+00    -1.000000000E+02     4.000000000E+01
     1392     2.800000000E+00    -8.888888889E+01     4.000000000E+01
     1393     2.800000000E+00    -7.777777778E+01     4.000000000E+01
     1394     2.800000000E+00    -6.666666667E+01     4.000000000E+01
     1395     2.800000000E+00    -5.555555556E+01     4.000000000E+01
     1396     2.800000000E+00    -4.444444444E+01     4.000000000E+01
     1397     2.800000000E+00    -3.333333333E+01     4.000000000E+01
     1398     2.800000000E+00    -2.222222222E+01     4.000000000E+01
     1399     2.800000000E+00     0.000000000E+00     4.000000000E+01
     1400     2.800000000E+00    -1.111111111E+01     4.000000000E+01
     1401     7.244679287E+00    -1.111111111E+01     4.665193263E+01
     1402     4.908831175E+00    -1.111111111E+01     4.509116882E+01
     1403     3.348067366E+00    -1.111111111E+01     4.275532071E+01
     1404     7.244679287E+00    -2.222222222E+01     4.665193263E+01
     1405     4.908831175E+00    -2.222222222E+01     4.509116882E+01
     1406     3.348067366E+00    -2.222222222E+01     4.275532071E+01
     1407     7.244679287E+00    -3.333333333E+01     4.665193263E+01
     1408     4.908831175E+00    -3.333333333E+01     4.509116882E+01
     1409     3.348067366E+00    -3.333333333E+01     4.275532071E+01
     1410     7.244679287E+00    -4.444444444E+01     4.665193263E+01
     1411     4.908831175E+00    -4.444444444E+01     4.509116882E+01
     1412     3.348067366E+00    -4.444444444E+01     4.275532071E+01
     1413     7.244679287E+00    -5.555555556E+01     4.665193263E+01
     1414     4.908831175E+00    -5.555555556E+01     4.509116882E+01
     1415     3.348067366E+00    -5.555555556E+01     4.275532071E+01
     1416     7.244679287E+00    -6.666666667E+01     4.665193263E+01
     1417     4.908831175E+00    -6.666666667E+01     4.509116882E+01
     1418     3.348067366E+00    -6.666666667E+01     4.275532071E+01
     1419     7.244679287E+00    -7.777777778E+01     4.665193263E+01
     1420     4.908831175E+00    -7.777777778E+01     4.509116882E+01
     1421     3.348067366E+00    -7.777777778E+01     4.275532071E+01
     1422     7.244679287E+00    -8.888888889E+01     4.665193263E+01
     1423     4.908831175E+00    -8.888888889E+01     4.509116882E+01
     1424     3.348067366E+00    -8.888888889E+01     4.275532071E+01
     1425     7.244679287E+00    -1.000000000E+02     4.665193263E+01
     1426     4.908831175E+00    -1.000000000E+02     4.509116882E+01
     1427     3.348067366E+00    -1.000000000E+02     4.275532071E+01
     1428     7.244679287E+00    -1.111111111E+02     4.665193263E+01
     1429     4.908831175E+00    -1.111111111E+02     4.509116882E+01
     1430     3.348067366E+00    -1.111111111E+02     4.275532071E+01
     1431     7.244679287E+00    -1.222222222E+02     4.665193263E+01
     1432     4.908831175E+00    -1.222222222E+02     4.509116882E+01
     1433     3.348067366E+00    -1.222222222E+02     4.275532071E+01
     1434     7.244679287E+00    -1.333333333E+02     4.665193263E+01
     1435     4.908831175E+00    -1.333333333E+02     4.509116882E+01
     1436     3.348067366E+00    -1.333333333E+02     4.275532071E+01
     1437     7.244679287E+00    -1.444444444E+02     4.665193263E+01
     1438     4.908831175E+00    -1.444444444E+02     4.509116882E+01
     1439     3.348067366E+00    -1.444444444E+02     4.275532071E+01
     1440     7.244679287E+00    -1.555555556E+02     4.665193263E+01
     1441     4.908831175E+00    -1.555555556E+02     4.509116882E+01
     1442     3.348067366E+00    -1.555555556E+02     4.275532071E+01
     1443     7.244679287E+00    -1.666666667E+02     4.665193263E+01
     1444     4.908831175E+00    -1.666666667E+02     4.509116882E+01
     1445     3.348067366E+00    -1.666666667E+02     4.275532071E+01
     1446     7.244679287E+00    -1.777777778E+02     4.665193263E+01
     1447     4.908831175E+00    -1.777777778E+02     4.509116882E+01
     1448     3.348067366E+00    -1.777777778E+02     4.275532071E+01
     1449     7.244679287E+00    -1.888888889E+02     4.665193263E+01
     1450     4.908831175E+00    -1.888888889E+02     4.509116882E+01
     1451     3.348067366E+00    -1.888888889E+02     4.275532071E+01
     1452     7.244679287E+00     0.000000000E+00     4.665193263E+01
     1453     1.000000000E+01     0.000000000E+00     4.720000000E+01
     1454     4.908831175E+00     0.000000000E+00     4.509116882E+01
     1455     3.348067366E+00     0.000000000E+00     4.275532071E+01
     1456     1.000000000E+01    -1.111111111E+01     4.720000000E+01
     1457     1.000000000E+01    -2.222222222E+01     4.720000000E+01
     1458     1.000000000E+01    -3.333333333E+01     4.720000000E+01
     1459     1.000000000E+01    -4.444444444E+01     4.720000000E+01
     1460     1.000000000E+01    -5.555555556E+01     4.720000000E+01
     1461     1.000000000E+01    -6.666666667E+01     4.720000000E+01
     1462     1.000000000E+01    -7.777777778E+01     4.720000000E+01
     1463     1.000000000E+01    -8.888888889E+01     4.720000000E+01
     1464     1.000000000E+01    -1.000000000E+02     4.720000000E+01
     1465     1.000000000E+01    -1.111111111E+02     4.720000000E+01
     1466     1.000000000E+01    -1.222222222E+02     4.720000000E+01
     1467     1.000000000E+01    -1.333333333E+02     4.720000000E+01
     1468     1.000000000E+01    -1.444444444E+02     4.720000000E+01
     1469     1.000000000E+01    -1.555555556E+02     4.720000000E+01
     1470     1.000000000E+01    -1.666666667E+02     4.720000000E+01
     1471     1.000000000E+01    -1.777777778E+02     4.720000000E+01
     1472     1.000000000E+01    -1.888888889E+02     4.720000000E+01
     1473     1.500000000E+01    -1.888888889E+02     4.720000000E+01
     1474     2.000000000E+01    -1.888888889E+02     4.720000000E+01
     1475     2.500000000E+01    -1.888888889E+02     4.720000000E+01
     1476     3.000000000E+01    -1.888888889E+02     4.720000000E+01
     1477     3.500000000E+01    -1.888888889E+02     4.720000000E+01
     1478     4.000000000E+01    -1.888888889E+02     4.720000000E+01
     1479     4.500000000E+01    -1.888888889E+02     4.720000000E+01
     1480     5.000000000E+01    -1.888888889E+02     4.720000000E+01
     1481     5.500000000E+01    -1.888888889E+02     4.720000000E+01
     1482     1.500000000E+01    -1.777777778E+02     4.720000000E+01
     1483     2.000000000E+01    -1.777777778E+02     4.720000000E+01
     1484     2.500000000E+01    -1.777777778E+02     4.720000000E+01
     1485     3.000000000E+01    -1.777777778E+02     4.720000000E+01
     1486     3.500000000E+01    -1.777777778E+02     4.720000000E+01
     1487     4.000000000E+01    -1.777777778E+02     4.720000000E+01
     1488     4.500000000E+01    -1.777777778E+02     4.720000000E+01
     1489     5.000000000E+01    -1.777777778E+02     4.720000000E+01
     1490     5.500000000E+01    -1.777777778E+02     4.720000000E+01
     1491     1.500000000E+01    -1.666666667E+02     4.720000000E+01
     1492     2.000000000E+01    -1.666666667E+02     4.720000000E+01
     1493     2.500000000E+01    -1.666666667E+02     4.720000000E+01
     1494     3.000000000E+01    -1.666666667E+02     4.720000000E+01
     1495     3.500000000E+01    -1.666666667E+02     4.720000000E+01
     1496     4.000000000E+01    -1.666666667E+02     4.720000000E+01
     1497     4.500000000E+01    -1.666666667E+02     4.720000000E+01
     1498     5.000000000E+01    -1.666666667E+02     4.720000000E+01
     1499     5.500000000E+01    -1.666666667E+02     4.720000000E+01
     1500     1.500000000E+01    -1.555555556E+02     4.720000000E+01
     1501     2.000000000E+01    -1.555555556E+02     4.720000000E+01
     1502     2.500000000E+01    -1.555555556E+02     4.720000000E+01
     1503     3.000000000E+01    -1.555555556E+02     4.720000000E+01
     1504     3.500000000E+01    -1.555555556E+02     4.720000000E+01
     1505     4.000000000E+01    -1.555555556E+02     4.720000000E+01
     1506     4.500000000E+01    -1.555555556E+02     4.720000000E+01
     1507     5.000000000E+01    -1.555555556E+02     4.720000000E+01
     1508     5.500000000E+01    -1.555555556E+02     4.720000000E+01
     1509     1.500000000E+01    -1.444444444E+02     4.720000000E+01
     1510     2.000000000E+01    -1.444444444E+02     4.720000000E+01
     1511     2.500000000E+01    -1.444444444E+02     4.720000000E+01
     1512     3.000000000E+01    -1.444444444E+02     4.720000000E+01
     1513     3.500000000E+01    -1.444444444E+02     4.720000000E+01
     1514     4.000000000E+01    -1.444444444E+02     4.720000000E+01
     1515     4.500000000E+01    -1.444444444E+02     4.720000000E+01
     1516     5.000000000E+01    -1.444444444E+02     4.720000000E+01
     1517     5.500000000E+01    -1.444444444E+02     4.720000000E+01
     1518     1.500000000E+01    -1.333333333E+02     4.720000000E+01
     1519     2.000000000E+01    -1.333333333E+02     4.720000000E+01
     1520     2.500000000E+01    -1.333333333E+02     4.720000000E+01
     1521     3.000000000E+01    -1.333333333E+02     4.720000000E+01
     1522     3.500000000E+01    -1.333333333E+02     4.720000000E+01
     1523     4.000000000E+01    -1.333333333E+02     4.720000000E+01
     1524     4.500000000E+01    -1.333333333E+02     4.720000000E+01
     1525     5.000000000E+01    -1.333333333E+02     4.720000000E+01
     1526     5.500000000E+01    -1.333333333E+02     4.720000000E+01
     1527     1.500000000E+01    -1.222222222E+02     4.720000000E+01
     1528     2.000000000E+01    -1.222222222E+02     4.720000000E+01
     1529     2.500000000E+01    -1.222222222E+02     4.720000000E+01
     1530     3.000000000E+01    -1.222222222E+02     4.720000000E+01
     1531     3.500000000E+01    -1.222222222E+02     4.720000000E+01
     1532     4.000000000E+01    -1.222222222E+02     4.720000000E+01
     1533     4.500000000E+01    -1.222222222E+02     4.720000000E+01
     1534     5.000000000E+01    -1.222222222E+02     4.720000000E+01
     1535     5.500000000E+01    -1.222222222E+02     4.720000000E+01
     1536     1.500000000E+01    -1.111111111E+02     4.720000000E+01
     1537     2.000000000E+01    -1.111111111E+02     4.720000000E+01
     1538     2.500000000E+01    -1.111111111E+02     4.720000000E+01
     1539     3.000000000E+01    -1.111111111E+02     4.720000000E+01
     1540     3.500000000E+01    -1.111111111E+02     4.720000000E+01
     1541     4.000000000E+01    -1.111111111E+02     4.720000000E+01
     1542     4.500000000E+01    -1.111111111E+02     4.720000000E+01
     1543     5.000000000E+01    -1.111111111E+02     4.720000000E+01
     1544     5.500000000E+01    -1.111111111E+02     4.720000000E+01
     1545     1.500000000E+01    -1.000000000E+02     4.720000000E+01
     1546     2.000000000E+01    -1.000000000E+02     4.720000000E+01
     1547     2.500000000E+01    -1.000000000E+02     4.720000000E+01
     1548     3.000000000E+01    -1.000000000E+02     4.720000000E+01
     1549     3.500000000E+01    -1.000000000E+02     4.720000000E+01
     1550     4.000000000E+01    -1.000000000E+02     4.720000000E+01
     1551     4.500000000E+01    -1.000000000E+02     4.720000000E+01
     1552     5.000000000E+01    -1.000000000E+02     4.720000000E+01
     1553     5.500000000E+01    -1.000000000E+02     4.720000000E+01
     1554     1.500000000E+01    -8.888888889E+01     4.720000000E+01
     1555     2.000000000E+01    -8.888888889E+01     4.720000000E+01
     1556     2.500000000E+01    -8.888888889E+01     4.720000000E+01
     1557     3.000000000E+01    -8.888888889E+01     4.720000000E+01
     1558     3.500000000E+01    -8.888888889E+01     4.720000000E+01
     1559     4.000000000E+01    -8.888888889E+01     4.720000000E+01
     1560     4.500000000E+01    -8.888888889E+01     4.720000000E+01
     1561     5.000000000E+01    -8.888888889E+01     4.720000000E+01
     1562     5.500000000E+01    -8.888888889E+01     4.720000000E+01
     1563     1.500000000E+01    -7.777777778E+01     4.720000000E+01
     1564     2.000000000E+01    -7.777777778E+01     4.720000000E+01
     1565     2.500000000E+01    -7.777777778E+01     4.720000000E+01
     1566     3.000000000E+01    -7.777777778E+01     4.720000000E+01
     1567     3.500000000E+01    -7.777777778E+01     4.720000000E+01
     1568     4.000000000E+01    -7.777777778E+01     4.720000000E+01
     1569     4.500000000E+01    -7.777777778E+01     4.720000000E+01
     1570     5.000000000E+01    -7.777777778E+01     4.720000000E+01
     1571     5.500000000E+01    -7.777777778E+01     4.720000000E+01
     1572     1.500000000E+01    -6.666666667E+01     4.720000000E+01
     1573     2.000000000E+01    -6.666666667E+01     4.720000000E+01
     1574     2.500000000E+01    -6.666666667E+01     4.720000000E+01
     1575     3.000000000E+01    -6.666666667E+01     4.720000000E+01
     1576     3.500000000E+01    -6.666666667E+01     4.720000000E+01
     1577     4.000000000E+01    -6.666666667E+01     4.720000000E+01
     1578     4.500000000E+01    -6.666666667E+01     4.720000000E+01
     1579     5.000000000E+01    -6.666666667E+01     4.720000000E+01
     1580     5.500000000E+01    -6.666666667E+01     4.720000000E+01
     1581     1.500000000E+01    -5.555555556E+01     4.720000000E+01
     1582     2.000000000E+01    -5.555555556E+01     4.720000000E+01
     1583     2.500000000E+01    -5.555555556E+01     4.720000000E+01
     1584     3.000000000E+01    -5.555555556E+01     4.720000000E+01
     1585     3.500000000E+01    -5.555555556E+01     4.720000000E+01
     1586     4.000000000E+01    -5.555555556E+01     4.720000000E+01
     1587     4.500000000E+01    -5.555555556E+01     4.720000000E+01
     1588     5.000000000E+01    -5.555555556E+01     4.720000000E+01
     1589     5.500000000E+01    -5.555555556E+01     4.720000000E+01
     1590     1.500000000E+01    -4.444444444E+01     4.720000000E+01
     1591     2.000000000E+01    -4.444444444E+01     4.720000000E+01
     1592     2.500000000E+01    -4.444444444E+01     4.720000000E+01
     1593     3.000000000E+01    -4.444444444E+01     4.720000000E+01
     1594     3.500000000E+01    -4.444444444E+01     4.720000000E+01
     1595     4.000000000E+01    -4.444444444E+01     4.720000000E+01
     1596     4.500000000E+01    -4.444444444E+01     4.720000000E+01
     1597     5.000000000E+01    -4.444444444E+01     4.720000000E+01
     1598     5.500000000E+01    -4.444444444E+01     4.720000000E+01
     1599     1.500000000E+01    -3.333333333E+01     4.720000000E+01
     1600     2.000000000E+01    -3.333333333E+01     4.720000000E+01
     1601     2.500000000E+01    -3.333333333E+01     4.720000000E+01
     1602     3.000000000E+01    -3.333333333E+01     4.720000000E+01
     1603     3.500000000E+01    -3.333333333E+01     4.720000000E+01
     1604     4.000000000E+01    -3.333333333E+01     4.720000000E+01
     1605     4.500000000E+01    -3.333333333E+01     4.720000000E+01
     1606     5.000000000E+01    -3.333333333E+01     4.720000000E+01
     1607     5.500000000E+01    -3.333333333E+01     4.720000000E+01
     1608     1.500000000E+01    -2.222222222E+01     4.720000000E+01
     1609     2.000000000E+01    -2.222222222E+01     4.720000000E+01
     1610     2.500000000E+01    -2.222222222E+01     4.720000000E+01
     1611     3.000000000E+01    -2.222222222E+01     4.720000000E+01
     1612     3.500000000E+01    -2.222222222E+01     4.720000000E+01
     1613     4.000000000E+01    -2.222222222E+01     4.720000000E+01
     1614     4.500000000E+01    -2.222222222E+01     4.720000000E+01
     1615     5.000000000E+01    -2.222222222E+01     4.720000000E+01
     1616     5.500000000E+01    -2.222222222E+01     4.720000000E+01
     1617     1.500000000E+01    -1.111111111E+01     4.720000000E+01
     1618     2.000000000E+01    -1.111111111E+01     4.720000000E+01
     1619     2.500000000E+01    -1.111111111E+01     4.720000000E+01
     1620     3.000000000E+01    -1.111111111E+01     4.720000000E+01
     1621     3.500000000E+01    -1.111111111E+01     4.720000000E+01
     1622     4.000000000E+01    -1.111111111E+01     4.720000000E+01
     1623     4.500000000E+01    -1.111111111E+01     4.720000000E+01
     1624     5.000000000E+01    -1.111111111E+01     4.720000000E+01
     1625     5.500000000E+01    -1.111111111E+01     4.720000000E+01
     1626     5.500000000E+01     0.000000000E+00     4.720000000E+01
     1627     5.000000000E+01     0.000000000E+00     4.720000000E+01
     1628     4.500000000E+01     0.000000000E+00     4.720000000E+01
     1629     4.000000000E+01     0.000000000E+00     4.720000000E+01
     1630     3.500000000E+01     0.000000000E+00     4.720000000E+01
     1631     3.000000000E+01     0.000000000E+00     4.720000000E+01
     1632     2.500000000E+01     0.000000000E+00     4.720000000E+01
     1633     2.000000000E+01     0.000000000E+00     4.720000000E+01
     1634     1.500000000E+01     0.000000000E+00     4.720000000E+01
     1635     1.750000000E+01    -2.000000000E+02     4.720000000E+01
     1636     1.250000000E+01    -2.000000000E+02     4.720000000E+01
     1637     1.500000000E+01    -2.000000000E+02     4.860000000E+01
     1638     1.500000000E+01    -1.944444444E+02     4.720000000E+01
     1639     2.250000000E+01    -2.000000000E+02     4.720000000E+01
     1640     2.000000000E+01    -2.000000000E+02     4.860000000E+01
     1641     2.000000000E+01    -1.944444444E+02     4.720000000E+01
     1642     2.750000000E+01    -2.000000000E+02     4.720000000E+01
     1643     2.500000000E+01    -2.000000000E+02     4.860000000E+01
     1644     2.500000000E+01    -1.944444444E+02     4.720000000E+01
     1645     3.250000000E+01    -2.000000000E+02     4.720000000E+01
     1646     3.000000000E+01    -2.000000000E+02     4.860000000E+01
     1647     3.000000000E+01    -1.944444444E+02     4.720000000E+01
     1648     3.750000000E+01    -2.000000000E+02     4.720000000E+01
     1649     3.500000000E+01    -2.000000000E+02     4.860000000E+01
     1650     3.500000000E+01    -1.944444444E+02     4.720000000E+01
     1651     4.250000000E+01    -2.000000000E+02     4.720000000E+01
     1652     4.000000000E+01    -2.000000000E+02     4.860000000E+01
     1653     4.000000000E+01    -1.944444444E+02     4.720000000E+01
     1654     4.750000000E+01    -2.000000000E+02     4.720000000E+01
     1655     4.500000000E+01    -2.000000000E+02     4.860000000E+01
     1656     4.500000000E+01    -1.944444444E+02     4.720000000E+01
     1657     5.250000000E+01    -2.000000000E+02     4.720000000E+01
     1658     5.000000000E+01    -2.000000000E+02     4.860000000E+01
     1659     5.000000000E+01    -1.944444444E+02     4.720000000E+01
     1660     5.500000000E+01    -2.000000000E+02     4.860000000E+01
     1661     5.750000000E+01    -2.000000000E+02     4.720000000E+01
     1662     5.500000000E+01    -1.944444444E+02     4.720000000E+01
     1663     8.595349681E+00    -2.000000000E+02     4.706165402E+01
     1664     1.000000000E+01    -2.000000000E+02     4.860000000E+01
     1665     1.000000000E+01    -1.944444444E+02     4.720000000E+01
     1666     5.999894322E+00    -2.000000000E+02     4.598658121E+01
     1667     6.708922482E+00    -2.000000000E+02     4.794536398E+01
     1668     7.244679287E+00    -1.944444444E+02     4.665193263E+01
     1669     4.013418791E+00    -2.000000000E+02     4.400010568E+01
     1670     3.918881682E+00    -2.000000000E+02     4.608111832E+01
     1671     4.908831175E+00    -1.944444444E+02     4.509116882E+01
     1672     2.938345981E+00    -2.000000000E+02     4.140465032E+01
     1673     2.054636020E+00    -2.000000000E+02     4.329107752E+01
     1674     3.348067366E+00    -1.944444444E+02     4.275532071E+01
     1675     2.800000000E+00    -2.000000000E+02    -3.142857143E+01
     1676     2.800000000E+00    -2.000000000E+02    -3.714285714E+01
     1677     1.400000000E+00    -2.000000000E+02    -3.428571429E+01
     1678     2.800000000E+00    -1.944444444E+02    -3.428571429E+01
     1679     2.800000000E+00    -2.000000000E+02    -2.571428571E+01
     1680     1.400000000E+00    -2.000000000E+02    -2.857142857E+01
     1681     2.800000000E+00    -1.944444444E+02    -2.857142857E+01
     1682     2.800000000E+00    -2.000000000E+02    -2.000000000E+01
     1683     1.400000000E+00    -2.000000000E+02    -2.285714286E+01
     1684     2.800000000E+00    -1.944444444E+02    -2.285714286E+01
     1685     2.800000000E+00    -2.000000000E+02    -1.428571429E+01
     1686     1.400000000E+00    -2.000000000E+02    -1.714285714E+01
     1687     2.800000000E+00    -1.944444444E+02    -1.714285714E+01
     1688     2.800000000E+00    -2.000000000E+02    -8.571428571E+00
     1689     1.400000000E+00    -2.000000000E+02    -1.142857143E+01
     1690     2.800000000E+00    -1.944444444E+02    -1.142857143E+01
     1691     2.800000000E+00    -2.000000000E+02    -2.857142857E+00
     1692     1.400000000E+00    -2.000000000E+02    -5.714285714E+00
     1693     2.800000000E+00    -1.944444444E+02    -5.714285714E+00
     1694     2.800000000E+00    -2.000000000E+02     2.857142857E+00
     1695     1.400000000E+00    -2.000000000E+02     0.000000000E+00
     1696     2.800000000E+00    -1.944444444E+02     0.000000000E+00
     1697     2.800000000E+00    -2.000000000E+02     8.571428571E+00
     1698     1.400000000E+00    -2.000000000E+02     5.714285714E+00
     1699     2.800000000E+00    -1.944444444E+02     5.714285714E+00
     1700     2.800000000E+00    -2.000000000E+02     1.428571429E+01
     1701     1.400000000E+00    -2.000000000E+02     1.142857143E+01
     1702     2.800000000E+00    -1.944444444E+02     1.142857143E+01
     1703     2.800000000E+00    -2.000000000E+02     2.000000000E+01
     1704     1.400000000E+00    -2.000000000E+02     1.714285714E+01
     1705     2.800000000E+00    -1.944444444E+02     1.714285714E+01
     1706     2.800000000E+00    -2.000000000E+02     2.571428571E+01
     1707     1.400000000E+00    -2.000000000E+02     2.285714286E+01
     1708     2.800000000E+00    -1.944444444E+02     2.285714286E+01
     1709     2.800000000E+00    -2.000000000E+02     3.142857143E+01
     1710     1.400000000E+00    -2.000000000E+02     2.857142857E+01
     1711     2.800000000E+00    -1.944444444E+02     2.857142857E+01
     1712     2.800000000E+00    -2.000000000E+02     3.714285714E+01
     1713     1.400000000E+00    -2.000000000E+02     3.428571429E+01
     1714     2.800000000E+00    -1.944444444E+02     3.428571429E+01
     1715     1.400000000E+00    -2.000000000E+02     4.000000000E+01
     1716     2.800000000E+00    -1.944444444E+02     4.000000000E+01
     1717     2.938345981E+00    -2.000000000E+02    -4.140465032E+01
     1718     1.400000000E+00    -2.000000000E+02    -4.000000000E+01
     1719     2.800000000E+00    -1.944444444E+02    -4.000000000E+01
     1720     4.013418791E+00    -2.000000000E+02    -4.400010568E+01
     1721     2.054636020E+00    -2.000000000E+02    -4.329107752E+01
     1722     3.348067366E+00    -1.944444444E+02    -4.275532071E+01
     1723     5.999894322E+00    -2.000000000E+02    -4.598658121E+01
     1724     3.918881682E+00    -2.000000000E+02    -4.608111832E+01
     1725     4.908831175E+00    -1.944444444E+02    -4.509116882E+01
     1726     8.595349681E+00    -2.000000000E+02    -4.706165402E+01
     1727     6.708922482E+00    -2.000000000E+02    -4.794536398E+01
     1728     7.244679287E+00    -1.944444444E+02    -4.665193263E+01
     1729     5.250000000E+01    -2.000000000E+02    -4.720000000E+01
     1730     5.750000000E+01    -2.000000000E+02    -4.720000000E+01
     1731     5.500000000E+01    -2.000000000E+02    -4.860000000E+01
     1732     5.500000000E+01    -1.944444444E+02    -4.720000000E+01
     1733     4.750000000E+01    -2.000000000E+02    -4.720000000E+01
     1734     5.000000000E+01    -2.000000000E+02    -4.860000000E+01
     1735     5.000000000E+01    -1.944444444E+02    -4.720000000E+01
     1736     4.250000000E+01    -2.000000000E+02    -4.720000000E+01
     1737     4.500000000E+01    -2.000000000E+02    -4.860000000E+01
     1738     4.500000000E+01    -1.944444444E+02    -4.720000000E+01
     1739     3.750000000E+01    -2.000000000E+02    -4.720000000E+01
     1740     4.000000000E+01    -2.000000000E+02    -4.860000000E+01
     1741     4.000000000E+01    -1.944444444E+02    -4.720000000E+01
     1742     3.250000000E+01    -2.000000000E+02    -4.720000000E+01
     1743     3.500000000E+01    -2.000000000E+02    -4.860000000E+01
     1744     3.500000000E+01    -1.944444444E+02    -4.720000000E+01
     1745     2.750000000E+01    -2.000000000E+02    -4.720000000E+01
     1746     3.000000000E+01    -2.000000000E+02    -4.860000000E+01
     1747     3.000000000E+01    -1.944444444E+02    -4.720000000E+01
     1748     2.250000000E+01    -2.000000000E+02    -4.720000000E+01
     1749     2.500000000E+01    -2.000000000E+02    -4.860000000E+01
     1750     2.500000000E+01    -1.944444444E+02    -4.720000000E+01
     1751     1.750000000E+01    -2.000000000E+02    -4.720000000E+01
     1752     2.000000000E+01    -2.000000000E+02    -4.860000000E+01
     1753     2.000000000E+01    -1.944444444E+02    -4.720000000E+01
     1754     1.250000000E+01    -2.000000000E+02    -4.720000000E+01
     1755     1.500000000E+01    -2.000000000E+02    -4.860000000E+01
     1756     1.500000000E+01    -1.944444444E+02    -4.720000000E+01
     1757     1.000000000E+01    -2.000000000E+02    -4.860000000E+01
     1758     1.000000000E+01    -1.944444444E+02    -4.720000000E+01
     1759     6.000000000E+01    -2.000000000E+02    -4.860000000E+01
     1760     6.000000000E+01    -1.944444444E+02    -4.720000000E+01
     1761     1.750000000E+01    -2.000000000E+02    -5.000000000E+01
     1762     1.250000000E+01    -2.000000000E+02    -5.000000000E+01
     1763     1.500000000E+01    -1.944444444E+02    -5.000000000E+01
     1764     2.250000000E+01    -2.000000000E+02    -5.000000000E+01
     1765     2.000000000E+01    -1.944444444E+02    -5.000000000E+01
     1766     2.750000000E+01    -2.000000000E+02    -5.000000000E+01
     1767     2.500000000E+01    -1.944444444E+02    -5.000000000E+01
     1768     3.250000000E+01    -2.000000000E+02    -5.000000000E+01
     1769     3.000000000E+01    -1.944444444E+02    -5.000000000E+01
     1770     3.750000000E+01    -2.000000000E+02    -5.000000000E+01
     1771     3.500000000E+01    -1.944444444E+02    -5.000000000E+01
     1772     4.250000000E+01    -2.000000000E+02    -5.000000000E+01
     1773     4.000000000E+01    -1.944444444E+02    -5.000000000E+01
     1774     4.750000000E+01    -2.000000000E+02    -5.000000000E+01
     1775     4.500000000E+01    -1.944444444E+02    -5.000000000E+01
     1776     5.250000000E+01    -2.000000000E+02    -5.000000000E+01
     1777     5.000000000E+01    -1.944444444E+02    -5.000000000E+01
     1778     5.750000000E+01    -2.000000000E+02    -5.000000000E+01
     1779     5.500000000E+01    -1.944444444E+02    -5.000000000E+01
     1780     6.000000000E+01    -1.944444444E+02    -5.000000000E+01
     1781     1.685303877E+00    -2.000000000E+02    -4.555570233E+01
     1782     1.921471960E-01    -2.000000000E+02    -4.195090322E+01
     1783     7.612046749E-01    -1.944444444E+02    -4.382683432E+01
     1784     4.444297670E+00    -2.000000000E+02    -4.831469612E+01
     1785     2.928932188E+00    -1.944444444E+02    -4.707106781E+01
     1786     8.049096780E+00    -2.000000000E+02    -4.980785280E+01
     1787     1.000000000E+01    -1.944444444E+02    -5.000000000E+01
     1788     6.173165676E+00    -1.944444444E+02    -4.923879533E+01
     1789    -1.473536323E-14    -2.000000000E+02     3.142857143E+01
     1790    -1.466519139E-14    -2.000000000E+02     3.714285714E+01
     1791    -1.323050913E-14    -1.944444444E+02     3.428571429E+01
     1792    -1.480553508E-14    -2.000000000E+02     2.571428571E+01
     1793    -1.183091278E-14    -1.944444444E+02     2.857142857E+01
     1794    -1.487570692E-14    -2.000000000E+02     2.000000000E+01
     1795    -1.043131644E-14    -1.944444444E+02     2.285714286E+01
     1796    -1.494587877E-14    -2.000000000E+02     1.428571429E+01
     1797    -9.031720100E-15    -1.944444444E+02     1.714285714E+01
     1798    -1.501605061E-14    -2.000000000E+02     8.571428571E+00
     1799    -7.632123758E-15    -1.944444444E+02     1.142857143E+01
     1800    -1.508622245E-14    -2.000000000E+02     2.857142857E+00
     1801    -6.232527416E-15    -1.944444444E+02     5.714285714E+00
     1802    -1.515639430E-14    -2.000000000E+02    -2.857142857E+00
     1803    -4.832931074E-15    -1.944444444E+02     2.837684644E-30
     1804    -1.522656614E-14    -2.000000000E+02    -8.571428571E+00
     1805    -3.433334732E-15    -1.944444444E+02    -5.714285714E+00
     1806    -1.529673799E-14    -2.000000000E+02    -1.428571429E+01
     1807    -2.033738390E-15    -1.944444444E+02    -1.142857143E+01
     1808    -1.536690983E-14    -2.000000000E+02    -2.000000000E+01
     1809    -6.341420485E-16    -1.944444444E+02    -1.714285714E+01
     1810    -1.543708167E-14    -2.000000000E+02    -2.571428571E+01
     1811     7.654542934E-16    -1.944444444E+02    -2.285714286E+01
     1812    -1.550725352E-14    -2.000000000E+02    -3.142857143E+01
     1813     2.165050635E-15    -1.944444444E+02    -2.857142857E+01
     1814    -1.557742536E-14    -2.000000000E+02    -3.714285714E+01
     1815     3.564646977E-15    -1.944444444E+02    -3.428571429E+01
     1816    -1.561251128E-14    -1.944444444E+02    -4.000000000E+01
     1817     4.444297670E+00    -2.000000000E+02     4.831469612E+01
     1818     8.049096780E+00    -2.000000000E+02     4.980785280E+01
     1819     6.173165676E+00    -1.944444444E+02     4.923879533E+01
     1820     1.685303877E+00    -2.000000000E+02     4.555570233E+01
     1821     2.928932188E+00    -1.944444444E+02     4.707106781E+01
     1822     1.921471960E-01    -2.000000000E+02     4.195090322E+01
     1823    -1.463010547E-14    -1.944444444E+02     4.000000000E+01
     1824     7.612046749E-01    -1.944444444E+02     4.382683432E+01
     1825     5.250000000E+01    -2.000000000E+02     5.000000000E+01
     1826     5.750000000E+01    -2.000000000E+02     5.000000000E+01
     1827     5.500000000E+01    -1.944444444E+02     5.000000000E+01
     1828     4.750000000E+01    -2.000000000E+02     5.000000000E+01
     1829     5.000000000E+01    -1.944444444E+02     5.000000000E+01
     1830     4.250000000E+01    -2.000000000E+02     5.000000000E+01
     1831     4.500000000E+01    -1.944444444E+02     5.000000000E+01
     1832     3.750000000E+01    -2.000000000E+02     5.000000000E+01
     1833     4.000000000E+01    -1.944444444E+02     5.000000000E+01
     1834     3.250000000E+01    -2.000000000E+02     5.000000000E+01
     1835     3.500000000E+01    -1.944444444E+02     5.000000000E+01
     1836     2.750000000E+01    -2.000000000E+02     5.000000000E+01
     1837     3.000000000E+01    -1.944444444E+02     5.000000000E+01
     1838     2.250000000E+01    -2.000000000E+02     5.000000000E+01
     1839     2.500000000E+01    -1.944444444E+02     5.000000000E+01
     1840     1.750000000E+01    -2.000000000E+02     5.000000000E+01
     1841     2.000000000E+01    -1.944444444E+02     5.000000000E+01
     1842     1.250000000E+01    -2.000000000E+02     5.000000000E+01
     1843     1.500000000E+01    -1.944444444E+02     5.000000000E+01
     1844     1.000000000E+01    -1.944444444E+02     5.000000000E+01
     1845     6.000000000E+01    -2.000000000E+02     4.860000000E+01
     1846     6.000000000E+01    -1.944444444E+02     4.720000000E+01
     1847     6.000000000E+01    -1.944444444E+02     5.000000000E+01
     1848     6.000000000E+01    -5.555555556E+00     4.720000000E+01
     1849     6.000000000E+01     0.000000000E+00     4.860000000E+01
     1850     5.750000000E+01     0.000000000E+00     4.720000000E+01
     1851     6.000000000E+01    -1.666666667E+01     4.720000000E+01
     1852     6.000000000E+01    -1.111111111E+01     4.860000000E+01
     1853     5.750000000E+01    -1.111111111E+01     4.720000000E+01
     1854     6.000000000E+01    -2.777777778E+01     4.720000000E+01
     1855     6.000000000E+01    -2.222222222E+01     4.860000000E+01
     1856     5.750000000E+01    -2.222222222E+01     4.720000000E+01
     1857     6.000000000E+01    -3.888888889E+01     4.720000000E+01
     1858     6.000000000E+01    -3.333333333E+01     4.860000000E+01
     1859     5.750000000E+01    -3.333333333E+01     4.720000000E+01
     1860     6.000000000E+01    -5.000000000E+01     4.720000000E+01
     1861     6.000000000E+01    -4.444444444E+01     4.860000000E+01
     1862     5.750000000E+01    -4.444444444E+01     4.720000000E+01
     1863     6.000000000E+01    -6.111111111E+01     4.720000000E+01
     1864     6.000000000E+01    -5.555555556E+01     4.860000000E+01
     1865     5.750000000E+01    -5.555555556E+01     4.720000000E+01
     1866     6.000000000E+01    -7.222222222E+01     4.720000000E+01
     1867     6.000000000E+01    -6.666666667E+01     4.860000000E+01
     1868     5.750000000E+01    -6.666666667E+01     4.720000000E+01
     1869     6.000000000E+01    -8.333333333E+01     4.720000000E+01
     1870     6.000000000E+01    -7.777777778E+01     4.860000000E+01
     1871     5.750000000E+01    -7.777777778E+01     4.720000000E+01
     1872     6.000000000E+01    -9.444444444E+01     4.720000000E+01
     1873     6.000000000E+01    -8.888888889E+01     4.860000000E+01
     1874     5.750000000E+01    -8.888888889E+01     4.720000000E+01
     1875     6.000000000E+01    -1.055555556E+02     4.720000000E+01
     1876     6.000000000E+01    -1.000000000E+02     4.860000000E+01
     1877     5.750000000E+01    -1.000000000E+02     4.720000000E+01
     1878     6.000000000E+01    -1.166666667E+02     4.720000000E+01
     1879     6.000000000E+01    -1.111111111E+02     4.860000000E+01
     1880     5.750000000E+01    -1.111111111E+02     4.720000000E+01
     1881     6.000000000E+01    -1.277777778E+02     4.720000000E+01
     1882     6.000000000E+01    -1.222222222E+02     4.860000000E+01
     1883     5.750000000E+01    -1.222222222E+02     4.720000000E+01
     1884     6.000000000E+01    -1.388888889E+02     4.720000000E+01
     1885     6.000000000E+01    -1.333333333E+02     4.860000000E+01
     1886     5.750000000E+01    -1.333333333E+02     4.720000000E+01
     1887     6.000000000E+01    -1.500000000E+02     4.720000000E+01
     1888     6.000000000E+01    -1.444444444E+02     4.860000000E+01
     1889     5.750000000E+01    -1.444444444E+02     4.720000000E+01
     1890     6.000000000E+01    -1.611111111E+02     4.720000000E+01
     1891     6.000000000E+01    -1.555555556E+02     4.860000000E+01
     1892     5.750000000E+01    -1.555555556E+02     4.720000000E+01
     1893     6.000000000E+01    -1.722222222E+02     4.720000000E+01
     1894     6.000000000E+01    -1.666666667E+02     4.860000000E+01
     1895     5.750000000E+01    -1.666666667E+02     4.720000000E+01
     1896     6.000000000E+01    -1.833333333E+02     4.720000000E+01
     1897     6.000000000E+01    -1.777777778E+02     4.860000000E+01
     1898     5.750000000E+01    -1.777777778E+02     4.720000000E+01
     1899     6.000000000E+01    -1.888888889E+02     4.860000000E+01
     1900     5.750000000E+01    -1.888888889E+02     4.720000000E+01
     1901     6.000000000E+01    -5.555555556E+00     5.000000000E+01
     1902     5.750000000E+01     0.000000000E+00     5.000000000E+01
     1903     6.000000000E+01    -1.666666667E+01     5.000000000E+01
     1904     5.750000000E+01    -1.111111111E+01     5.000000000E+01
     1905     6.000000000E+01    -2.777777778E+01     5.000000000E+01
     1906     5.750000000E+01    -2.222222222E+01     5.000000000E+01
     1907     6.000000000E+01    -3.888888889E+01     5.000000000E+01
     1908     5.750000000E+01    -3.333333333E+01     5.000000000E+01
     1909     6.000000000E+01    -5.000000000E+01     5.000000000E+01
     1910     5.750000000E+01    -4.444444444E+01     5.000000000E+01
     1911     6.000000000E+01    -6.111111111E+01     5.000000000E+01
     1912     5.750000000E+01    -5.555555556E+01     5.000000000E+01
     1913     6.000000000E+01    -7.222222222E+01     5.000000000E+01
     1914     5.750000000E+01    -6.666666667E+01     5.000000000E+01
     1915     6.000000000E+01    -8.333333333E+01     5.000000000E+01
     1916     5.750000000E+01    -7.777777778E+01     5.000000000E+01
     1917     6.000000000E+01    -9.444444444E+01     5.000000000E+01
     1918     5.750000000E+01    -8.888888889E+01     5.000000000E+01
     1919     6.000000000E+01    -1.055555556E+02     5.000000000E+01
     1920     5.750000000E+01    -1.000000000E+02     5.000000000E+01
     1921     6.000000000E+01    -1.166666667E+02     5.000000000E+01
     1922     5.750000000E+01    -1.111111111E+02     5.000000000E+01
     1923     6.000000000E+01    -1.277777778E+02     5.000000000E+01
     1924     5.750000000E+01    -1.222222222E+02     5.000000000E+01
     1925     6.000000000E+01    -1.388888889E+02     5.000000000E+01
     1926     5.750000000E+01    -1.333333333E+02     5.000000000E+01
     1927     6.000000000E+01    -1.500000000E+02     5.000000000E+01
     1928     5.750000000E+01    -1.444444444E+02     5.000000000E+01
     1929     6.000000000E+01    -1.611111111E+02     5.000000000E+01
     1930     5.750000000E+01    -1.555555556E+02     5.000000000E+01
     1931     6.000000000E+01    -1.722222222E+02     5.000000000E+01
     1932     5.750000000E+01    -1.666666667E+02     5.000000000E+01
     1933     6.000000000E+01    -1.833333333E+02     5.000000000E+01
     1934     5.750000000E+01    -1.777777778E+02     5.000000000E+01
     1935     5.750000000E+01    -1.888888889E+02     5.000000000E+01
     1936     1.750000000E+01    -1.111111111E+01     5.000000000E+01
     1937     1.500000000E+01    -1.666666667E+01     5.000000000E+01
     1938     1.500000000E+01    -5.555555556E+00     5.000000000E+01
     1939     1.250000000E+01    -1.111111111E+01     5.000000000E+01
     1940     1.500000000E+01    -1.111111111E+01     4.860000000E+01
     1941     2.250000000E+01    -1.111111111E+01     5.000000000E+01
     1942     2.000000000E+01    -1.666666667E+01     5.000000000E+01
     1943     2.000000000E+01    -5.555555556E+00     5.000000000E+01
     1944     2.000000000E+01    -1.111111111E+01     4.860000000E+01
     1945     2.750000000E+01    -1.111111111E+01     5.000000000E+01
     1946     2.500000000E+01    -1.666666667E+01     5.000000000E+01
     1947     2.500000000E+01    -5.555555556E+00     5.000000000E+01
     1948     2.500000000E+01    -1.111111111E+01     4.860000000E+01
     1949     3.250000000E+01    -1.111111111E+01     5.000000000E+01
     1950     3.000000000E+01    -1.666666667E+01     5.000000000E+01
     1951     3.000000000E+01    -5.555555556E+00     5.000000000E+01
     1952     3.000000000E+01    -1.111111111E+01     4.860000000E+01
     1953     3.750000000E+01    -1.111111111E+01     5.000000000E+01
     1954     3.500000000E+01    -1.666666667E+01     5.000000000E+01
     1955     3.500000000E+01    -5.555555556E+00     5.000000000E+01
     1956     3.500000000E+01    -1.111111111E+01     4.860000000E+01
     1957     4.250000000E+01    -1.111111111E+01     5.000000000E+01
     1958     4.000000000E+01    -1.666666667E+01     5.000000000E+01
     1959     4.000000000E+01    -5.555555556E+00     5.000000000E+01
     1960     4.000000000E+01    -1.111111111E+01     4.860000000E+01
     1961     4.750000000E+01    -1.111111111E+01     5.000000000E+01
     1962     4.500000000E+01    -1.666666667E+01     5.000000000E+01
     1963     4.500000000E+01    -5.555555556E+00     5.000000000E+01
     1964     4.500000000E+01    -1.111111111E+01     4.860000000E+01
     1965     5.250000000E+01    -1.111111111E+01     5.000000000E+01
     1966     5.000000000E+01    -1.666666667E+01     5.000000000E+01
     1967     5.000000000E+01    -5.555555556E+00     5.000000000E+01
     1968     5.000000000E+01    -1.111111111E+01     4.860000000E+01
     1969     5.500000000E+01    -1.666666667E+01     5.000000000E+01
     1970     5.500000000E+01    -5.555555556E+00     5.000000000E+01
     1971     5.500000000E+01    -1.111111111E+01     4.860000000E+01
     1972     1.750000000E+01    -2.222222222E+01     5.000000000E+01
     1973     1.500000000E+01    -2.777777778E+01     5.000000000E+01
     1974     1.250000000E+01    -2.222222222E+01     5.000000000E+01
     1975     1.500000000E+01    -2.222222222E+01     4.860000000E+01
     1976     2.250000000E+01    -2.222222222E+01     5.000000000E+01
     1977     2.000000000E+01    -2.777777778E+01     5.000000000E+01
     1978     2.000000000E+01    -2.222222222E+01     4.860000000E+01
     1979     2.750000000E+01    -2.222222222E+01     5.000000000E+01
     1980     2.500000000E+01    -2.777777778E+01     5.000000000E+01
     1981     2.500000000E+01    -2.222222222E+01     4.860000000E+01
     1982     3.250000000E+01    -2.222222222E+01     5.000000000E+01
     1983     3.000000000E+01    -2.777777778E+01     5.000000000E+01
     1984     3.000000000E+01    -2.222222222E+01     4.860000000E+01
     1985     3.750000000E+01    -2.222222222E+01     5.000000000E+01
     1986     3.500000000E+01    -2.777777778E+01     5.000000000E+01
     1987     3.500000000E+01    -2.222222222E+01     4.860000000E+01
     1988     4.250000000E+01    -2.222222222E+01     5.000000000E+01
     1989     4.000000000E+01    -2.777777778E+01     5.000000000E+01
     1990     4.000000000E+01    -2.222222222E+01     4.860000000E+01
     1991     4.750000000E+01    -2.222222222E+01     5.000000000E+01
     1992     4.500000000E+01    -2.777777778E+01     5.000000000E+01
     1993     4.500000000E+01    -2.222222222E+01     4.860000000E+01
     1994     5.250000000E+01    -2.222222222E+01     5.000000000E+01
     1995     5.000000000E+01    -2.777777778E+01     5.000000000E+01
     1996     5.000000000E+01    -2.222222222E+01     4.860000000E+01
     1997     5.500000000E+01    -2.777777778E+01     5.000000000E+01
     1998     5.500000000E+01    -2.222222222E+01     4.860000000E+01
     1999     1.750000000E+01    -3.333333333E+01     5.000000000E+01
     2000     1.500000000E+01    -3.888888889E+01     5.000000000E+01
     2001     1.250000000E+01    -3.333333333E+01     5.000000000E+01
     2002     1.500000000E+01    -3.333333333E+01     4.860000000E+01
     2003     2.250000000E+01    -3.333333333E+01     5.000000000E+01
     2004     2.000000000E+01    -3.888888889E+01     5.000000000E+01
     2005     2.000000000E+01    -3.333333333E+01     4.860000000E+01
     2006     2.750000000E+01    -3.333333333E+01     5.000000000E+01
     2007     2.500000000E+01    -3.888888889E+01     5.000000000E+01
     2008     2.500000000E+01    -3.333333333E+01     4.860000000E+01
     2009     3.250000000E+01    -3.333333333E+01     5.000000000E+01
     2010     3.000000000E+01    -3.888888889E+01     5.000000000E+01
     2011     3.000000000E+01    -3.333333333E+01     4.860000000E+01
     2012     3.750000000E+01    -3.333333333E+01     5.000000000E+01
     2013     3.500000000E+01    -3.888888889E+01     5.000000000E+01
     2014     3.500000000E+01    -3.333333333E+01     4.860000000E+01
     2015     4.250000000E+01    -3.333333333E+01     5.000000000E+01
     2016     4.000000000E+01    -3.888888889E+01     5.000000000E+01
     2017     4.000000000E+01    -3.333333333E+01     4.860000000E+01
     2018     4.750000000E+01    -3.333333333E+01     5.000000000E+01
     2019     4.500000000E+01    -3.888888889E+01     5.000000000E+01
     2020     4.500000000E+01    -3.333333333E+01     4.860000000E+01
     2021     5.250000000E+01    -3.333333333E+01     5.000000000E+01
     2022     5.000000000E+01    -3.888888889E+01     5.000000000E+01
     2023     5.000000000E+01    -3.333333333E+01     4.860000000E+01
     2024     5.500000000E+01    -3.888888889E+01     5.000000000E+01
     2025     5.500000000E+01    -3.333333333E+01     4.860000000E+01
     2026     1.750000000E+01    -4.444444444E+01     5.000000000E+01
     2027     1.500000000E+01    -5.000000000E+01     5.000000000E+01
     2028     1.250000000E+01    -4.444444444E+01     5.000000000E+01
     2029     1.500000000E+01    -4.444444444E+01     4.860000000E+01
     2030     2.250000000E+01    -4.444444444E+01     5.000000000E+01
     2031     2.000000000E+01    -5.000000000E+01     5.000000000E+01
     2032     2.000000000E+01    -4.444444444E+01     4.860000000E+01
     2033     2.750000000E+01    -4.444444444E+01     5.000000000E+01
     2034     2.500000000E+01    -5.000000000E+01     5.000000000E+01
     2035     2.500000000E+01    -4.444444444E+01     4.860000000E+01
     2036     3.250000000E+01    -4.444444444E+01     5.000000000E+01
     2037     3.000000000E+01    -5.000000000E+01     5.000000000E+01
     2038     3.000000000E+01    -4.444444444E+01     4.860000000E+01
     2039     3.750000000E+01    -4.444444444E+01     5.000000000E+01
     2040     3.500000000E+01    -5.000000000E+01     5.000000000E+01
     2041     3.500000000E+01    -4.444444444E+01     4.860000000E+01
     2042     4.250000000E+01    -4.444444444E+01     5.000000000E+01
     2043     4.000000000E+01    -5.000000000E+01     5.000000000E+01
     2044     4.000000000E+01    -4.444444444E+01     4.860000000E+01
     2045     4.750000000E+01    -4.444444444E+01     5.000000000E+01
     2046     4.500000000E+01    -5.000000000E+01     5.000000000E+01
     2047     4.500000000E+01    -4.444444444E+01     4.860000000E+01
     2048     5.250000000E+01    -4.444444444E+01     5.000000000E+01
     2049     5.000000000E+01    -5.000000000E+01     5.000000000E+01
     2050     5.000000000E+01    -4.444444444E+01     4.860000000E+01
     2051     5.500000000E+01    -5.000000000E+01     5.000000000E+01
     2052     5.500000000E+01    -4.444444444E+01     4.860000000E+01
     2053     1.750000000E+01    -5.555555556E+01     5.000000000E+01
     2054     1.500000000E+01    -6.111111111E+01     5.000000000E+01
     2055     1.250000000E+01    -5.555555556E+01     5.000000000E+01
     2056     1.500000000E+01    -5.555555556E+01     4.860000000E+01
     2057     2.250000000E+01    -5.555555556E+01     5.000000000E+01
     2058     2.000000000E+01    -6.111111111E+01     5.000000000E+01
     2059     2.000000000E+01    -5.555555556E+01     4.860000000E+01
     2060     2.750000000E+01    -5.555555556E+01     5.000000000E+01
     2061     2.500000000E+01    -6.111111111E+01     5.000000000E+01
     2062     2.500000000E+01    -5.555555556E+01     4.860000000E+01
     2063     3.250000000E+01    -5.555555556E+01     5.000000000E+01
     2064     3.000000000E+01    -6.111111111E+01     5.000000000E+01
     2065     3.000000000E+01    -5.555555556E+01     4.860000000E+01
     2066     3.750000000E+01    -5.555555556E+01     5.000000000E+01
     2067     3.500000000E+01    -6.111111111E+01     5.000000000E+01
     2068     3.500000000E+01    -5.555555556E+01     4.860000000E+01
     2069     4.250000000E+01    -5.555555556E+01     5.000000000E+01
     2070     4.000000000E+01    -6.111111111E+01     5.000000000E+01
     2071     4.000000000E+01    -5.555555556E+01     4.860000000E+01
     2072     4.750000000E+01    -5.555555556E+01     5.000000000E+01
     2073     4.500000000E+01    -6.111111111E+01     5.000000000E+01
     2074     4.500000000E+01    -5.555555556E+01     4.860000000E+01
     2075     5.250000000E+01    -5.555555556E+01     5.000000000E+01
     2076     5.000000000E+01    -6.111111111E+01     5.000000000E+01
     2077     5.000000000E+01    -5.555555556E+01     4.860000000E+01
     2078     5.500000000E+01    -6.111111111E+01     5.000000000E+01
     2079     5.500000000E+01    -5.555555556E+01     4.860000000E+01
     2080     1.750000000E+01    -6.666666667E+01     5.000000000E+01
     2081     1.500000000E+01    -7.222222222E+01     5.000000000E+01
     2082     1.250000000E+01    -6.666666667E+01     5.000000000E+01
     2083     1.500000000E+01    -6.666666667E+01     4.860000000E+01
     2084     2.250000000E+01    -6.666666667E+01     5.000000000E+01
     2085     2.000000000E+01    -7.222222222E+01     5.000000000E+01
     2086     2.000000000E+01    -6.666666667E+01     4.860000000E+01
     2087     2.750000000E+01    -6.666666667E+01     5.000000000E+01
     2088     2.500000000E+01    -7.222222222E+01     5.000000000E+01
     2089     2.500000000E+01    -6.666666667E+01     4.860000000E+01
     2090     3.250000000E+01    -6.666666667E+01     5.000000000E+01
     2091     3.000000000E+01    -7.222222222E+01     5.000000000E+01
     2092     3.000000000E+01    -6.666666667E+01     4.860000000E+01
     2093     3.750000000E+01    -6.666666667E+01     5.000000000E+01
     2094     3.500000000E+01    -7.222222222E+01     5.000000000E+01
     2095     3.500000000E+01    -6.666666667E+01     4.860000000E+01
     2096     4.250000000E+01    -6.666666667E+01     5.000000000E+01
     2097     4.000000000E+01    -7.222222222E+01     5.000000000E+01
     2098     4.000000000E+01    -6.666666667E+01     4.860000000E+01
     2099     4.750000000E+01    -6.666666667E+01     5.000000000E+01
     2100     4.500000000E+01    -7.222222222E+01     5.000000000E+01
     2101     4.500000000E+01    -6.666666667E+01     4.860000000E+01
     2102     5.250000000E+01    -6.666666667E+01     5.000000000E+01
     2103     5.000000000E+01    -7.222222222E+01     5.000000000E+01
     2104     5.000000000E+01    -6.666666667E+01     4.860000000E+01
     2105     5.500000000E+01    -7.222222222E+01     5.000000000E+01
     2106     5.500000000E+01    -6.666666667E+01     4.860000000E+01
     2107     1.750000000E+01    -7.777777778E+01     5.000000000E+01
     2108     1.500000000E+01    -8.333333333E+01     5.000000000E+01
     2109     1.250000000E+01    -7.777777778E+01     5.000000000E+01
     2110     1.500000000E+01    -7.777777778E+01     4.860000000E+01
     2111     2.250000000E+01    -7.777777778E+01     5.000000000E+01
     2112     2.000000000E+01    -8.333333333E+01     5.000000000E+01
     2113     2.000000000E+01    -7.777777778E+01     4.860000000E+01
     2114     2.750000000E+01    -7.777777778E+01     5.000000000E+01
     2115     2.500000000E+01    -8.333333333E+01     5.000000000E+01
     2116     2.500000000E+01    -7.777777778E+01     4.860000000E+01
     2117     3.250000000E+01    -7.777777778E+01     5.000000000E+01
     2118     3.000000000E+01    -8.333333333E+01     5.000000000E+01
     2119     3.000000000E+01    -7.777777778E+01     4.860000000E+01
     2120     3.750000000E+01    -7.777777778E+01     5.000000000E+01
     2121     3.500000000E+01    -8.333333333E+01     5.000000000E+01
     2122     3.500000000E+01    -7.777777778E+01     4.860000000E+01
     2123     4.250000000E+01    -7.777777778E+01     5.000000000E+01
     2124     4.000000000E+01    -8.333333333E+01     5.000000000E+01
     2125     4.000000000E+01    -7.777777778E+01     4.860000000E+01
     2126     4.750000000E+01    -7.777777778E+01     5.000000000E+01
     2127     4.500000000E+01    -8.333333333E+01     5.000000000E+01
     2128     4.500000000E+01    -7.777777778E+01     4.860000000E+01
     2129     5.250000000E+01    -7.777777778E+01     5.000000000E+01
     2130     5.000000000E+01    -8.333333333E+01     5.000000000E+01
     2131     5.000000000E+01    -7.777777778E+01     4.860000000E+01
     2132     5.500000000E+01    -8.333333333E+01     5.000000000E+01
     2133     5.500000000E+01    -7.777777778E+01     4.860000000E+01
     2134     1.750000000E+01    -8.888888889E+01     5.000000000E+01
     2135     1.500000000E+01    -9.444444444E+01     5.000000000E+01
     2136     1.250000000E+01    -8.888888889E+01     5.000000000E+01
     2137     1.500000000E+01    -8.888888889E+01     4.860000000E+01
     2138     2.250000000E+01    -8.888888889E+01     5.000000000E+01
     2139     2.000000000E+01    -9.444444444E+01     5.000000000E+01
     2140     2.000000000E+01    -8.888888889E+01     4.860000000E+01
     2141     2.750000000E+01    -8.888888889E+01     5.000000000E+01
     2142     2.500000000E+01    -9.444444444E+01     5.000000000E+01
     2143     2.500000000E+01    -8.888888889E+01     4.860000000E+01
     2144     3.250000000E+01    -8.888888889E+01     5.000000000E+01
     2145     3.000000000E+01    -9.444444444E+01     5.000000000E+01
     2146     3.000000000E+01    -8.888888889E+01     4.860000000E+01
     2147     3.750000000E+01    -8.888888889E+01     5.000000000E+01
     2148     3.500000000E+01    -9.444444444E+01     5.000000000E+01
     2149     3.500000000E+01    -8.888888889E+01     4.860000000E+01
     2150     4.250000000E+01    -8.888888889E+01     5.000000000E+01
     2151     4.000000000E+01    -9.444444444E+01     5.000000000E+01
     2152     4.000000000E+01    -8.888888889E+01     4.860000000E+01
     2153     4.750000000E+01    -8.888888889E+01     5.000000000E+01
     2154     4.500000000E+01    -9.444444444E+01     5.000000000E+01
     2155     4.500000000E+01    -8.888888889E+01     4.860000000E+01
     2156     5.250000000E+01    -8.888888889E+01     5.000000000E+01
     2157     5.000000000E+01    -9.444444444E+01     5.000000000E+01
     2158     5.000000000E+01    -8.888888889E+01     4.860000000E+01
     2159     5.500000000E+01    -9.444444444E+01     5.000000000E+01
     2160     5.500000000E+01    -8.888888889E+01     4.860000000E+01
     2161     1.750000000E+01    -1.000000000E+02     5.000000000E+01
     2162     1.500000000E+01    -1.055555556E+02     5.000000000E+01
     2163     1.250000000E+01    -1.000000000E+02     5.000000000E+01
     2164     1.500000000E+01    -1.000000000E+02     4.860000000E+01
     2165     2.250000000E+01    -1.000000000E+02     5.000000000E+01
     2166     2.000000000E+01    -1.055555556E+02     5.000000000E+01
     2167     2.000000000E+01    -1.000000000E+02     4.860000000E+01
     2168     2.750000000E+01    -1.000000000E+02     5.000000000E+01
     2169     2.500000000E+01    -1.055555556E+02     5.000000000E+01
     2170     2.500000000E+01    -1.000000000E+02     4.860000000E+01
     2171     3.250000000E+01    -1.000000000E+02     5.000000000E+01
     2172     3.000000000E+01    -1.055555556E+02     5.000000000E+01
     2173     3.000000000E+01    -1.000000000E+02     4.860000000E+01
     2174     3.750000000E+01    -1.000000000E+02     5.000000000E+01
     2175     3.500000000E+01    -1.055555556E+02     5.000000000E+01
     2176     3.500000000E+01    -1.000000000E+02     4.860000000E+01
     2177     4.250000000E+01    -1.000000000E+02     5.000000000E+01
     2178     4.000000000E+01    -1.055555556E+02     5.000000000E+01
     2179     4.000000000E+01    -1.000000000E+02     4.860000000E+01
     2180     4.750000000E+01    -1.000000000E+02     5.000000000E+01
     2181     4.500000000E+01    -1.055555556E+02     5.000000000E+01
     2182     4.500000000E+01    -1.000000000E+02     4.860000000E+01
     2183     5.250000000E+01    -1.000000000E+02     5.000000000E+01
     2184     5.000000000E+01    -1.055555556E+02     5.000000000E+01
     2185     5.000000000E+01    -1.000000000E+02     4.860000000E+01
     2186     5.500000000E+01    -1.055555556E+02     5.000000000E+01
     2187     5.500000000E+01    -1.000000000E+02     4.860000000E+01
     2188     1.750000000E+01    -1.111111111E+02     5.000000000E+01
     2189     1.500000000E+01    -1.166666667E+02     5.000000000E+01
     2190     1.250000000E+01    -1.111111111E+02     5.000000000E+01
     2191     1.500000000E+01    -1.111111111E+02     4.860000000E+01
     2192     2.250000000E+01    -1.111111111E+02     5.000000000E+01
     2193     2.000000000E+01    -1.166666667E+02     5.000000000E+01
     2194     2.000000000E+01    -1.111111111E+02     4.860000000E+01
     2195     2.750000000E+01    -1.111111111E+02     5.000000000E+01
     2196     2.500000000E+01    -1.166666667E+02     5.000000000E+01
     2197     2.500000000E+01    -1.111111111E+02     4.860000000E+01
     2198     3.250000000E+01    -1.111111111E+02     5.000000000E+01
     2199     3.000000000E+01    -1.166666667E+02     5.000000000E+01
     2200     3.000000000E+01    -1.111111111E+02     4.860000000E+01
     2201     3.750000000E+01    -1.111111111E+02     5.000000000E+01
     2202     3.500000000E+01    -1.166666667E+02     5.000000000E+01
     2203     3.500000000E+01    -1.111111111E+02     4.860000000E+01
     2204     4.250000000E+01    -1.111111111E+02     5.000000000E+01
     2205     4.000000000E+01    -1.166666667E+02     5.000000000E+01
     2206     4.000000000E+01    -1.111111111E+02     4.860000000E+01
     2207     4.750000000E+01    -1.111111111E+02     5.000000000E+01
     2208     4.500000000E+01    -1.166666667E+02     5.000000000E+01
     2209     4.500000000E+01    -1.111111111E+02     4.860000000E+01
     2210     5.250000000E+01    -1.111111111E+02     5.000000000E+01
     2211     5.000000000E+01    -1.166666667E+02     5.000000000E+01
     2212     5.000000000E+01    -1.111111111E+02     4.860000000E+01
     2213     5.500000000E+01    -1.166666667E+02     5.000000000E+01
     2214     5.500000000E+01    -1.111111111E+02     4.860000000E+01
     2215     1.750000000E+01    -1.222222222E+02     5.000000000E+01
     2216     1.500000000E+01    -1.277777778E+02     5.000000000E+01
     2217     1.250000000E+01    -1.222222222E+02     5.000000000E+01
     2218     1.500000000E+01    -1.222222222E+02     4.860000000E+01
     2219     2.250000000E+01    -1.222222222E+02     5.000000000E+01
     2220     2.000000000E+01    -1.277777778E+02     5.000000000E+01
     2221     2.000000000E+01    -1.222222222E+02     4.860000000E+01
     2222     2.750000000E+01    -1.222222222E+02     5.000000000E+01
     2223     2.500000000E+01    -1.277777778E+02     5.000000000E+01
     2224     2.500000000E+01    -1.222222222E+02     4.860000000E+01
     2225     3.250000000E+01    -1.222222222E+02     5.000000000E+01
     2226     3.000000000E+01    -1.277777778E+02     5.000000000E+01
     2227     3.000000000E+01    -1.222222222E+02     4.860000000E+01
     2228     3.750000000E+01    -1.222222222E+02     5.000000000E+01
     2229     3.500000000E+01    -1.277777778E+02     5.000000000E+01
     2230     3.500000000E+01    -1.222222222E+02     4.860000000E+01
     2231     4.250000000E+01    -1.222222222E+02     5.000000000E+01
     2232     4.000000000E+01    -1.277777778E+02     5.000000000E+01
     2233     4.000000000E+01    -1.222222222E+02     4.860000000E+01
     2234     4.750000000E+01    -1.222222222E+02     5.000000000E+01
     2235     4.500000000E+01    -1.277777778E+02     5.000000000E+01
     2236     4.500000000E+01    -1.222222222E+02     4.860000000E+01
     2237     5.250000000E+01    -1.222222222E+02     5.000000000E+01
     2238     5.000000000E+01    -1.277777778E+02     5.000000000E+01
     2239     5.000000000E+01    -1.222222222E+02     4.860000000E+01
     2240     5.500000000E+01    -1.277777778E+02     5.000000000E+01
     2241     5.500000000E+01    -1.222222222E+02     4.860000000E+01
     2242     1.750000000E+01    -1.333333333E+02     5.000000000E+01
     2243     1.500000000E+01    -1.388888889E+02     5.000000000E+01
     2244     1.250000000E+01    -1.333333333E+02     5.000000000E+01
     2245     1.500000000E+01    -1.333333333E+02     4.860000000E+01
     2246     2.250000000E+01    -1.333333333E+02     5.000000000E+01
     2247     2.000000000E+01    -1.388888889E+02     5.000000000E+01
     2248     2.000000000E+01    -1.333333333E+02     4.860000000E+01
     2249     2.750000000E+01    -1.333333333E+02     5.000000000E+01
     2250     2.500000000E+01    -1.388888889E+02     5.000000000E+01
     2251     2.500000000E+01    -1.333333333E+02     4.860000000E+01
     2252     3.250000000E+01    -1.333333333E+02     5.000000000E+01
     2253     3.000000000E+01    -1.388888889E+02     5.000000000E+01
     2254     3.000000000E+01    -1.333333333E+02     4.860000000E+01
     2255     3.750000000E+01    -1.333333333E+02     5.000000000E+01
     2256     3.500000000E+01    -1.388888889E+02     5.000000000E+01
     2257     3.500000000E+01    -1.333333333E+02     4.860000000E+01
     2258     4.250000000E+01    -1.333333333E+02     5.000000000E+01
     2259     4.000000000E+01    -1.388888889E+02     5.000000000E+01
     2260     4.000000000E+01    -1.333333333E+02     4.860000000E+01
     2261     4.750000000E+01    -1.333333333E+02     5.000000000E+01
     2262     4.500000000E+01    -1.388888889E+02     5.000000000E+01
     2263     4.500000000E+01    -1.333333333E+02     4.860000000E+01
     2264     5.250000000E+01    -1.333333333E+02     5.000000000E+01
     2265     5.000000000E+01    -1.388888889E+02     5.000000000E+01
     2266     5.000000000E+01    -1.333333333E+02     4.860000000E+01
     2267     5.500000000E+01    -1.388888889E+02     5.000000000E+01
     2268     5.500000000E+01    -1.333333333E+02     4.860000000E+01
     2269     1.750000000E+01    -1.444444444E+02     5.000000000E+01
     2270     1.500000000E+01    -1.500000000E+02     5.000000000E+01
     2271     1.250000000E+01    -1.444444444E+02     5.000000000E+01
     2272     1.500000000E+01    -1.444444444E+02     4.860000000E+01
     2273     2.250000000E+01    -1.444444444E+02     5.000000000E+01
     2274     2.000000000E+01    -1.500000000E+02     5.000000000E+01
     2275     2.000000000E+01    -1.444444444E+02     4.860000000E+01
     2276     2.750000000E+01    -1.444444444E+02     5.000000000E+01
     2277     2.500000000E+01    -1.500000000E+02     5.000000000E+01
     2278     2.500000000E+01    -1.444444444E+02     4.860000000E+01
     2279     3.250000000E+01    -1.444444444E+02     5.000000000E+01
     2280     3.000000000E+01    -1.500000000E+02     5.000000000E+01
     2281     3.000000000E+01    -1.444444444E+02     4.860000000E+01
     2282     3.750000000E+01    -1.444444444E+02     5.000000000E+01
     2283     3.500000000E+01    -1.500000000E+02     5.000000000E+01
     2284     3.500000000E+01    -1.444444444E+02     4.860000000E+01
     2285     4.250000000E+01    -1.444444444E+02     5.000000000E+01
     2286     4.000000000E+01    -1.500000000E+02     5.000000000E+01
     2287     4.000000000E+01    -1.444444444E+02     4.860000000E+01
     2288     4.750000000E+01    -1.444444444E+02     5.000000000E+01
     2289     4.500000000E+01    -1.500000000E+02     5.000000000E+01
     2290     4.500000000E+01    -1.444444444E+02     4.860000000E+01
     2291     5.250000000E+01    -1.444444444E+02     5.000000000E+01
     2292     5.000000000E+01    -1.500000000E+02     5.000000000E+01
     2293     5.000000000E+01    -1.444444444E+02     4.860000000E+01
     2294     5.500000000E+01    -1.500000000E+02     5.000000000E+01
     2295     5.500000000E+01    -1.444444444E+02     4.860000000E+01
     2296     1.750000000E+01    -1.555555556E+02     5.000000000E+01
     2297     1.500000000E+01    -1.611111111E+02     5.000000000E+01
     2298     1.250000000E+01    -1.555555556E+02     5.000000000E+01
     2299     1.500000000E+01    -1.555555556E+02     4.860000000E+01
     2300     2.250000000E+01    -1.555555556E+02     5.000000000E+01
     2301     2.000000000E+01    -1.611111111E+02     5.000000000E+01
     2302     2.000000000E+01    -1.555555556E+02     4.860000000E+01
     2303     2.750000000E+01    -1.555555556E+02     5.000000000E+01
     2304     2.500000000E+01    -1.611111111E+02     5.000000000E+01
     2305     2.500000000E+01    -1.555555556E+02     4.860000000E+01
     2306     3.250000000E+01    -1.555555556E+02     5.000000000E+01
     2307     3.000000000E+01    -1.611111111E+02     5.000000000E+01
     2308     3.000000000E+01    -1.555555556E+02     4.860000000E+01
     2309     3.750000000E+01    -1.555555556E+02     5.000000000E+01
     2310     3.500000000E+01    -1.611111111E+02     5.000000000E+01
     2311     3.500000000E+01    -1.555555556E+02     4.860000000E+01
     2312     4.250000000E+01    -1.555555556E+02     5.000000000E+01
     2313     4.000000000E+01    -1.611111111E+02     5.000000000E+01
     2314     4.000000000E+01    -1.555555556E+02     4.860000000E+01
     2315     4.750000000E+01    -1.555555556E+02     5.000000000E+01
     2316     4.500000000E+01    -1.611111111E+02     5.000000000E+01
     2317     4.500000000E+01    -1.555555556E+02     4.860000000E+01
     2318     5.250000000E+01    -1.555555556E+02     5.000000000E+01
     2319     5.000000000E+01    -1.611111111E+02     5.000000000E+01
     2320     5.000000000E+01    -1.555555556E+02     4.860000000E+01
     2321     5.500000000E+01    -1.611111111E+02     5.000000000E+01
     2322     5.500000000E+01    -1.555555556E+02     4.860000000E+01
     2323     1.750000000E+01    -1.666666667E+02     5.000000000E+01
     2324     1.500000000E+01    -1.722222222E+02     5.000000000E+01
     2325     1.250000000E+01    -1.666666667E+02     5.000000000E+01
     2326     1.500000000E+01    -1.666666667E+02     4.860000000E+01
     2327     2.250000000E+01    -1.666666667E+02     5.000000000E+01
     2328     2.000000000E+01    -1.722222222E+02     5.000000000E+01
     2329     2.000000000E+01    -1.666666667E+02     4.860000000E+01
     2330     2.750000000E+01    -1.666666667E+02     5.000000000E+01
     2331     2.500000000E+01    -1.722222222E+02     5.000000000E+01
     2332     2.500000000E+01    -1.666666667E+02     4.860000000E+01
     2333     3.250000000E+01    -1.666666667E+02     5.000000000E+01
     2334     3.000000000E+01    -1.722222222E+02     5.000000000E+01
     2335     3.000000000E+01    -1.666666667E+02     4.860000000E+01
     2336     3.750000000E+01    -1.666666667E+02     5.000000000E+01
     2337     3.500000000E+01    -1.722222222E+02     5.000000000E+01
     2338     3.500000000E+01    -1.666666667E+02     4.860000000E+01
     2339     4.250000000E+01    -1.666666667E+02     5.000000000E+01
     2340     4.000000000E+01    -1.722222222E+02     5.000000000E+01
     2341     4.000000000E+01    -1.666666667E+02     4.860000000E+01
     2342     4.750000000E+01    -1.666666667E+02     5.000000000E+01
     2343     4.500000000E+01    -1.722222222E+02     5.000000000E+01
     2344     4.500000000E+01    -1.666666667E+02     4.860000000E+01
     2345     5.250000000E+01    -1.666666667E+02     5.000000000E+01
     2346     5.000000000E+01    -1.722222222E+02     5.000000000E+01
     2347     5.000000000E+01    -1.666666667E+02     4.860000000E+01
     2348     5.500000000E+01    -1.722222222E+02     5.000000000E+01
     2349     5.500000000E+01    -1.666666667E+02     4.860000000E+01
     2350     1.750000000E+01    -1.777777778E+02     5.000000000E+01
     2351     1.500000000E+01    -1.833333333E+02     5.000000000E+01
     2352     1.250000000E+01    -1.777777778E+02     5.000000000E+01
     2353     1.500000000E+01    -1.777777778E+02     4.860000000E+01
     2354     2.250000000E+01    -1.777777778E+02     5.000000000E+01
     2355     2.000000000E+01    -1.833333333E+02     5.000000000E+01
     2356     2.000000000E+01    -1.777777778E+02     4.860000000E+01
     2357     2.750000000E+01    -1.777777778E+02     5.000000000E+01
     2358     2.500000000E+01    -1.833333333E+02     5.000000000E+01
     2359     2.500000000E+01    -1.777777778E+02     4.860000000E+01
     2360     3.250000000E+01    -1.777777778E+02     5.000000000E+01
     2361     3.000000000E+01    -1.833333333E+02     5.000000000E+01
     2362     3.000000000E+01    -1.777777778E+02     4.860000000E+01
     2363     3.750000000E+01    -1.777777778E+02     5.000000000E+01
     2364     3.500000000E+01    -1.833333333E+02     5.000000000E+01
     2365     3.500000000E+01    -1.777777778E+02     4.860000000E+01
     2366     4.250000000E+01    -1.777777778E+02     5.000000000E+01
     2367     4.000000000E+01    -1.833333333E+02     5.000000000E+01
     2368     4.000000000E+01    -1.777777778E+02     4.860000000E+01
     2369     4.750000000E+01    -1.777777778E+02     5.000000000E+01
     2370     4.500000000E+01    -1.833333333E+02     5.000000000E+01
     2371     4.500000000E+01    -1.777777778E+02     4.860000000E+01
     2372     5.250000000E+01    -1.777777778E+02     5.000000000E+01
     2373     5.000000000E+01    -1.833333333E+02     5.000000000E+01
     2374     5.000000000E+01    -1.777777778E+02     4.860000000E+01
     2375     5.500000000E+01    -1.833333333E+02     5.000000000E+01
     2376     5.500000000E+01    -1.777777778E+02     4.860000000E+01
     2377     1.750000000E+01    -1.888888889E+02     5.000000000E+01
     2378     1.250000000E+01    -1.888888889E+02     5.000000000E+01
     2379     1.500000000E+01    -1.888888889E+02     4.860000000E+01
     2380     2.250000000E+01    -1.888888889E+02     5.000000000E+01
     2381     2.000000000E+01    -1.888888889E+02     4.860000000E+01
     2382     2.750000000E+01    -1.888888889E+02     5.000000000E+01
     2383     2.500000000E+01    -1.888888889E+02     4.860000000E+01
     2384     3.250000000E+01    -1.888888889E+02     5.000000000E+01
     2385     3.000000000E+01    -1.888888889E+02     4.860000000E+01
     2386     3.750000000E+01    -1.888888889E+02     5.000000000E+01
     2387     3.500000000E+01    -1.888888889E+02     4.860000000E+01
     2388     4.250000000E+01    -1.888888889E+02     5.000000000E+01
     2389     4.000000000E+01    -1.888888889E+02     4.860000000E+01
     2390     4.750000000E+01    -1.888888889E+02     5.000000000E+01
     2391     4.500000000E+01    -1.888888889E+02     4.860000000E+01
     2392     5.250000000E+01    -1.888888889E+02     5.000000000E+01
     2393     5.000000000E+01    -1.888888889E+02     4.860000000E+01
     2394     5.500000000E+01    -1.888888889E+02     4.860000000E+01
     2395     1.750000000E+01     0.000000000E+00     5.000000000E+01
     2396     1.250000000E+01     0.000000000E+00     5.000000000E+01
     2397     1.500000000E+01     0.000000000E+00     4.860000000E+01
     2398     2.250000000E+01     0.000000000E+00     5.000000000E+01
     2399     2.000000000E+01     0.000000000E+00     4.860000000E+01
     2400     2.750000000E+01     0.000000000E+00     5.000000000E+01
     2401     2.500000000E+01     0.000000000E+00     4.860000000E+01
     2402     3.250000000E+01     0.000000000E+00     5.000000000E+01
     2403     3.000000000E+01     0.000000000E+00     4.860000000E+01
     2404     3.750000000E+01     0.000000000E+00     5.000000000E+01
     2405     3.500000000E+01     0.000000000E+00     4.860000000E+01
     2406     4.250000000E+01     0.000000000E+00     5.000000000E+01
     2407     4.000000000E+01     0.000000000E+00     4.860000000E+01
     2408     4.750000000E+01     0.000000000E+00     5.000000000E+01
     2409     4.500000000E+01     0.000000000E+00     4.860000000E+01
     2410     5.250000000E+01     0.000000000E+00     5.000000000E+01
     2411     5.000000000E+01     0.000000000E+00     4.860000000E+01
     2412     5.500000000E+01     0.000000000E+00     4.860000000E+01
     2413     1.000000000E+01    -1.833333333E+02     5.000000000E+01
     2414     8.049096780E+00    -1.888888889E+02     4.980785280E+01
     2415     1.000000000E+01    -1.888888889E+02     4.860000000E+01
     2416     1.000000000E+01    -1.722222222E+02     5.000000000E+01
     2417     8.049096780E+00    -1.777777778E+02     4.980785280E+01
     2418     1.000000000E+01    -1.777777778E+02     4.860000000E+01
     2419     1.000000000E+01    -1.611111111E+02     5.000000000E+01
     2420     8.049096780E+00    -1.666666667E+02     4.980785280E+01
     2421     1.000000000E+01    -1.666666667E+02     4.860000000E+01
     2422     1.000000000E+01    -1.500000000E+02     5.000000000E+01
     2423     8.049096780E+00    -1.555555556E+02     4.980785280E+01
     2424     1.000000000E+01    -1.555555556E+02     4.860000000E+01
     2425     1.000000000E+01    -1.388888889E+02     5.000000000E+01
     2426     8.049096780E+00    -1.444444444E+02     4.980785280E+01
     2427     1.000000000E+01    -1.444444444E+02     4.860000000E+01
     2428     1.000000000E+01    -1.277777778E+02     5.000000000E+01
     2429     8.049096780E+00    -1.333333333E+02     4.980785280E+01
     2430     1.000000000E+01    -1.333333333E+02     4.860000000E+01
     2431     1.000000000E+01    -1.166666667E+02     5.000000000E+01
     2432     8.049096780E+00    -1.222222222E+02     4.980785280E+01
     2433     1.000000000E+01    -1.222222222E+02     4.860000000E+01
     2434     1.000000000E+01    -1.055555556E+02     5.000000000E+01
     2435     8.049096780E+00    -1.111111111E+02     4.980785280E+01
     2436     1.000000000E+01    -1.111111111E+02     4.860000000E+01
     2437     1.000000000E+01    -9.444444444E+01     5.000000000E+01
     2438     8.049096780E+00    -1.000000000E+02     4.980785280E+01
     2439     1.000000000E+01    -1.000000000E+02     4.860000000E+01
     2440     1.000000000E+01    -8.333333333E+01     5.000000000E+01
     2441     8.049096780E+00    -8.888888889E+01     4.980785280E+01
     2442     1.000000000E+01    -8.888888889E+01     4.860000000E+01
     2443     1.000000000E+01    -7.222222222E+01     5.000000000E+01
     2444     8.049096780E+00    -7.777777778E+01     4.980785280E+01
     2445     1.000000000E+01    -7.777777778E+01     4.860000000E+01
     2446     1.000000000E+01    -6.111111111E+01     5.000000000E+01
     2447     8.049096780E+00    -6.666666667E+01     4.980785280E+01
     2448     1.000000000E+01    -6.666666667E+01     4.860000000E+01
     2449     1.000000000E+01    -5.000000000E+01     5.000000000E+01
     2450     8.049096780E+00    -5.555555556E+01     4.980785280E+01
     2451     1.000000000E+01    -5.555555556E+01     4.860000000E+01
     2452     1.000000000E+01    -3.888888889E+01     5.000000000E+01
     2453     8.049096780E+00    -4.444444444E+01     4.980785280E+01
     2454     1.000000000E+01    -4.444444444E+01     4.860000000E+01
     2455     1.000000000E+01    -2.777777778E+01     5.000000000E+01
     2456     8.049096780E+00    -3.333333333E+01     4.980785280E+01
     2457     1.000000000E+01    -3.333333333E+01     4.860000000E+01
     2458     1.000000000E+01    -1.666666667E+01     5.000000000E+01
     2459     8.049096780E+00    -2.222222222E+01     4.980785280E+01
     2460     1.000000000E+01    -2.222222222E+01     4.860000000E+01
     2461     1.000000000E+01    -5.555555556E+00     5.000000000E+01
     2462     8.049096780E+00     0.000000000E+00     4.980785280E+01
     2463     1.000000000E+01     0.000000000E+00     4.860000000E+01
     2464     8.049096780E+00    -1.111111111E+01     4.980785280E+01
     2465     1.000000000E+01    -1.111111111E+01     4.860000000E+01
     2466     1.685303877E+00    -1.111111111E+01     4.555570233E+01
     2467     7.612046749E-01    -1.666666667E+01     4.382683432E+01
     2468     7.612046749E-01    -5.555555556E+00     4.382683432E+01
     2469     1.921471960E-01    -1.111111111E+01     4.195090322E+01
     2470     2.054636020E+00    -1.111111111E+01     4.329107752E+01
     2471     4.444297670E+00    -1.111111111E+01     4.831469612E+01
     2472     2.928932188E+00    -1.666666667E+01     4.707106781E+01
     2473     2.928932188E+00    -5.555555556E+00     4.707106781E+01
     2474     3.918881682E+00    -1.111111111E+01     4.608111832E+01
     2475     6.173165676E+00    -1.666666667E+01     4.923879533E+01
     2476     6.173165676E+00    -5.555555556E+00     4.923879533E+01
     2477     6.708922482E+00    -1.111111111E+01     4.794536398E+01
     2478     1.685303877E+00    -2.222222222E+01     4.555570233E+01
     2479     7.612046749E-01    -2.777777778E+01     4.382683432E+01
     2480     1.921471960E-01    -2.222222222E+01     4.195090322E+01
     2481     2.054636020E+00    -2.222222222E+01     4.329107752E+01
     2482     4.444297670E+00    -2.222222222E+01     4.831469612E+01
     2483     2.928932188E+00    -2.777777778E+01     4.707106781E+01
     2484     3.918881682E+00    -2.222222222E+01     4.608111832E+01
     2485     6.173165676E+00    -2.777777778E+01     4.923879533E+01
     2486     6.708922482E+00    -2.222222222E+01     4.794536398E+01
     2487     1.685303877E+00    -3.333333333E+01     4.555570233E+01
     2488     7.612046749E-01    -3.888888889E+01     4.382683432E+01
     2489     1.921471960E-01    -3.333333333E+01     4.195090322E+01
     2490     2.054636020E+00    -3.333333333E+01     4.329107752E+01
     2491     4.444297670E+00    -3.333333333E+01     4.831469612E+01
     2492     2.928932188E+00    -3.888888889E+01     4.707106781E+01
     2493     3.918881682E+00    -3.333333333E+01     4.608111832E+01
     2494     6.173165676E+00    -3.888888889E+01     4.923879533E+01
     2495     6.708922482E+00    -3.333333333E+01     4.794536398E+01
     2496     1.685303877E+00    -4.444444444E+01     4.555570233E+01
     2497     7.612046749E-01    -5.000000000E+01     4.382683432E+01
     2498     1.921471960E-01    -4.444444444E+01     4.195090322E+01
     2499     2.054636020E+00    -4.444444444E+01     4.329107752E+01
     2500     4.444297670E+00    -4.444444444E+01     4.831469612E+01
     2501     2.928932188E+00    -5.000000000E+01     4.707106781E+01
     2502     3.918881682E+00    -4.444444444E+01     4.608111832E+01
     2503     6.173165676E+00    -5.000000000E+01     4.923879533E+01
     2504     6.708922482E+00    -4.444444444E+01     4.794536398E+01
     2505     1.685303877E+00    -5.555555556E+01     4.555570233E+01
     2506     7.612046749E-01    -6.111111111E+01     4.382683432E+01
     2507     1.921471960E-01    -5.555555556E+01     4.195090322E+01
     2508     2.054636020E+00    -5.555555556E+01     4.329107752E+01
     2509     4.444297670E+00    -5.555555556E+01     4.831469612E+01
     2510     2.928932188E+00    -6.111111111E+01     4.707106781E+01
     2511     3.918881682E+00    -5.555555556E+01     4.608111832E+01
     2512     6.173165676E+00    -6.111111111E+01     4.923879533E+01
     2513     6.708922482E+00    -5.555555556E+01     4.794536398E+01
     2514     1.685303877E+00    -6.666666667E+01     4.555570233E+01
     2515     7.612046749E-01    -7.222222222E+01     4.382683432E+01
     2516     1.921471960E-01    -6.666666667E+01     4.195090322E+01
     2517     2.054636020E+00    -6.666666667E+01     4.329107752E+01
     2518     4.444297670E+00    -6.666666667E+01     4.831469612E+01
     2519     2.928932188E+00    -7.222222222E+01     4.707106781E+01
     2520     3.918881682E+00    -6.666666667E+01     4.608111832E+01
     2521     6.173165676E+00    -7.222222222E+01     4.923879533E+01
     2522     6.708922482E+00    -6.666666667E+01     4.794536398E+01
     2523     1.685303877E+00    -7.777777778E+01     4.555570233E+01
     2524     7.612046749E-01    -8.333333333E+01     4.382683432E+01
     2525     1.921471960E-01    -7.777777778E+01     4.195090322E+01
     2526     2.054636020E+00    -7.777777778E+01     4.329107752E+01
     2527     4.444297670E+00    -7.777777778E+01     4.831469612E+01
     2528     2.928932188E+00    -8.333333333E+01     4.707106781E+01
     2529     3.918881682E+00    -7.777777778E+01     4.608111832E+01
     2530     6.173165676E+00    -8.333333333E+01     4.923879533E+01
     2531     6.708922482E+00    -7.777777778E+01     4.794536398E+01
     2532     1.685303877E+00    -8.888888889E+01     4.555570233E+01
     2533     7.612046749E-01    -9.444444444E+01     4.382683432E+01
     2534     1.921471960E-01    -8.888888889E+01     4.195090322E+01
     2535     2.054636020E+00    -8.888888889E+01     4.329107752E+01
     2536     4.444297670E+00    -8.888888889E+01     4.831469612E+01
     2537     2.928932188E+00    -9.444444444E+01     4.707106781E+01
     2538     3.918881682E+00    -8.888888889E+01     4.608111832E+01
     2539     6.173165676E+00    -9.444444444E+01     4.923879533E+01
     2540     6.708922482E+00    -8.888888889E+01     4.794536398E+01
     2541     1.685303877E+00    -1.000000000E+02     4.555570233E+01
     2542     7.612046749E-01    -1.055555556E+02     4.382683432E+01
     2543     1.921471960E-01    -1.000000000E+02     4.195090322E+01
     2544     2.054636020E+00    -1.000000000E+02     4.329107752E+01
     2545     4.444297670E+00    -1.000000000E+02     4.831469612E+01
     2546     2.928932188E+00    -1.055555556E+02     4.707106781E+01
     2547     3.918881682E+00    -1.000000000E+02     4.608111832E+01
     2548     6.173165676E+00    -1.055555556E+02     4.923879533E+01
     2549     6.708922482E+00    -1.000000000E+02     4.794536398E+01
     2550     1.685303877E+00    -1.111111111E+02     4.555570233E+01
     2551     7.612046749E-01    -1.166666667E+02     4.382683432E+01
     2552     1.921471960E-01    -1.111111111E+02     4.195090322E+01
     2553     2.054636020E+00    -1.111111111E+02     4.329107752E+01
     2554     4.444297670E+00    -1.111111111E+02     4.831469612E+01
     2555     2.928932188E+00    -1.166666667E+02     4.707106781E+01
     2556     3.918881682E+00    -1.111111111E+02     4.608111832E+01
     2557     6.173165676E+00    -1.166666667E+02     4.923879533E+01
     2558     6.708922482E+00    -1.111111111E+02     4.794536398E+01
     2559     1.685303877E+00    -1.222222222E+02     4.555570233E+01
     2560     7.612046749E-01    -1.277777778E+02     4.382683432E+01
     2561     1.921471960E-01    -1.222222222E+02     4.195090322E+01
     2562     2.054636020E+00    -1.222222222E+02     4.329107752E+01
     2563     4.444297670E+00    -1.222222222E+02     4.831469612E+01
     2564     2.928932188E+00    -1.277777778E+02     4.707106781E+01
     2565     3.918881682E+00    -1.222222222E+02     4.608111832E+01
     2566     6.173165676E+00    -1.277777778E+02     4.923879533E+01
     2567     6.708922482E+00    -1.222222222E+02     4.794536398E+01
     2568     1.685303877E+00    -1.333333333E+02     4.555570233E+01
     2569     7.612046749E-01    -1.388888889E+02     4.382683432E+01
     2570     1.921471960E-01    -1.333333333E+02     4.195090322E+01
     2571     2.054636020E+00    -1.333333333E+02     4.329107752E+01
     2572     4.444297670E+00    -1.333333333E+02     4.831469612E+01
     2573     2.928932188E+00    -1.388888889E+02     4.707106781E+01
     2574     3.918881682E+00    -1.333333333E+02     4.608111832E+01
     2575     6.173165676E+00    -1.388888889E+02     4.923879533E+01
     2576     6.708922482E+00    -1.333333333E+02     4.794536398E+01
     2577     1.685303877E+00    -1.444444444E+02     4.555570233E+01
     2578     7.612046749E-01    -1.500000000E+02     4.382683432E+01
     2579     1.921471960E-01    -1.444444444E+02     4.195090322E+01
     2580     2.054636020E+00    -1.444444444E+02     4.329107752E+01
     2581     4.444297670E+00    -1.444444444E+02     4.831469612E+01
     2582     2.928932188E+00    -1.500000000E+02     4.707106781E+01
     2583     3.918881682E+00    -1.444444444E+02     4.608111832E+01
     2584     6.173165676E+00    -1.500000000E+02     4.923879533E+01
     2585     6.708922482E+00    -1.444444444E+02     4.794536398E+01
     2586     1.685303877E+00    -1.555555556E+02     4.555570233E+01
     2587     7.612046749E-01    -1.611111111E+02     4.382683432E+01
     2588     1.921471960E-01    -1.555555556E+02     4.195090322E+01
     2589     2.054636020E+00    -1.555555556E+02     4.329107752E+01
     2590     4.444297670E+00    -1.555555556E+02     4.831469612E+01
     2591     2.928932188E+00    -1.611111111E+02     4.707106781E+01
     2592     3.918881682E+00    -1.555555556E+02     4.608111832E+01
     2593     6.173165676E+00    -1.611111111E+02     4.923879533E+01
     2594     6.708922482E+00    -1.555555556E+02     4.794536398E+01
     2595     1.685303877E+00    -1.666666667E+02     4.555570233E+01
     2596     7.612046749E-01    -1.722222222E+02     4.382683432E+01
     2597     1.921471960E-01    -1.666666667E+02     4.195090322E+01
     2598     2.054636020E+00    -1.666666667E+02     4.329107752E+01
     2599     4.444297670E+00    -1.666666667E+02     4.831469612E+01
     2600     2.928932188E+00    -1.722222222E+02     4.707106781E+01
     2601     3.918881682E+00    -1.666666667E+02     4.608111832E+01
     2602     6.173165676E+00    -1.722222222E+02     4.923879533E+01
     2603     6.708922482E+00    -1.666666667E+02     4.794536398E+01
     2604     1.685303877E+00    -1.777777778E+02     4.555570233E+01
     2605     7.612046749E-01    -1.833333333E+02     4.382683432E+01
     2606     1.921471960E-01    -1.777777778E+02     4.195090322E+01
     2607     2.054636020E+00    -1.777777778E+02     4.329107752E+01
     2608     4.444297670E+00    -1.777777778E+02     4.831469612E+01
     2609     2.928932188E+00    -1.833333333E+02     4.707106781E+01
     2610     3.918881682E+00    -1.777777778E+02     4.608111832E+01
     2611     6.173165676E+00    -1.833333333E+02     4.923879533E+01
     2612     6.708922482E+00    -1.777777778E+02     4.794536398E+01
     2613     1.685303877E+00    -1.888888889E+02     4.555570233E+01
     2614     1.921471960E-01    -1.888888889E+02     4.195090322E+01
     2615     2.054636020E+00    -1.888888889E+02     4.329107752E+01
     2616     4.444297670E+00    -1.888888889E+02     4.831469612E+01
     2617     3.918881682E+00    -1.888888889E+02     4.608111832E+01
     2618     6.708922482E+00    -1.888888889E+02     4.794536398E+01
     2619     4.444297670E+00     0.000000000E+00     4.831469612E+01
     2620     6.708922482E+00     0.000000000E+00     4.794536398E+01
     2621     1.685303877E+00     0.000000000E+00     4.555570233E+01
     2622     3.918881682E+00     0.000000000E+00     4.608111832E+01
     2623     1.921471960E-01     0.000000000E+00     4.195090322E+01
     2624     2.054636020E+00     0.000000000E+00     4.329107752E+01
     2625    -1.463010547E-14    -5.555555556E+00     4.000000000E+01
     2626    -1.466519139E-14     0.000000000E+00     3.714285714E+01
     2627     1.400000000E+00     0.000000000E+00     4.000000000E+01
     2628    -1.463010547E-14    -1.666666667E+01     4.000000000E+01
     2629    -1.393030730E-14    -1.111111111E+01     3.714285714E+01
     2630     1.400000000E+00    -1.111111111E+01     4.000000000E+01
     2631    -1.463010547E-14    -2.777777778E+01     4.000000000E+01
     2632    -1.393030730E-14    -2.222222222E+01     3.714285714E+01
     2633     1.400000000E+00    -2.222222222E+01     4.000000000E+01
     2634    -1.463010547E-14    -3.888888889E+01     4.000000000E+01
     2635    -1.393030730E-14    -3.333333333E+01     3.714285714E+01
     2636     1.400000000E+00    -3.333333333E+01     4.000000000E+01
     2637    -1.463010547E-14    -5.000000000E+01     4.000000000E+01
     2638    -1.393030730E-14    -4.444444444E+01     3.714285714E+01
     2639     1.400000000E+00    -4.444444444E+01     4.000000000E+01
     2640    -1.463010547E-14    -6.111111111E+01     4.000000000E+01
     2641    -1.393030730E-14    -5.555555556E+01     3.714285714E+01
     2642     1.400000000E+00    -5.555555556E+01     4.000000000E+01
     2643    -1.463010547E-14    -7.222222222E+01     4.000000000E+01
     2644    -1.393030730E-14    -6.666666667E+01     3.714285714E+01
     2645     1.400000000E+00    -6.666666667E+01     4.000000000E+01
     2646    -1.463010547E-14    -8.333333333E+01     4.000000000E+01
     2647    -1.393030730E-14    -7.777777778E+01     3.714285714E+01
     2648     1.400000000E+00    -7.777777778E+01     4.000000000E+01
     2649    -1.463010547E-14    -9.444444444E+01     4.000000000E+01
     2650    -1.393030730E-14    -8.888888889E+01     3.714285714E+01
     2651     1.400000000E+00    -8.888888889E+01     4.000000000E+01
     2652    -1.463010547E-14    -1.055555556E+02     4.000000000E+01
     2653    -1.393030730E-14    -1.000000000E+02     3.714285714E+01
     2654     1.400000000E+00    -1.000000000E+02     4.000000000E+01
     2655    -1.463010547E-14    -1.166666667E+02     4.000000000E+01
     2656    -1.393030730E-14    -1.111111111E+02     3.714285714E+01
     2657     1.400000000E+00    -1.111111111E+02     4.000000000E+01
     2658    -1.463010547E-14    -1.277777778E+02     4.000000000E+01
     2659    -1.393030730E-14    -1.222222222E+02     3.714285714E+01
     2660     1.400000000E+00    -1.222222222E+02     4.000000000E+01
     2661    -1.463010547E-14    -1.388888889E+02     4.000000000E+01
     2662    -1.393030730E-14    -1.333333333E+02     3.714285714E+01
     2663     1.400000000E+00    -1.333333333E+02     4.000000000E+01
     2664    -1.463010547E-14    -1.500000000E+02     4.000000000E+01
     2665    -1.393030730E-14    -1.444444444E+02     3.714285714E+01
     2666     1.400000000E+00    -1.444444444E+02     4.000000000E+01
     2667    -1.463010547E-14    -1.611111111E+02     4.000000000E+01
     2668    -1.393030730E-14    -1.555555556E+02     3.714285714E+01
     2669     1.400000000E+00    -1.555555556E+02     4.000000000E+01
     2670    -1.463010547E-14    -1.722222222E+02     4.000000000E+01
     2671    -1.393030730E-14    -1.666666667E+02     3.714285714E+01
     2672     1.400000000E+00    -1.666666667E+02     4.000000000E+01
     2673    -1.463010547E-14    -1.833333333E+02     4.000000000E+01
     2674    -1.393030730E-14    -1.777777778E+02     3.714285714E+01
     2675     1.400000000E+00    -1.777777778E+02     4.000000000E+01
     2676    -1.393030730E-14    -1.888888889E+02     3.714285714E+01
     2677     1.400000000E+00    -1.888888889E+02     4.000000000E+01
     2678     2.864848806E-15    -1.111111111E+01    -3.142857143E+01
     2679     3.564646977E-15    -1.666666667E+01    -3.428571429E+01
     2680     3.564646977E-15    -5.555555556E+00    -3.428571429E+01
     2681     4.264445148E-15    -1.111111111E+01    -3.714285714E+01
     2682     1.400000000E+00    -1.111111111E+01    -3.428571429E+01
     2683     1.465252464E-15    -1.111111111E+01    -2.571428571E+01
     2684     2.165050635E-15    -1.666666667E+01    -2.857142857E+01
     2685     2.165050635E-15    -5.555555556E+00    -2.857142857E+01
     2686     1.400000000E+00    -1.111111111E+01    -2.857142857E+01
     2687     6.565612249E-17    -1.111111111E+01    -2.000000000E+01
     2688     7.654542934E-16    -1.666666667E+01    -2.285714286E+01
     2689     7.654542934E-16    -5.555555556E+00    -2.285714286E+01
     2690     1.400000000E+00    -1.111111111E+01    -2.285714286E+01
     2691    -1.333940219E-15    -1.111111111E+01    -1.428571429E+01
     2692    -6.341420485E-16    -1.666666667E+01    -1.714285714E+01
     2693    -6.341420485E-16    -5.555555556E+00    -1.714285714E+01
     2694     1.400000000E+00    -1.111111111E+01    -1.714285714E+01
     2695    -2.733536561E-15    -1.111111111E+01    -8.571428571E+00
     2696    -2.033738390E-15    -1.666666667E+01    -1.142857143E+01
     2697    -2.033738390E-15    -5.555555556E+00    -1.142857143E+01
     2698     1.400000000E+00    -1.111111111E+01    -1.142857143E+01
     2699    -4.133132903E-15    -1.111111111E+01    -2.857142857E+00
     2700    -3.433334732E-15    -1.666666667E+01    -5.714285714E+00
     2701    -3.433334732E-15    -5.555555556E+00    -5.714285714E+00
     2702     1.400000000E+00    -1.111111111E+01    -5.714285714E+00
     2703    -5.532729245E-15    -1.111111111E+01     2.857142857E+00
     2704    -4.832931074E-15    -1.666666667E+01     3.155443621E-30
     2705    -4.832931074E-15    -5.555555556E+00     2.837684644E-30
     2706     1.400000000E+00    -1.111111111E+01     0.000000000E+00
     2707    -6.932325587E-15    -1.111111111E+01     8.571428571E+00
     2708    -6.232527416E-15    -1.666666667E+01     5.714285714E+00
     2709    -6.232527416E-15    -5.555555556E+00     5.714285714E+00
     2710     1.400000000E+00    -1.111111111E+01     5.714285714E+00
     2711    -8.331921929E-15    -1.111111111E+01     1.428571429E+01
     2712    -7.632123758E-15    -1.666666667E+01     1.142857143E+01
     2713    -7.632123758E-15    -5.555555556E+00     1.142857143E+01
     2714     1.400000000E+00    -1.111111111E+01     1.142857143E+01
     2715    -9.731518271E-15    -1.111111111E+01     2.000000000E+01
     2716    -9.031720100E-15    -1.666666667E+01     1.714285714E+01
     2717    -9.031720100E-15    -5.555555556E+00     1.714285714E+01
     2718     1.400000000E+00    -1.111111111E+01     1.714285714E+01
     2719    -1.113111461E-14    -1.111111111E+01     2.571428571E+01
     2720    -1.043131644E-14    -1.666666667E+01     2.285714286E+01
     2721    -1.043131644E-14    -5.555555556E+00     2.285714286E+01
     2722     1.400000000E+00    -1.111111111E+01     2.285714286E+01
     2723    -1.253071095E-14    -1.111111111E+01     3.142857143E+01
     2724    -1.183091278E-14    -1.666666667E+01     2.857142857E+01
     2725    -1.183091278E-14    -5.555555556E+00     2.857142857E+01
     2726     1.400000000E+00    -1.111111111E+01     2.857142857E+01
     2727    -1.323050913E-14    -1.666666667E+01     3.428571429E+01
     2728    -1.323050913E-14    -5.555555556E+00     3.428571429E+01
     2729     1.400000000E+00    -1.111111111E+01     3.428571429E+01
     2730     2.864848806E-15    -2.222222222E+01    -3.142857143E+01
     2731     3.564646977E-15    -2.777777778E+01    -3.428571429E+01
     2732     4.264445148E-15    -2.222222222E+01    -3.714285714E+01
     2733     1.400000000E+00    -2.222222222E+01    -3.428571429E+01
     2734     1.465252464E-15    -2.222222222E+01    -2.571428571E+01
     2735     2.165050635E-15    -2.777777778E+01    -2.857142857E+01
     2736     1.400000000E+00    -2.222222222E+01    -2.857142857E+01
     2737     6.565612249E-17    -2.222222222E+01    -2.000000000E+01
     2738     7.654542934E-16    -2.777777778E+01    -2.285714286E+01
     2739     1.400000000E+00    -2.222222222E+01    -2.285714286E+01
     2740    -1.333940219E-15    -2.222222222E+01    -1.428571429E+01
     2741    -6.341420485E-16    -2.777777778E+01    -1.714285714E+01
     2742     1.400000000E+00    -2.222222222E+01    -1.714285714E+01
     2743    -2.733536561E-15    -2.222222222E+01    -8.571428571E+00
     2744    -2.033738390E-15    -2.777777778E+01    -1.142857143E+01
     2745     1.400000000E+00    -2.222222222E+01    -1.142857143E+01
     2746    -4.133132903E-15    -2.222222222E+01    -2.857142857E+00
     2747    -3.433334732E-15    -2.777777778E+01    -5.714285714E+00
     2748     1.400000000E+00    -2.222222222E+01    -5.714285714E+00
     2749    -5.532729245E-15    -2.222222222E+01     2.857142857E+00
     2750    -4.832931074E-15    -2.777777778E+01     3.155443621E-30
     2751     1.400000000E+00    -2.222222222E+01     0.000000000E+00
     2752    -6.932325587E-15    -2.222222222E+01     8.571428571E+00
     2753    -6.232527416E-15    -2.777777778E+01     5.714285714E+00
     2754     1.400000000E+00    -2.222222222E+01     5.714285714E+00
     2755    -8.331921929E-15    -2.222222222E+01     1.428571429E+01
     2756    -7.632123758E-15    -2.777777778E+01     1.142857143E+01
     2757     1.400000000E+00    -2.222222222E+01     1.142857143E+01
     2758    -9.731518271E-15    -2.222222222E+01     2.000000000E+01
     2759    -9.031720100E-15    -2.777777778E+01     1.714285714E+01
     2760     1.400000000E+00    -2.222222222E+01     1.714285714E+01
     2761    -1.113111461E-14    -2.222222222E+01     2.571428571E+01
     2762    -1.043131644E-14    -2.777777778E+01     2.285714286E+01
     2763     1.400000000E+00    -2.222222222E+01     2.285714286E+01
     2764    -1.253071095E-14    -2.222222222E+01     3.142857143E+01
     2765    -1.183091278E-14    -2.777777778E+01     2.857142857E+01
     2766     1.400000000E+00    -2.222222222E+01     2.857142857E+01
     2767    -1.323050913E-14    -2.777777778E+01     3.428571429E+01
     2768     1.400000000E+00    -2.222222222E+01     3.428571429E+01
     2769     2.864848806E-15    -3.333333333E+01    -3.142857143E+01
     2770     3.564646977E-15    -3.888888889E+01    -3.428571429E+01
     2771     4.264445148E-15    -3.333333333E+01    -3.714285714E+01
     2772     1.400000000E+00    -3.333333333E+01    -3.428571429E+01
     2773     1.465252464E-15    -3.333333333E+01    -2.571428571E+01
     2774     2.165050635E-15    -3.888888889E+01    -2.857142857E+01
     2775     1.400000000E+00    -3.333333333E+01    -2.857142857E+01
     2776     6.565612249E-17    -3.333333333E+01    -2.000000000E+01
     2777     7.654542934E-16    -3.888888889E+01    -2.285714286E+01
     2778     1.400000000E+00    -3.333333333E+01    -2.285714286E+01
     2779    -1.333940219E-15    -3.333333333E+01    -1.428571429E+01
     2780    -6.341420485E-16    -3.888888889E+01    -1.714285714E+01
     2781     1.400000000E+00    -3.333333333E+01    -1.714285714E+01
     2782    -2.733536561E-15    -3.333333333E+01    -8.571428571E+00
     2783    -2.033738390E-15    -3.888888889E+01    -1.142857143E+01
     2784     1.400000000E+00    -3.333333333E+01    -1.142857143E+01
     2785    -4.133132903E-15    -3.333333333E+01    -2.857142857E+00
     2786    -3.433334732E-15    -3.888888889E+01    -5.714285714E+00
     2787     1.400000000E+00    -3.333333333E+01    -5.714285714E+00
     2788    -5.532729245E-15    -3.333333333E+01     2.857142857E+00
     2789    -4.832931074E-15    -3.888888889E+01     3.155443621E-30
     2790     1.400000000E+00    -3.333333333E+01     0.000000000E+00
     2791    -6.932325587E-15    -3.333333333E+01     8.571428571E+00
     2792    -6.232527416E-15    -3.888888889E+01     5.714285714E+00
     2793     1.400000000E+00    -3.333333333E+01     5.714285714E+00
     2794    -8.331921929E-15    -3.333333333E+01     1.428571429E+01
     2795    -7.632123758E-15    -3.888888889E+01     1.142857143E+01
     2796     1.400000000E+00    -3.333333333E+01     1.142857143E+01
     2797    -9.731518271E-15    -3.333333333E+01     2.000000000E+01
     2798    -9.031720100E-15    -3.888888889E+01     1.714285714E+01
     2799     1.400000000E+00    -3.333333333E+01     1.714285714E+01
     2800    -1.113111461E-14    -3.333333333E+01     2.571428571E+01
     2801    -1.043131644E-14    -3.888888889E+01     2.285714286E+01
     2802     1.400000000E+00    -3.333333333E+01     2.285714286E+01
     2803    -1.253071095E-14    -3.333333333E+01     3.142857143E+01
     2804    -1.183091278E-14    -3.888888889E+01     2.857142857E+01
     2805     1.400000000E+00    -3.333333333E+01     2.857142857E+01
     2806    -1.323050913E-14    -3.888888889E+01     3.428571429E+01
     2807     1.400000000E+00    -3.333333333E+01     3.428571429E+01
     2808     2.864848806E-15    -4.444444444E+01    -3.142857143E+01
     2809     3.564646977E-15    -5.000000000E+01    -3.428571429E+01
     2810     4.264445148E-15    -4.444444444E+01    -3.714285714E+01
     2811     1.400000000E+00    -4.444444444E+01    -3.428571429E+01
     2812     1.465252464E-15    -4.444444444E+01    -2.571428571E+01
     2813     2.165050635E-15    -5.000000000E+01    -2.857142857E+01
     2814     1.400000000E+00    -4.444444444E+01    -2.857142857E+01
     2815     6.565612249E-17    -4.444444444E+01    -2.000000000E+01
     2816     7.654542934E-16    -5.000000000E+01    -2.285714286E+01
     2817     1.400000000E+00    -4.444444444E+01    -2.285714286E+01
     2818    -1.333940219E-15    -4.444444444E+01    -1.428571429E+01
     2819    -6.341420485E-16    -5.000000000E+01    -1.714285714E+01
     2820     1.400000000E+00    -4.444444444E+01    -1.714285714E+01
     2821    -2.733536561E-15    -4.444444444E+01    -8.571428571E+00
     2822    -2.033738390E-15    -5.000000000E+01    -1.142857143E+01
     2823     1.400000000E+00    -4.444444444E+01    -1.142857143E+01
     2824    -4.133132903E-15    -4.444444444E+01    -2.857142857E+00
     2825    -3.433334732E-15    -5.000000000E+01    -5.714285714E+00
     2826     1.400000000E+00    -4.444444444E+01    -5.714285714E+00
     2827    -5.532729245E-15    -4.444444444E+01     2.857142857E+00
     2828    -4.832931074E-15    -5.000000000E+01     3.155443621E-30
     2829     1.400000000E+00    -4.444444444E+01     0.000000000E+00
     2830    -6.932325587E-15    -4.444444444E+01     8.571428571E+00
     2831    -6.232527416E-15    -5.000000000E+01     5.714285714E+00
     2832     1.400000000E+00    -4.444444444E+01     5.714285714E+00
     2833    -8.331921929E-15    -4.444444444E+01     1.428571429E+01
     2834    -7.632123758E-15    -5.000000000E+01     1.142857143E+01
     2835     1.400000000E+00    -4.444444444E+01     1.142857143E+01
     2836    -9.731518271E-15    -4.444444444E+01     2.000000000E+01
     2837    -9.031720100E-15    -5.000000000E+01     1.714285714E+01
     2838     1.400000000E+00    -4.444444444E+01     1.714285714E+01
     2839    -1.113111461E-14    -4.444444444E+01     2.571428571E+01
     2840    -1.043131644E-14    -5.000000000E+01     2.285714286E+01
     2841     1.400000000E+00    -4.444444444E+01     2.285714286E+01
     2842    -1.253071095E-14    -4.444444444E+01     3.142857143E+01
     2843    -1.183091278E-14    -5.000000000E+01     2.857142857E+01
     2844     1.400000000E+00    -4.444444444E+01     2.857142857E+01
     2845    -1.323050913E-14    -5.000000000E+01     3.428571429E+01
     2846     1.400000000E+00    -4.444444444E+01     3.428571429E+01
     2847     2.864848806E-15    -5.555555556E+01    -3.142857143E+01
     2848     3.564646977E-15    -6.111111111E+01    -3.428571429E+01
     2849     4.264445148E-15    -5.555555556E+01    -3.714285714E+01
     2850     1.400000000E+00    -5.555555556E+01    -3.428571429E+01
     2851     1.465252464E-15    -5.555555556E+01    -2.571428571E+01
     2852     2.165050635E-15    -6.111111111E+01    -2.857142857E+01
     2853     1.400000000E+00    -5.555555556E+01    -2.857142857E+01
     2854     6.565612249E-17    -5.555555556E+01    -2.000000000E+01
     2855     7.654542934E-16    -6.111111111E+01    -2.285714286E+01
     2856     1.400000000E+00    -5.555555556E+01    -2.285714286E+01
     2857    -1.333940219E-15    -5.555555556E+01    -1.428571429E+01
     2858    -6.341420485E-16    -6.111111111E+01    -1.714285714E+01
     2859     1.400000000E+00    -5.555555556E+01    -1.714285714E+01
     2860    -2.733536561E-15    -5.555555556E+01    -8.571428571E+00
     2861    -2.033738390E-15    -6.111111111E+01    -1.142857143E+01
     2862     1.400000000E+00    -5.555555556E+01    -1.142857143E+01
     2863    -4.133132903E-15    -5.555555556E+01    -2.857142857E+00
     2864    -3.433334732E-15    -6.111111111E+01    -5.714285714E+00
     2865     1.400000000E+00    -5.555555556E+01    -5.714285714E+00
     2866    -5.532729245E-15    -5.555555556E+01     2.857142857E+00
     2867    -4.832931074E-15    -6.111111111E+01     3.155443621E-30
     2868     1.400000000E+00    -5.555555556E+01     0.000000000E+00
     2869    -6.932325587E-15    -5.555555556E+01     8.571428571E+00
     2870    -6.232527416E-15    -6.111111111E+01     5.714285714E+00
     2871     1.400000000E+00    -5.555555556E+01     5.714285714E+00
     2872    -8.331921929E-15    -5.555555556E+01     1.428571429E+01
     2873    -7.632123758E-15    -6.111111111E+01     1.142857143E+01
     2874     1.400000000E+00    -5.555555556E+01     1.142857143E+01
     2875    -9.731518271E-15    -5.555555556E+01     2.000000000E+01
     2876    -9.031720100E-15    -6.111111111E+01     1.714285714E+01
     2877     1.400000000E+00    -5.555555556E+01     1.714285714E+01
     2878    -1.113111461E-14    -5.555555556E+01     2.571428571E+01
     2879    -1.043131644E-14    -6.111111111E+01     2.285714286E+01
     2880     1.400000000E+00    -5.555555556E+01     2.285714286E+01
     2881    -1.253071095E-14    -5.555555556E+01     3.142857143E+01
     2882    -1.183091278E-14    -6.111111111E+01     2.857142857E+01
     2883     1.400000000E+00    -5.555555556E+01     2.857142857E+01
     2884    -1.323050913E-14    -6.111111111E+01     3.428571429E+01
     2885     1.400000000E+00    -5.555555556E+01     3.428571429E+01
     2886     2.864848806E-15    -6.666666667E+01    -3.142857143E+01
     2887     3.564646977E-15    -7.222222222E+01    -3.428571429E+01
     2888     4.264445148E-15    -6.666666667E+01    -3.714285714E+01
     2889     1.400000000E+00    -6.666666667E+01    -3.428571429E+01
     2890     1.465252464E-15    -6.666666667E+01    -2.571428571E+01
     2891     2.165050635E-15    -7.222222222E+01    -2.857142857E+01
     2892     1.400000000E+00    -6.666666667E+01    -2.857142857E+01
     2893     6.565612249E-17    -6.666666667E+01    -2.000000000E+01
     2894     7.654542934E-16    -7.222222222E+01    -2.285714286E+01
     2895     1.400000000E+00    -6.666666667E+01    -2.285714286E+01
     2896    -1.333940219E-15    -6.666666667E+01    -1.428571429E+01
     2897    -6.341420485E-16    -7.222222222E+01    -1.714285714E+01
     2898     1.400000000E+00    -6.666666667E+01    -1.714285714E+01
     2899    -2.733536561E-15    -6.666666667E+01    -8.571428571E+00
     2900    -2.033738390E-15    -7.222222222E+01    -1.142857143E+01
     2901     1.400000000E+00    -6.666666667E+01    -1.142857143E+01
     2902    -4.133132903E-15    -6.666666667E+01    -2.857142857E+00
     2903    -3.433334732E-15    -7.222222222E+01    -5.714285714E+00
     2904     1.400000000E+00    -6.666666667E+01    -5.714285714E+00
     2905    -5.532729245E-15    -6.666666667E+01     2.857142857E+00
     2906    -4.832931074E-15    -7.222222222E+01     3.155443621E-30
     2907     1.400000000E+00    -6.666666667E+01     0.000000000E+00
     2908    -6.932325587E-15    -6.666666667E+01     8.571428571E+00
     2909    -6.232527416E-15    -7.222222222E+01     5.714285714E+00
     2910     1.400000000E+00    -6.666666667E+01     5.714285714E+00
     2911    -8.331921929E-15    -6.666666667E+01     1.428571429E+01
     2912    -7.632123758E-15    -7.222222222E+01     1.142857143E+01
     2913     1.400000000E+00    -6.666666667E+01     1.142857143E+01
     2914    -9.731518271E-15    -6.666666667E+01     2.000000000E+01
     2915    -9.031720100E-15    -7.222222222E+01     1.714285714E+01
     2916     1.400000000E+00    -6.666666667E+01     1.714285714E+01
     2917    -1.113111461E-14    -6.666666667E+01     2.571428571E+01
     2918    -1.043131644E-14    -7.222222222E+01     2.285714286E+01
     2919     1.400000000E+00    -6.666666667E+01     2.285714286E+01
     2920    -1.253071095E-14    -6.666666667E+01     3.142857143E+01
     2921    -1.183091278E-14    -7.222222222E+01     2.857142857E+01
     2922     1.400000000E+00    -6.666666667E+01     2.857142857E+01
     2923    -1.323050913E-14    -7.222222222E+01     3.428571429E+01
     2924     1.400000000E+00    -6.666666667E+01     3.428571429E+01
     2925     2.864848806E-15    -7.777777778E+01    -3.142857143E+01
     2926     3.564646977E-15    -8.333333333E+01    -3.428571429E+01
     2927     4.264445148E-15    -7.777777778E+01    -3.714285714E+01
     2928     1.400000000E+00    -7.777777778E+01    -3.428571429E+01
     2929     1.465252464E-15    -7.777777778E+01    -2.571428571E+01
     2930     2.165050635E-15    -8.333333333E+01    -2.857142857E+01
     2931     1.400000000E+00    -7.777777778E+01    -2.857142857E+01
     2932     6.565612249E-17    -7.777777778E+01    -2.000000000E+01
     2933     7.654542934E-16    -8.333333333E+01    -2.285714286E+01
     2934     1.400000000E+00    -7.777777778E+01    -2.285714286E+01
     2935    -1.333940219E-15    -7.777777778E+01    -1.428571429E+01
     2936    -6.341420485E-16    -8.333333333E+01    -1.714285714E+01
     2937     1.400000000E+00    -7.777777778E+01    -1.714285714E+01
     2938    -2.733536561E-15    -7.777777778E+01    -8.571428571E+00
     2939    -2.033738390E-15    -8.333333333E+01    -1.142857143E+01
     2940     1.400000000E+00    -7.777777778E+01    -1.142857143E+01
     2941    -4.133132903E-15    -7.777777778E+01    -2.857142857E+00
     2942    -3.433334732E-15    -8.333333333E+01    -5.714285714E+00
     2943     1.400000000E+00    -7.777777778E+01    -5.714285714E+00
     2944    -5.532729245E-15    -7.777777778E+01     2.857142857E+00
     2945    -4.832931074E-15    -8.333333333E+01     3.155443621E-30
     2946     1.400000000E+00    -7.777777778E+01     0.000000000E+00
     2947    -6.932325587E-15    -7.777777778E+01     8.571428571E+00
     2948    -6.232527416E-15    -8.333333333E+01     5.714285714E+00
     2949     1.400000000E+00    -7.777777778E+01     5.714285714E+00
     2950    -8.331921929E-15    -7.777777778E+01     1.428571429E+01
     2951    -7.632123758E-15    -8.333333333E+01     1.142857143E+01
     2952     1.400000000E+00    -7.777777778E+01     1.142857143E+01
     2953    -9.731518271E-15    -7.777777778E+01     2.000000000E+01
     2954    -9.031720100E-15    -8.333333333E+01     1.714285714E+01
     2955     1.400000000E+00    -7.777777778E+01     1.714285714E+01
     2956    -1.113111461E-14    -7.777777778E+01     2.571428571E+01
     2957    -1.043131644E-14    -8.333333333E+01     2.285714286E+01
     2958     1.400000000E+00    -7.777777778E+01     2.285714286E+01
     2959    -1.253071095E-14    -7.777777778E+01     3.142857143E+01
     2960    -1.183091278E-14    -8.333333333E+01     2.857142857E+01
     2961     1.400000000E+00    -7.777777778E+01     2.857142857E+01
     2962    -1.323050913E-14    -8.333333333E+01     3.428571429E+01
     2963     1.400000000E+00    -7.777777778E+01     3.428571429E+01
     2964     2.864848806E-15    -8.888888889E+01    -3.142857143E+01
     2965     3.564646977E-15    -9.444444444E+01    -3.428571429E+01
     2966     4.264445148E-15    -8.888888889E+01    -3.714285714E+01
     2967     1.400000000E+00    -8.888888889E+01    -3.428571429E+01
     2968     1.465252464E-15    -8.888888889E+01    -2.571428571E+01
     2969     2.165050635E-15    -9.444444444E+01    -2.857142857E+01
     2970     1.400000000E+00    -8.888888889E+01    -2.857142857E+01
     2971     6.565612249E-17    -8.888888889E+01    -2.000000000E+01
     2972     7.654542934E-16    -9.444444444E+01    -2.285714286E+01
     2973     1.400000000E+00    -8.888888889E+01    -2.285714286E+01
     2974    -1.333940219E-15    -8.888888889E+01    -1.428571429E+01
     2975    -6.341420485E-16    -9.444444444E+01    -1.714285714E+01
     2976     1.400000000E+00    -8.888888889E+01    -1.714285714E+01
     2977    -2.733536561E-15    -8.888888889E+01    -8.571428571E+00
     2978    -2.033738390E-15    -9.444444444E+01    -1.142857143E+01
     2979     1.400000000E+00    -8.888888889E+01    -1.142857143E+01
     2980    -4.133132903E-15    -8.888888889E+01    -2.857142857E+00
     2981    -3.433334732E-15    -9.444444444E+01    -5.714285714E+00
     2982     1.400000000E+00    -8.888888889E+01    -5.714285714E+00
     2983    -5.532729245E-15    -8.888888889E+01     2.857142857E+00
     2984    -4.832931074E-15    -9.444444444E+01     3.155443621E-30
     2985     1.400000000E+00    -8.888888889E+01     0.000000000E+00
     2986    -6.932325587E-15    -8.888888889E+01     8.571428571E+00
     2987    -6.232527416E-15    -9.444444444E+01     5.714285714E+00
     2988     1.400000000E+00    -8.888888889E+01     5.714285714E+00
     2989    -8.331921929E-15    -8.888888889E+01     1.428571429E+01
     2990    -7.632123758E-15    -9.444444444E+01     1.142857143E+01
     2991     1.400000000E+00    -8.888888889E+01     1.142857143E+01
     2992    -9.731518271E-15    -8.888888889E+01     2.000000000E+01
     2993    -9.031720100E-15    -9.444444444E+01     1.714285714E+01
     2994     1.400000000E+00    -8.888888889E+01     1.714285714E+01
     2995    -1.113111461E-14    -8.888888889E+01     2.571428571E+01
     2996    -1.043131644E-14    -9.444444444E+01     2.285714286E+01
     2997     1.400000000E+00    -8.888888889E+01     2.285714286E+01
     2998    -1.253071095E-14    -8.888888889E+01     3.142857143E+01
     2999    -1.183091278E-14    -9.444444444E+01     2.857142857E+01
     3000     1.400000000E+00    -8.888888889E+01     2.857142857E+01
     3001    -1.323050913E-14    -9.444444444E+01     3.428571429E+01
     3002     1.400000000E+00    -8.888888889E+01     3.428571429E+01
     3003     2.864848806E-15    -1.000000000E+02    -3.142857143E+01
     3004     3.564646977E-15    -1.055555556E+02    -3.428571429E+01
     3005     4.264445148E-15    -1.000000000E+02    -3.714285714E+01
     3006     1.400000000E+00    -1.000000000E+02    -3.428571429E+01
     3007     1.465252464E-15    -1.000000000E+02    -2.571428571E+01
     3008     2.165050635E-15    -1.055555556E+02    -2.857142857E+01
     3009     1.400000000E+00    -1.000000000E+02    -2.857142857E+01
     3010     6.565612249E-17    -1.000000000E+02    -2.000000000E+01
     3011     7.654542934E-16    -1.055555556E+02    -2.285714286E+01
     3012     1.400000000E+00    -1.000000000E+02    -2.285714286E+01
     3013    -1.333940219E-15    -1.000000000E+02    -1.428571429E+01
     3014    -6.341420485E-16    -1.055555556E+02    -1.714285714E+01
     3015     1.400000000E+00    -1.000000000E+02    -1.714285714E+01
     3016    -2.733536561E-15    -1.000000000E+02    -8.571428571E+00
     3017    -2.033738390E-15    -1.055555556E+02    -1.142857143E+01
     3018     1.400000000E+00    -1.000000000E+02    -1.142857143E+01
     3019    -4.133132903E-15    -1.000000000E+02    -2.857142857E+00
     3020    -3.433334732E-15    -1.055555556E+02    -5.714285714E+00
     3021     1.400000000E+00    -1.000000000E+02    -5.714285714E+00
     3022    -5.532729245E-15    -1.000000000E+02     2.857142857E+00
     3023    -4.832931074E-15    -1.055555556E+02     3.155443621E-30
     3024     1.400000000E+00    -1.000000000E+02     0.000000000E+00
     3025    -6.932325587E-15    -1.000000000E+02     8.571428571E+00
     3026    -6.232527416E-15    -1.055555556E+02     5.714285714E+00
     3027     1.400000000E+00    -1.000000000E+02     5.714285714E+00
     3028    -8.331921929E-15    -1.000000000E+02     1.428571429E+01
     3029    -7.632123758E-15    -1.055555556E+02     1.142857143E+01
     3030     1.400000000E+00    -1.000000000E+02     1.142857143E+01
     3031    -9.731518271E-15    -1.000000000E+02     2.000000000E+01
     3032    -9.031720100E-15    -1.055555556E+02     1.714285714E+01
     3033     1.400000000E+00    -1.000000000E+02     1.714285714E+01
     3034    -1.113111461E-14    -1.000000000E+02     2.571428571E+01
     3035    -1.043131644E-14    -1.055555556E+02     2.285714286E+01
     3036     1.400000000E+00    -1.000000000E+02     2.285714286E+01
     3037    -1.253071095E-14    -1.000000000E+02     3.142857143E+01
     3038    -1.183091278E-14    -1.055555556E+02     2.857142857E+01
     3039     1.400000000E+00    -1.000000000E+02     2.857142857E+01
     3040    -1.323050913E-14    -1.055555556E+02     3.428571429E+01
     3041     1.400000000E+00    -1.000000000E+02     3.428571429E+01
     3042     2.864848806E-15    -1.111111111E+02    -3.142857143E+01
     3043     3.564646977E-15    -1.166666667E+02    -3.428571429E+01
     3044     4.264445148E-15    -1.111111111E+02    -3.714285714E+01
     3045     1.400000000E+00    -1.111111111E+02    -3.428571429E+01
     3046     1.465252464E-15    -1.111111111E+02    -2.571428571E+01
     3047     2.165050635E-15    -1.166666667E+02    -2.857142857E+01
     3048     1.400000000E+00    -1.111111111E+02    -2.857142857E+01
     3049     6.565612249E-17    -1.111111111E+02    -2.000000000E+01
     3050     7.654542934E-16    -1.166666667E+02    -2.285714286E+01
     3051     1.400000000E+00    -1.111111111E+02    -2.285714286E+01
     3052    -1.333940219E-15    -1.111111111E+02    -1.428571429E+01
     3053    -6.341420485E-16    -1.166666667E+02    -1.714285714E+01
     3054     1.400000000E+00    -1.111111111E+02    -1.714285714E+01
     3055    -2.733536561E-15    -1.111111111E+02    -8.571428571E+00
     3056    -2.033738390E-15    -1.166666667E+02    -1.142857143E+01
     3057     1.400000000E+00    -1.111111111E+02    -1.142857143E+01
     3058    -4.133132903E-15    -1.111111111E+02    -2.857142857E+00
     3059    -3.433334732E-15    -1.166666667E+02    -5.714285714E+00
     3060     1.400000000E+00    -1.111111111E+02    -5.714285714E+00
     3061    -5.532729245E-15    -1.111111111E+02     2.857142857E+00
     3062    -4.832931074E-15    -1.166666667E+02     3.155443621E-30
     3063     1.400000000E+00    -1.111111111E+02     0.000000000E+00
     3064    -6.932325587E-15    -1.111111111E+02     8.571428571E+00
     3065    -6.232527416E-15    -1.166666667E+02     5.714285714E+00
     3066     1.400000000E+00    -1.111111111E+02     5.714285714E+00
     3067    -8.331921929E-15    -1.111111111E+02     1.428571429E+01
     3068    -7.632123758E-15    -1.166666667E+02     1.142857143E+01
     3069     1.400000000E+00    -1.111111111E+02     1.142857143E+01
     3070    -9.731518271E-15    -1.111111111E+02     2.000000000E+01
     3071    -9.031720100E-15    -1.166666667E+02     1.714285714E+01
     3072     1.400000000E+00    -1.111111111E+02     1.714285714E+01
     3073    -1.113111461E-14    -1.111111111E+02     2.571428571E+01
     3074    -1.043131644E-14    -1.166666667E+02     2.285714286E+01
     3075     1.400000000E+00    -1.111111111E+02     2.285714286E+01
     3076    -1.253071095E-14    -1.111111111E+02     3.142857143E+01
     3077    -1.183091278E-14    -1.166666667E+02     2.857142857E+01
     3078     1.400000000E+00    -1.111111111E+02     2.857142857E+01
     3079    -1.323050913E-14    -1.166666667E+02     3.428571429E+01
     3080     1.400000000E+00    -1.111111111E+02     3.428571429E+01
     3081     2.864848806E-15    -1.222222222E+02    -3.142857143E+01
     3082     3.564646977E-15    -1.277777778E+02    -3.428571429E+01
     3083     4.264445148E-15    -1.222222222E+02    -3.714285714E+01
     3084     1.400000000E+00    -1.222222222E+02    -3.428571429E+01
     3085     1.465252464E-15    -1.222222222E+02    -2.571428571E+01
     3086     2.165050635E-15    -1.277777778E+02    -2.857142857E+01
     3087     1.400000000E+00    -1.222222222E+02    -2.857142857E+01
     3088     6.565612249E-17    -1.222222222E+02    -2.000000000E+01
     3089     7.654542934E-16    -1.277777778E+02    -2.285714286E+01
     3090     1.400000000E+00    -1.222222222E+02    -2.285714286E+01
     3091    -1.333940219E-15    -1.222222222E+02    -1.428571429E+01
     3092    -6.341420485E-16    -1.277777778E+02    -1.714285714E+01
     3093     1.400000000E+00    -1.222222222E+02    -1.714285714E+01
     3094    -2.733536561E-15    -1.222222222E+02    -8.571428571E+00
     3095    -2.033738390E-15    -1.277777778E+02    -1.142857143E+01
     3096     1.400000000E+00    -1.222222222E+02    -1.142857143E+01
     3097    -4.133132903E-15    -1.222222222E+02    -2.857142857E+00
     3098    -3.433334732E-15    -1.277777778E+02    -5.714285714E+00
     3099     1.400000000E+00    -1.222222222E+02    -5.714285714E+00
     3100    -5.532729245E-15    -1.222222222E+02     2.857142857E+00
     3101    -4.832931074E-15    -1.277777778E+02     3.155443621E-30
     3102     1.400000000E+00    -1.222222222E+02     0.000000000E+00
     3103    -6.932325587E-15    -1.222222222E+02     8.571428571E+00
     3104    -6.232527416E-15    -1.277777778E+02     5.714285714E+00
     3105     1.400000000E+00    -1.222222222E+02     5.714285714E+00
     3106    -8.331921929E-15    -1.222222222E+02     1.428571429E+01
     3107    -7.632123758E-15    -1.277777778E+02     1.142857143E+01
     3108     1.400000000E+00    -1.222222222E+02     1.142857143E+01
     3109    -9.731518271E-15    -1.222222222E+02     2.000000000E+01
     3110    -9.031720100E-15    -1.277777778E+02     1.714285714E+01
     3111     1.400000000E+00    -1.222222222E+02     1.714285714E+01
     3112    -1.113111461E-14    -1.222222222E+02     2.571428571E+01
     3113    -1.043131644E-14    -1.277777778E+02     2.285714286E+01
     3114     1.400000000E+00    -1.222222222E+02     2.285714286E+01
     3115    -1.253071095E-14    -1.222222222E+02     3.142857143E+01
     3116    -1.183091278E-14    -1.277777778E+02     2.857142857E+01
     3117     1.400000000E+00    -1.222222222E+02     2.857142857E+01
     3118    -1.323050913E-14    -1.277777778E+02     3.428571429E+01
     3119     1.400000000E+00    -1.222222222E+02     3.428571429E+01
     3120     2.864848806E-15    -1.333333333E+02    -3.142857143E+01
     3121     3.564646977E-15    -1.388888889E+02    -3.428571429E+01
     3122     4.264445148E-15    -1.333333333E+02    -3.714285714E+01
     3123     1.400000000E+00    -1.333333333E+02    -3.428571429E+01
     3124     1.465252464E-15    -1.333333333E+02    -2.571428571E+01
     3125     2.165050635E-15    -1.388888889E+02    -2.857142857E+01
     3126     1.400000000E+00    -1.333333333E+02    -2.857142857E+01
     3127     6.565612249E-17    -1.333333333E+02    -2.000000000E+01
     3128     7.654542934E-16    -1.388888889E+02    -2.285714286E+01
     3129     1.400000000E+00    -1.333333333E+02    -2.285714286E+01
     3130    -1.333940219E-15    -1.333333333E+02    -1.428571429E+01
     3131    -6.341420485E-16    -1.388888889E+02    -1.714285714E+01
     3132     1.400000000E+00    -1.333333333E+02    -1.714285714E+01
     3133    -2.733536561E-15    -1.333333333E+02    -8.571428571E+00
     3134    -2.033738390E-15    -1.388888889E+02    -1.142857143E+01
     3135     1.400000000E+00    -1.333333333E+02    -1.142857143E+01
     3136    -4.133132903E-15    -1.333333333E+02    -2.857142857E+00
     3137    -3.433334732E-15    -1.388888889E+02    -5.714285714E+00
     3138     1.400000000E+00    -1.333333333E+02    -5.714285714E+00
     3139    -5.532729245E-15    -1.333333333E+02     2.857142857E+00
     3140    -4.832931074E-15    -1.388888889E+02     3.155443621E-30
     3141     1.400000000E+00    -1.333333333E+02     0.000000000E+00
     3142    -6.932325587E-15    -1.333333333E+02     8.571428571E+00
     3143    -6.232527416E-15    -1.388888889E+02     5.714285714E+00
     3144     1.400000000E+00    -1.333333333E+02     5.714285714E+00
     3145    -8.331921929E-15    -1.333333333E+02     1.428571429E+01
     3146    -7.632123758E-15    -1.388888889E+02     1.142857143E+01
     3147     1.400000000E+00    -1.333333333E+02     1.142857143E+01
     3148    -9.731518271E-15    -1.333333333E+02     2.000000000E+01
     3149    -9.031720100E-15    -1.388888889E+02     1.714285714E+01
     3150     1.400000000E+00    -1.333333333E+02     1.714285714E+01
     3151    -1.113111461E-14    -1.333333333E+02     2.571428571E+01
     3152    -1.043131644E-14    -1.388888889E+02     2.285714286E+01
     3153     1.400000000E+00    -1.333333333E+02     2.285714286E+01
     3154    -1.253071095E-14    -1.333333333E+02     3.142857143E+01
     3155    -1.183091278E-14    -1.388888889E+02     2.857142857E+01
     3156     1.400000000E+00    -1.333333333E+02     2.857142857E+01
     3157    -1.323050913E-14    -1.388888889E+02     3.428571429E+01
     3158     1.400000000E+00    -1.333333333E+02     3.428571429E+01
     3159     2.864848806E-15    -1.444444444E+02    -3.142857143E+01
     3160     3.564646977E-15    -1.500000000E+02    -3.428571429E+01
     3161     4.264445148E-15    -1.444444444E+02    -3.714285714E+01
     3162     1.400000000E+00    -1.444444444E+02    -3.428571429E+01
     3163     1.465252464E-15    -1.444444444E+02    -2.571428571E+01
     3164     2.165050635E-15    -1.500000000E+02    -2.857142857E+01
     3165     1.400000000E+00    -1.444444444E+02    -2.857142857E+01
     3166     6.565612249E-17    -1.444444444E+02    -2.000000000E+01
     3167     7.654542934E-16    -1.500000000E+02    -2.285714286E+01
     3168     1.400000000E+00    -1.444444444E+02    -2.285714286E+01
     3169    -1.333940219E-15    -1.444444444E+02    -1.428571429E+01
     3170    -6.341420485E-16    -1.500000000E+02    -1.714285714E+01
     3171     1.400000000E+00    -1.444444444E+02    -1.714285714E+01
     3172    -2.733536561E-15    -1.444444444E+02    -8.571428571E+00
     3173    -2.033738390E-15    -1.500000000E+02    -1.142857143E+01
     3174     1.400000000E+00    -1.444444444E+02    -1.142857143E+01
     3175    -4.133132903E-15    -1.444444444E+02    -2.857142857E+00
     3176    -3.433334732E-15    -1.500000000E+02    -5.714285714E+00
     3177     1.400000000E+00    -1.444444444E+02    -5.714285714E+00
     3178    -5.532729245E-15    -1.444444444E+02     2.857142857E+00
     3179    -4.832931074E-15    -1.500000000E+02     3.155443621E-30
     3180     1.400000000E+00    -1.444444444E+02     0.000000000E+00
     3181    -6.932325587E-15    -1.444444444E+02     8.571428571E+00
     3182    -6.232527416E-15    -1.500000000E+02     5.714285714E+00
     3183     1.400000000E+00    -1.444444444E+02     5.714285714E+00
     3184    -8.331921929E-15    -1.444444444E+02     1.428571429E+01
     3185    -7.632123758E-15    -1.500000000E+02     1.142857143E+01
     3186     1.400000000E+00    -1.444444444E+02     1.142857143E+01
     3187    -9.731518271E-15    -1.444444444E+02     2.000000000E+01
     3188    -9.031720100E-15    -1.500000000E+02     1.714285714E+01
     3189     1.400000000E+00    -1.444444444E+02     1.714285714E+01
     3190    -1.113111461E-14    -1.444444444E+02     2.571428571E+01
     3191    -1.043131644E-14    -1.500000000E+02     2.285714286E+01
     3192     1.400000000E+00    -1.444444444E+02     2.285714286E+01
     3193    -1.253071095E-14    -1.444444444E+02     3.142857143E+01
     3194    -1.183091278E-14    -1.500000000E+02     2.857142857E+01
     3195     1.400000000E+00    -1.444444444E+02     2.857142857E+01
     3196    -1.323050913E-14    -1.500000000E+02     3.428571429E+01
     3197     1.400000000E+00    -1.444444444E+02     3.428571429E+01
     3198     2.864848806E-15    -1.555555556E+02    -3.142857143E+01
     3199     3.564646977E-15    -1.611111111E+02    -3.428571429E+01
     3200     4.264445148E-15    -1.555555556E+02    -3.714285714E+01
     3201     1.400000000E+00    -1.555555556E+02    -3.428571429E+01
     3202     1.465252464E-15    -1.555555556E+02    -2.571428571E+01
     3203     2.165050635E-15    -1.611111111E+02    -2.857142857E+01
     3204     1.400000000E+00    -1.555555556E+02    -2.857142857E+01
     3205     6.565612249E-17    -1.555555556E+02    -2.000000000E+01
     3206     7.654542934E-16    -1.611111111E+02    -2.285714286E+01
     3207     1.400000000E+00    -1.555555556E+02    -2.285714286E+01
     3208    -1.333940219E-15    -1.555555556E+02    -1.428571429E+01
     3209    -6.341420485E-16    -1.611111111E+02    -1.714285714E+01
     3210     1.400000000E+00    -1.555555556E+02    -1.714285714E+01
     3211    -2.733536561E-15    -1.555555556E+02    -8.571428571E+00
     3212    -2.033738390E-15    -1.611111111E+02    -1.142857143E+01
     3213     1.400000000E+00    -1.555555556E+02    -1.142857143E+01
     3214    -4.133132903E-15    -1.555555556E+02    -2.857142857E+00
     3215    -3.433334732E-15    -1.611111111E+02    -5.714285714E+00
     3216     1.400000000E+00    -1.555555556E+02    -5.714285714E+00
     3217    -5.532729245E-15    -1.555555556E+02     2.857142857E+00
     3218    -4.832931074E-15    -1.611111111E+02    -1.776356839E-15
     3219     1.400000000E+00    -1.555555556E+02     0.000000000E+00
     3220    -6.932325587E-15    -1.555555556E+02     8.571428571E+00
     3221    -6.232527416E-15    -1.611111111E+02     5.714285714E+00
     3222     1.400000000E+00    -1.555555556E+02     5.714285714E+00
     3223    -8.331921929E-15    -1.555555556E+02     1.428571429E+01
     3224    -7.632123758E-15    -1.611111111E+02     1.142857143E+01
     3225     1.400000000E+00    -1.555555556E+02     1.142857143E+01
     3226    -9.731518271E-15    -1.555555556E+02     2.000000000E+01
     3227    -9.031720100E-15    -1.611111111E+02     1.714285714E+01
     3228     1.400000000E+00    -1.555555556E+02     1.714285714E+01
     3229    -1.113111461E-14    -1.555555556E+02     2.571428571E+01
     3230    -1.043131644E-14    -1.611111111E+02     2.285714286E+01
     3231     1.400000000E+00    -1.555555556E+02     2.285714286E+01
     3232    -1.253071095E-14    -1.555555556E+02     3.142857143E+01
     3233    -1.183091278E-14    -1.611111111E+02     2.857142857E+01
     3234     1.400000000E+00    -1.555555556E+02     2.857142857E+01
     3235    -1.323050913E-14    -1.611111111E+02     3.428571429E+01
     3236     1.400000000E+00    -1.555555556E+02     3.428571429E+01
     3237     2.864848806E-15    -1.666666667E+02    -3.142857143E+01
     3238     3.564646977E-15    -1.722222222E+02    -3.428571429E+01
     3239     4.264445148E-15    -1.666666667E+02    -3.714285714E+01
     3240     1.400000000E+00    -1.666666667E+02    -3.428571429E+01
     3241     1.465252464E-15    -1.666666667E+02    -2.571428571E+01
     3242     2.165050635E-15    -1.722222222E+02    -2.857142857E+01
     3243     1.400000000E+00    -1.666666667E+02    -2.857142857E+01
     3244     6.565612249E-17    -1.666666667E+02    -2.000000000E+01
     3245     7.654542934E-16    -1.722222222E+02    -2.285714286E+01
     3246     1.400000000E+00    -1.666666667E+02    -2.285714286E+01
     3247    -1.333940219E-15    -1.666666667E+02    -1.428571429E+01
     3248    -6.341420485E-16    -1.722222222E+02    -1.714285714E+01
     3249     1.400000000E+00    -1.666666667E+02    -1.714285714E+01
     3250    -2.733536561E-15    -1.666666667E+02    -8.571428571E+00
     3251    -2.033738390E-15    -1.722222222E+02    -1.142857143E+01
     3252     1.400000000E+00    -1.666666667E+02    -1.142857143E+01
     3253    -4.133132903E-15    -1.666666667E+02    -2.857142857E+00
     3254    -3.433334732E-15    -1.722222222E+02    -5.714285714E+00
     3255     1.400000000E+00    -1.666666667E+02    -5.714285714E+00
     3256    -5.532729245E-15    -1.666666667E+02     2.857142857E+00
     3257    -4.832931074E-15    -1.722222222E+02    -1.776356839E-15
     3258     1.400000000E+00    -1.666666667E+02     0.000000000E+00
     3259    -6.932325587E-15    -1.666666667E+02     8.571428571E+00
     3260    -6.232527416E-15    -1.722222222E+02     5.714285714E+00
     3261     1.400000000E+00    -1.666666667E+02     5.714285714E+00
     3262    -8.331921929E-15    -1.666666667E+02     1.428571429E+01
     3263    -7.632123758E-15    -1.722222222E+02     1.142857143E+01
     3264     1.400000000E+00    -1.666666667E+02     1.142857143E+01
     3265    -9.731518271E-15    -1.666666667E+02     2.000000000E+01
     3266    -9.031720100E-15    -1.722222222E+02     1.714285714E+01
     3267     1.400000000E+00    -1.666666667E+02     1.714285714E+01
     3268    -1.113111461E-14    -1.666666667E+02     2.571428571E+01
     3269    -1.043131644E-14    -1.722222222E+02     2.285714286E+01
     3270     1.400000000E+00    -1.666666667E+02     2.285714286E+01
     3271    -1.253071095E-14    -1.666666667E+02     3.142857143E+01
     3272    -1.183091278E-14    -1.722222222E+02     2.857142857E+01
     3273     1.400000000E+00    -1.666666667E+02     2.857142857E+01
     3274    -1.323050913E-14    -1.722222222E+02     3.428571429E+01
     3275     1.400000000E+00    -1.666666667E+02     3.428571429E+01
     3276     2.864848806E-15    -1.777777778E+02    -3.142857143E+01
     3277     3.564646977E-15    -1.833333333E+02    -3.428571429E+01
     3278     4.264445148E-15    -1.777777778E+02    -3.714285714E+01
     3279     1.400000000E+00    -1.777777778E+02    -3.428571429E+01
     3280     1.465252464E-15    -1.777777778E+02    -2.571428571E+01
     3281     2.165050635E-15    -1.833333333E+02    -2.857142857E+01
     3282     1.400000000E+00    -1.777777778E+02    -2.857142857E+01
     3283     6.565612249E-17    -1.777777778E+02    -2.000000000E+01
     3284     7.654542934E-16    -1.833333333E+02    -2.285714286E+01
     3285     1.400000000E+00    -1.777777778E+02    -2.285714286E+01
     3286    -1.333940219E-15    -1.777777778E+02    -1.428571429E+01
     3287    -6.341420485E-16    -1.833333333E+02    -1.714285714E+01
     3288     1.400000000E+00    -1.777777778E+02    -1.714285714E+01
     3289    -2.733536561E-15    -1.777777778E+02    -8.571428571E+00
     3290    -2.033738390E-15    -1.833333333E+02    -1.142857143E+01
     3291     1.400000000E+00    -1.777777778E+02    -1.142857143E+01
     3292    -4.133132903E-15    -1.777777778E+02    -2.857142857E+00
     3293    -3.433334732E-15    -1.833333333E+02    -5.714285714E+00
     3294     1.400000000E+00    -1.777777778E+02    -5.714285714E+00
     3295    -5.532729245E-15    -1.777777778E+02     2.857142857E+00
     3296    -4.832931074E-15    -1.833333333E+02     3.155443621E-30
     3297     1.400000000E+00    -1.777777778E+02     0.000000000E+00
     3298    -6.932325587E-15    -1.777777778E+02     8.571428571E+00
     3299    -6.232527416E-15    -1.833333333E+02     5.714285714E+00
     3300     1.400000000E+00    -1.777777778E+02     5.714285714E+00
     3301    -8.331921929E-15    -1.777777778E+02     1.428571429E+01
     3302    -7.632123758E-15    -1.833333333E+02     1.142857143E+01
     3303     1.400000000E+00    -1.777777778E+02     1.142857143E+01
     3304    -9.731518271E-15    -1.777777778E+02     2.000000000E+01
     3305    -9.031720100E-15    -1.833333333E+02     1.714285714E+01
     3306     1.400000000E+00    -1.777777778E+02     1.714285714E+01
     3307    -1.113111461E-14    -1.777777778E+02     2.571428571E+01
     3308    -1.043131644E-14    -1.833333333E+02     2.285714286E+01
     3309     1.400000000E+00    -1.777777778E+02     2.285714286E+01
     3310    -1.253071095E-14    -1.777777778E+02     3.142857143E+01
     3311    -1.183091278E-14    -1.833333333E+02     2.857142857E+01
     3312     1.400000000E+00    -1.777777778E+02     2.857142857E+01
     3313    -1.323050913E-14    -1.833333333E+02     3.428571429E+01
     3314     1.400000000E+00    -1.777777778E+02     3.428571429E+01
     3315     2.864848806E-15    -1.888888889E+02    -3.142857143E+01
     3316     4.264445148E-15    -1.888888889E+02    -3.714285714E+01
     3317     1.400000000E+00    -1.888888889E+02    -3.428571429E+01
     3318     1.465252464E-15    -1.888888889E+02    -2.571428571E+01
     3319     1.400000000E+00    -1.888888889E+02    -2.857142857E+01
     3320     6.565612249E-17    -1.888888889E+02    -2.000000000E+01
     3321     1.400000000E+00    -1.888888889E+02    -2.285714286E+01
     3322    -1.333940219E-15    -1.888888889E+02    -1.428571429E+01
     3323     1.400000000E+00    -1.888888889E+02    -1.714285714E+01
     3324    -2.733536561E-15    -1.888888889E+02    -8.571428571E+00
     3325     1.400000000E+00    -1.888888889E+02    -1.142857143E+01
     3326    -4.133132903E-15    -1.888888889E+02    -2.857142857E+00
     3327     1.400000000E+00    -1.888888889E+02    -5.714285714E+00
     3328    -5.532729245E-15    -1.888888889E+02     2.857142857E+00
     3329     1.400000000E+00    -1.888888889E+02     0.000000000E+00
     3330    -6.932325587E-15    -1.888888889E+02     8.571428571E+00
     3331     1.400000000E+00    -1.888888889E+02     5.714285714E+00
     3332    -8.331921929E-15    -1.888888889E+02     1.428571429E+01
     3333     1.400000000E+00    -1.888888889E+02     1.142857143E+01
     3334    -9.731518271E-15    -1.888888889E+02     2.000000000E+01
     3335     1.400000000E+00    -1.888888889E+02     1.714285714E+01
     3336    -1.113111461E-14    -1.888888889E+02     2.571428571E+01
     3337     1.400000000E+00    -1.888888889E+02     2.285714286E+01
     3338    -1.253071095E-14    -1.888888889E+02     3.142857143E+01
     3339     1.400000000E+00    -1.888888889E+02     2.857142857E+01
     3340     1.400000000E+00    -1.888888889E+02     3.428571429E+01
     3341    -1.550725352E-14     0.000000000E+00    -3.142857143E+01
     3342    -1.557742536E-14     0.000000000E+00    -3.714285714E+01
     3343     1.400000000E+00     0.000000000E+00    -3.428571429E+01
     3344    -1.543708167E-14     0.000000000E+00    -2.571428571E+01
     3345     1.400000000E+00     0.000000000E+00    -2.857142857E+01
     3346    -1.536690983E-14     0.000000000E+00    -2.000000000E+01
     3347     1.400000000E+00     0.000000000E+00    -2.285714286E+01
     3348    -1.529673799E-14     0.000000000E+00    -1.428571429E+01
     3349     1.400000000E+00     0.000000000E+00    -1.714285714E+01
     3350    -1.522656614E-14     0.000000000E+00    -8.571428571E+00
     3351     1.400000000E+00     0.000000000E+00    -1.142857143E+01
     3352    -1.515639430E-14     0.000000000E+00    -2.857142857E+00
     3353     1.400000000E+00     0.000000000E+00    -5.714285714E+00
     3354    -1.508622245E-14     0.000000000E+00     2.857142857E+00
     3355     1.400000000E+00     0.000000000E+00     0.000000000E+00
     3356    -1.501605061E-14     0.000000000E+00     8.571428571E+00
     3357     1.400000000E+00     0.000000000E+00     5.714285714E+00
     3358    -1.494587877E-14     0.000000000E+00     1.428571429E+01
     3359     1.400000000E+00     0.000000000E+00     1.142857143E+01
     3360    -1.487570692E-14     0.000000000E+00     2.000000000E+01
     3361     1.400000000E+00     0.000000000E+00     1.714285714E+01
     3362    -1.480553508E-14     0.000000000E+00     2.571428571E+01
     3363     1.400000000E+00     0.000000000E+00     2.285714286E+01
     3364    -1.473536323E-14     0.000000000E+00     3.142857143E+01
     3365     1.400000000E+00     0.000000000E+00     2.857142857E+01
     3366     1.400000000E+00     0.000000000E+00     3.428571429E+01
     3367    -1.561251128E-14    -1.833333333E+02    -4.000000000E+01
     3368     1.921471960E-01    -1.888888889E+02    -4.195090322E+01
     3369     1.400000000E+00    -1.888888889E+02    -4.000000000E+01
     3370    -1.561251128E-14    -1.722222222E+02    -4.000000000E+01
     3371     1.921471960E-01    -1.777777778E+02    -4.195090322E+01
     3372     1.400000000E+00    -1.777777778E+02    -4.000000000E+01
     3373    -1.561251128E-14    -1.611111111E+02    -4.000000000E+01
     3374     1.921471960E-01    -1.666666667E+02    -4.195090322E+01
     3375     1.400000000E+00    -1.666666667E+02    -4.000000000E+01
     3376    -1.561251128E-14    -1.500000000E+02    -4.000000000E+01
     3377     1.921471960E-01    -1.555555556E+02    -4.195090322E+01
     3378     1.400000000E+00    -1.555555556E+02    -4.000000000E+01
     3379    -1.561251128E-14    -1.388888889E+02    -4.000000000E+01
     3380     1.921471960E-01    -1.444444444E+02    -4.195090322E+01
     3381     1.400000000E+00    -1.444444444E+02    -4.000000000E+01
     3382    -1.561251128E-14    -1.277777778E+02    -4.000000000E+01
     3383     1.921471960E-01    -1.333333333E+02    -4.195090322E+01
     3384     1.400000000E+00    -1.333333333E+02    -4.000000000E+01
     3385    -1.561251128E-14    -1.166666667E+02    -4.000000000E+01
     3386     1.921471960E-01    -1.222222222E+02    -4.195090322E+01
     3387     1.400000000E+00    -1.222222222E+02    -4.000000000E+01
     3388    -1.561251128E-14    -1.055555556E+02    -4.000000000E+01
     3389     1.921471960E-01    -1.111111111E+02    -4.195090322E+01
     3390     1.400000000E+00    -1.111111111E+02    -4.000000000E+01
     3391    -1.561251128E-14    -9.444444444E+01    -4.000000000E+01
     3392     1.921471960E-01    -1.000000000E+02    -4.195090322E+01
     3393     1.400000000E+00    -1.000000000E+02    -4.000000000E+01
     3394    -1.561251128E-14    -8.333333333E+01    -4.000000000E+01
     3395     1.921471960E-01    -8.888888889E+01    -4.195090322E+01
     3396     1.400000000E+00    -8.888888889E+01    -4.000000000E+01
     3397    -1.561251128E-14    -7.222222222E+01    -4.000000000E+01
     3398     1.921471960E-01    -7.777777778E+01    -4.195090322E+01
     3399     1.400000000E+00    -7.777777778E+01    -4.000000000E+01
     3400    -1.561251128E-14    -6.111111111E+01    -4.000000000E+01
     3401     1.921471960E-01    -6.666666667E+01    -4.195090322E+01
     3402     1.400000000E+00    -6.666666667E+01    -4.000000000E+01
     3403    -1.561251128E-14    -5.000000000E+01    -4.000000000E+01
     3404     1.921471960E-01    -5.555555556E+01    -4.195090322E+01
     3405     1.400000000E+00    -5.555555556E+01    -4.000000000E+01
     3406    -1.561251128E-14    -3.888888889E+01    -4.000000000E+01
     3407     1.921471960E-01    -4.444444444E+01    -4.195090322E+01
     3408     1.400000000E+00    -4.444444444E+01    -4.000000000E+01
     3409    -1.561251128E-14    -2.777777778E+01    -4.000000000E+01
     3410     1.921471960E-01    -3.333333333E+01    -4.195090322E+01
     3411     1.400000000E+00    -3.333333333E+01    -4.000000000E+01
     3412    -1.561251128E-14    -1.666666667E+01    -4.000000000E+01
     3413     1.921471960E-01    -2.222222222E+01    -4.195090322E+01
     3414     1.400000000E+00    -2.222222222E+01    -4.000000000E+01
     3415    -1.561251128E-14    -5.555555556E+00    -4.000000000E+01
     3416     1.921471960E-01     0.000000000E+00    -4.195090322E+01
     3417     1.400000000E+00     0.000000000E+00    -4.000000000E+01
     3418     1.921471960E-01    -1.111111111E+01    -4.195090322E+01
     3419     1.400000000E+00    -1.111111111E+01    -4.000000000E+01
     3420     4.444297670E+00    -1.111111111E+01    -4.831469612E+01
     3421     6.173165676E+00    -1.666666667E+01    -4.923879533E+01
     3422     6.173165676E+00    -5.555555556E+00    -4.923879533E+01
     3423     8.049096780E+00    -1.111111111E+01    -4.980785280E+01
     3424     6.708922482E+00    -1.111111111E+01    -4.794536398E+01
     3425     1.685303877E+00    -1.111111111E+01    -4.555570233E+01
     3426     2.928932188E+00    -1.666666667E+01    -4.707106781E+01
     3427     2.928932188E+00    -5.555555556E+00    -4.707106781E+01
     3428     3.918881682E+00    -1.111111111E+01    -4.608111832E+01
     3429     7.612046749E-01    -1.666666667E+01    -4.382683432E+01
     3430     7.612046749E-01    -5.555555556E+00    -4.382683432E+01
     3431     2.054636020E+00    -1.111111111E+01    -4.329107752E+01
     3432     4.444297670E+00    -2.222222222E+01    -4.831469612E+01
     3433     6.173165676E+00    -2.777777778E+01    -4.923879533E+01
     3434     8.049096780E+00    -2.222222222E+01    -4.980785280E+01
     3435     6.708922482E+00    -2.222222222E+01    -4.794536398E+01
     3436     1.685303877E+00    -2.222222222E+01    -4.555570233E+01
     3437     2.928932188E+00    -2.777777778E+01    -4.707106781E+01
     3438     3.918881682E+00    -2.222222222E+01    -4.608111832E+01
     3439     7.612046749E-01    -2.777777778E+01    -4.382683432E+01
     3440     2.054636020E+00    -2.222222222E+01    -4.329107752E+01
     3441     4.444297670E+00    -3.333333333E+01    -4.831469612E+01
     3442     6.173165676E+00    -3.888888889E+01    -4.923879533E+01
     3443     8.049096780E+00    -3.333333333E+01    -4.980785280E+01
     3444     6.708922482E+00    -3.333333333E+01    -4.794536398E+01
     3445     1.685303877E+00    -3.333333333E+01    -4.555570233E+01
     3446     2.928932188E+00    -3.888888889E+01    -4.707106781E+01
     3447     3.918881682E+00    -3.333333333E+01    -4.608111832E+01
     3448     7.612046749E-01    -3.888888889E+01    -4.382683432E+01
     3449     2.054636020E+00    -3.333333333E+01    -4.329107752E+01
     3450     4.444297670E+00    -4.444444444E+01    -4.831469612E+01
     3451     6.173165676E+00    -5.000000000E+01    -4.923879533E+01
     3452     8.049096780E+00    -4.444444444E+01    -4.980785280E+01
     3453     6.708922482E+00    -4.444444444E+01    -4.794536398E+01
     3454     1.685303877E+00    -4.444444444E+01    -4.555570233E+01
     3455     2.928932188E+00    -5.000000000E+01    -4.707106781E+01
     3456     3.918881682E+00    -4.444444444E+01    -4.608111832E+01
     3457     7.612046749E-01    -5.000000000E+01    -4.382683432E+01
     3458     2.054636020E+00    -4.444444444E+01    -4.329107752E+01
     3459     4.444297670E+00    -5.555555556E+01    -4.831469612E+01
     3460     6.173165676E+00    -6.111111111E+01    -4.923879533E+01
     3461     8.049096780E+00    -5.555555556E+01    -4.980785280E+01
     3462     6.708922482E+00    -5.555555556E+01    -4.794536398E+01
     3463     1.685303877E+00    -5.555555556E+01    -4.555570233E+01
     3464     2.928932188E+00    -6.111111111E+01    -4.707106781E+01
     3465     3.918881682E+00    -5.555555556E+01    -4.608111832E+01
     3466     7.612046749E-01    -6.111111111E+01    -4.382683432E+01
     3467     2.054636020E+00    -5.555555556E+01    -4.329107752E+01
     3468     4.444297670E+00    -6.666666667E+01    -4.831469612E+01
     3469     6.173165676E+00    -7.222222222E+01    -4.923879533E+01
     3470     8.049096780E+00    -6.666666667E+01    -4.980785280E+01
     3471     6.708922482E+00    -6.666666667E+01    -4.794536398E+01
     3472     1.685303877E+00    -6.666666667E+01    -4.555570233E+01
     3473     2.928932188E+00    -7.222222222E+01    -4.707106781E+01
     3474     3.918881682E+00    -6.666666667E+01    -4.608111832E+01
     3475     7.612046749E-01    -7.222222222E+01    -4.382683432E+01
     3476     2.054636020E+00    -6.666666667E+01    -4.329107752E+01
     3477     4.444297670E+00    -7.777777778E+01    -4.831469612E+01
     3478     6.173165676E+00    -8.333333333E+01    -4.923879533E+01
     3479     8.049096780E+00    -7.777777778E+01    -4.980785280E+01
     3480     6.708922482E+00    -7.777777778E+01    -4.794536398E+01
     3481     1.685303877E+00    -7.777777778E+01    -4.555570233E+01
     3482     2.928932188E+00    -8.333333333E+01    -4.707106781E+01
     3483     3.918881682E+00    -7.777777778E+01    -4.608111832E+01
     3484     7.612046749E-01    -8.333333333E+01    -4.382683432E+01
     3485     2.054636020E+00    -7.777777778E+01    -4.329107752E+01
     3486     4.444297670E+00    -8.888888889E+01    -4.831469612E+01
     3487     6.173165676E+00    -9.444444444E+01    -4.923879533E+01
     3488     8.049096780E+00    -8.888888889E+01    -4.980785280E+01
     3489     6.708922482E+00    -8.888888889E+01    -4.794536398E+01
     3490     1.685303877E+00    -8.888888889E+01    -4.555570233E+01
     3491     2.928932188E+00    -9.444444444E+01    -4.707106781E+01
     3492     3.918881682E+00    -8.888888889E+01    -4.608111832E+01
     3493     7.612046749E-01    -9.444444444E+01    -4.382683432E+01
     3494     2.054636020E+00    -8.888888889E+01    -4.329107752E+01
     3495     4.444297670E+00    -1.000000000E+02    -4.831469612E+01
     3496     6.173165676E+00    -1.055555556E+02    -4.923879533E+01
     3497     8.049096780E+00    -1.000000000E+02    -4.980785280E+01
     3498     6.708922482E+00    -1.000000000E+02    -4.794536398E+01
     3499     1.685303877E+00    -1.000000000E+02    -4.555570233E+01
     3500     2.928932188E+00    -1.055555556E+02    -4.707106781E+01
     3501     3.918881682E+00    -1.000000000E+02    -4.608111832E+01
     3502     7.612046749E-01    -1.055555556E+02    -4.382683432E+01
     3503     2.054636020E+00    -1.000000000E+02    -4.329107752E+01
     3504     4.444297670E+00    -1.111111111E+02    -4.831469612E+01
     3505     6.173165676E+00    -1.166666667E+02    -4.923879533E+01
     3506     8.049096780E+00    -1.111111111E+02    -4.980785280E+01
     3507     6.708922482E+00    -1.111111111E+02    -4.794536398E+01
     3508     1.685303877E+00    -1.111111111E+02    -4.555570233E+01
     3509     2.928932188E+00    -1.166666667E+02    -4.707106781E+01
     3510     3.918881682E+00    -1.111111111E+02    -4.608111832E+01
     3511     7.612046749E-01    -1.166666667E+02    -4.382683432E+01
     3512     2.054636020E+00    -1.111111111E+02    -4.329107752E+01
     3513     4.444297670E+00    -1.222222222E+02    -4.831469612E+01
     3514     6.173165676E+00    -1.277777778E+02    -4.923879533E+01
     3515     8.049096780E+00    -1.222222222E+02    -4.980785280E+01
     3516     6.708922482E+00    -1.222222222E+02    -4.794536398E+01
     3517     1.685303877E+00    -1.222222222E+02    -4.555570233E+01
     3518     2.928932188E+00    -1.277777778E+02    -4.707106781E+01
     3519     3.918881682E+00    -1.222222222E+02    -4.608111832E+01
     3520     7.612046749E-01    -1.277777778E+02    -4.382683432E+01
     3521     2.054636020E+00    -1.222222222E+02    -4.329107752E+01
     3522     4.444297670E+00    -1.333333333E+02    -4.831469612E+01
     3523     6.173165676E+00    -1.388888889E+02    -4.923879533E+01
     3524     8.049096780E+00    -1.333333333E+02    -4.980785280E+01
     3525     6.708922482E+00    -1.333333333E+02    -4.794536398E+01
     3526     1.685303877E+00    -1.333333333E+02    -4.555570233E+01
     3527     2.928932188E+00    -1.388888889E+02    -4.707106781E+01
     3528     3.918881682E+00    -1.333333333E+02    -4.608111832E+01
     3529     7.612046749E-01    -1.388888889E+02    -4.382683432E+01
     3530     2.054636020E+00    -1.333333333E+02    -4.329107752E+01
     3531     4.444297670E+00    -1.444444444E+02    -4.831469612E+01
     3532     6.173165676E+00    -1.500000000E+02    -4.923879533E+01
     3533     8.049096780E+00    -1.444444444E+02    -4.980785280E+01
     3534     6.708922482E+00    -1.444444444E+02    -4.794536398E+01
     3535     1.685303877E+00    -1.444444444E+02    -4.555570233E+01
     3536     2.928932188E+00    -1.500000000E+02    -4.707106781E+01
     3537     3.918881682E+00    -1.444444444E+02    -4.608111832E+01
     3538     7.612046749E-01    -1.500000000E+02    -4.382683432E+01
     3539     2.054636020E+00    -1.444444444E+02    -4.329107752E+01
     3540     4.444297670E+00    -1.555555556E+02    -4.831469612E+01
     3541     6.173165676E+00    -1.611111111E+02    -4.923879533E+01
     3542     8.049096780E+00    -1.555555556E+02    -4.980785280E+01
     3543     6.708922482E+00    -1.555555556E+02    -4.794536398E+01
     3544     1.685303877E+00    -1.555555556E+02    -4.555570233E+01
     3545     2.928932188E+00    -1.611111111E+02    -4.707106781E+01
     3546     3.918881682E+00    -1.555555556E+02    -4.608111832E+01
     3547     7.612046749E-01    -1.611111111E+02    -4.382683432E+01
     3548     2.054636020E+00    -1.555555556E+02    -4.329107752E+01
     3549     4.444297670E+00    -1.666666667E+02    -4.831469612E+01
     3550     6.173165676E+00    -1.722222222E+02    -4.923879533E+01
     3551     8.049096780E+00    -1.666666667E+02    -4.980785280E+01
     3552     6.708922482E+00    -1.666666667E+02    -4.794536398E+01
     3553     1.685303877E+00    -1.666666667E+02    -4.555570233E+01
     3554     2.928932188E+00    -1.722222222E+02    -4.707106781E+01
     3555     3.918881682E+00    -1.666666667E+02    -4.608111832E+01
     3556     7.612046749E-01    -1.722222222E+02    -4.382683432E+01
     3557     2.054636020E+00    -1.666666667E+02    -4.329107752E+01
     3558     4.444297670E+00    -1.777777778E+02    -4.831469612E+01
     3559     6.173165676E+00    -1.833333333E+02    -4.923879533E+01
     3560     8.049096780E+00    -1.777777778E+02    -4.980785280E+01
     3561     6.708922482E+00    -1.777777778E+02    -4.794536398E+01
     3562     1.685303877E+00    -1.777777778E+02    -4.555570233E+01
     3563     2.928932188E+00    -1.833333333E+02    -4.707106781E+01
     3564     3.918881682E+00    -1.777777778E+02    -4.608111832E+01
     3565     7.612046749E-01    -1.833333333E+02    -4.382683432E+01
     3566     2.054636020E+00    -1.777777778E+02    -4.329107752E+01
     3567     4.444297670E+00    -1.888888889E+02    -4.831469612E+01
     3568     8.049096780E+00    -1.888888889E+02    -4.980785280E+01
     3569     6.708922482E+00    -1.888888889E+02    -4.794536398E+01
     3570     1.685303877E+00    -1.888888889E+02    -4.555570233E+01
     3571     3.918881682E+00    -1.888888889E+02    -4.608111832E+01
     3572     2.054636020E+00    -1.888888889E+02    -4.329107752E+01
     3573     1.685303877E+00     0.000000000E+00    -4.555570233E+01
     3574     2.054636020E+00     0.000000000E+00    -4.329107752E+01
     3575     4.444297670E+00     0.000000000E+00    -4.831469612E+01
     3576     3.918881682E+00     0.000000000E+00    -4.608111832E+01
     3577     8.049096780E+00     0.000000000E+00    -4.980785280E+01
     3578     6.708922482E+00     0.000000000E+00    -4.794536398E+01
     3579     1.000000000E+01    -5.555555556E+00    -5.000000000E+01
     3580     1.250000000E+01     0.000000000E+00    -5.000000000E+01
     3581     1.000000000E+01     0.000000000E+00    -4.860000000E+01
     3582     1.000000000E+01    -1.666666667E+01    -5.000000000E+01
     3583     1.250000000E+01    -1.111111111E+01    -5.000000000E+01
     3584     1.000000000E+01    -1.111111111E+01    -4.860000000E+01
     3585     1.000000000E+01    -2.777777778E+01    -5.000000000E+01
     3586     1.250000000E+01    -2.222222222E+01    -5.000000000E+01
     3587     1.000000000E+01    -2.222222222E+01    -4.860000000E+01
     3588     1.000000000E+01    -3.888888889E+01    -5.000000000E+01
     3589     1.250000000E+01    -3.333333333E+01    -5.000000000E+01
     3590     1.000000000E+01    -3.333333333E+01    -4.860000000E+01
     3591     1.000000000E+01    -5.000000000E+01    -5.000000000E+01
     3592     1.250000000E+01    -4.444444444E+01    -5.000000000E+01
     3593     1.000000000E+01    -4.444444444E+01    -4.860000000E+01
     3594     1.000000000E+01    -6.111111111E+01    -5.000000000E+01
     3595     1.250000000E+01    -5.555555556E+01    -5.000000000E+01
     3596     1.000000000E+01    -5.555555556E+01    -4.860000000E+01
     3597     1.000000000E+01    -7.222222222E+01    -5.000000000E+01
     3598     1.250000000E+01    -6.666666667E+01    -5.000000000E+01
     3599     1.000000000E+01    -6.666666667E+01    -4.860000000E+01
     3600     1.000000000E+01    -8.333333333E+01    -5.000000000E+01
     3601     1.250000000E+01    -7.777777778E+01    -5.000000000E+01
     3602     1.000000000E+01    -7.777777778E+01    -4.860000000E+01
     3603     1.000000000E+01    -9.444444444E+01    -5.000000000E+01
     3604     1.250000000E+01    -8.888888889E+01    -5.000000000E+01
     3605     1.000000000E+01    -8.888888889E+01    -4.860000000E+01
     3606     1.000000000E+01    -1.055555556E+02    -5.000000000E+01
     3607     1.250000000E+01    -1.000000000E+02    -5.000000000E+01
     3608     1.000000000E+01    -1.000000000E+02    -4.860000000E+01
     3609     1.000000000E+01    -1.166666667E+02    -5.000000000E+01
     3610     1.250000000E+01    -1.111111111E+02    -5.000000000E+01
     3611     1.000000000E+01    -1.111111111E+02    -4.860000000E+01
     3612     1.000000000E+01    -1.277777778E+02    -5.000000000E+01
     3613     1.250000000E+01    -1.222222222E+02    -5.000000000E+01
     3614     1.000000000E+01    -1.222222222E+02    -4.860000000E+01
     3615     1.000000000E+01    -1.388888889E+02    -5.000000000E+01
     3616     1.250000000E+01    -1.333333333E+02    -5.000000000E+01
     3617     1.000000000E+01    -1.333333333E+02    -4.860000000E+01
     3618     1.000000000E+01    -1.500000000E+02    -5.000000000E+01
     3619     1.250000000E+01    -1.444444444E+02    -5.000000000E+01
     3620     1.000000000E+01    -1.444444444E+02    -4.860000000E+01
     3621     1.000000000E+01    -1.611111111E+02    -5.000000000E+01
     3622     1.250000000E+01    -1.555555556E+02    -5.000000000E+01
     3623     1.000000000E+01    -1.555555556E+02    -4.860000000E+01
     3624     1.000000000E+01    -1.722222222E+02    -5.000000000E+01
     3625     1.250000000E+01    -1.666666667E+02    -5.000000000E+01
     3626     1.000000000E+01    -1.666666667E+02    -4.860000000E+01
     3627     1.000000000E+01    -1.833333333E+02    -5.000000000E+01
     3628     1.250000000E+01    -1.777777778E+02    -5.000000000E+01
     3629     1.000000000E+01    -1.777777778E+02    -4.860000000E+01
     3630     1.250000000E+01    -1.888888889E+02    -5.000000000E+01
     3631     1.000000000E+01    -1.888888889E+02    -4.860000000E+01
     3632     5.250000000E+01    -1.111111111E+01    -5.000000000E+01
     3633     5.500000000E+01    -1.666666667E+01    -5.000000000E+01
     3634     5.500000000E+01    -5.555555556E+00    -5.000000000E+01
     3635     5.750000000E+01    -1.111111111E+01    -5.000000000E+01
     3636     5.500000000E+01    -1.111111111E+01    -4.860000000E+01
     3637     4.750000000E+01    -1.111111111E+01    -5.000000000E+01
     3638     5.000000000E+01    -1.666666667E+01    -5.000000000E+01
     3639     5.000000000E+01    -5.555555556E+00    -5.000000000E+01
     3640     5.000000000E+01    -1.111111111E+01    -4.860000000E+01
     3641     4.250000000E+01    -1.111111111E+01    -5.000000000E+01
     3642     4.500000000E+01    -1.666666667E+01    -5.000000000E+01
     3643     4.500000000E+01    -5.555555556E+00    -5.000000000E+01
     3644     4.500000000E+01    -1.111111111E+01    -4.860000000E+01
     3645     3.750000000E+01    -1.111111111E+01    -5.000000000E+01
     3646     4.000000000E+01    -1.666666667E+01    -5.000000000E+01
     3647     4.000000000E+01    -5.555555556E+00    -5.000000000E+01
     3648     4.000000000E+01    -1.111111111E+01    -4.860000000E+01
     3649     3.250000000E+01    -1.111111111E+01    -5.000000000E+01
     3650     3.500000000E+01    -1.666666667E+01    -5.000000000E+01
     3651     3.500000000E+01    -5.555555556E+00    -5.000000000E+01
     3652     3.500000000E+01    -1.111111111E+01    -4.860000000E+01
     3653     2.750000000E+01    -1.111111111E+01    -5.000000000E+01
     3654     3.000000000E+01    -1.666666667E+01    -5.000000000E+01
     3655     3.000000000E+01    -5.555555556E+00    -5.000000000E+01
     3656     3.000000000E+01    -1.111111111E+01    -4.860000000E+01
     3657     2.250000000E+01    -1.111111111E+01    -5.000000000E+01
     3658     2.500000000E+01    -1.666666667E+01    -5.000000000E+01
     3659     2.500000000E+01    -5.555555556E+00    -5.000000000E+01
     3660     2.500000000E+01    -1.111111111E+01    -4.860000000E+01
     3661     1.750000000E+01    -1.111111111E+01    -5.000000000E+01
     3662     2.000000000E+01    -1.666666667E+01    -5.000000000E+01
     3663     2.000000000E+01    -5.555555556E+00    -5.000000000E+01
     3664     2.000000000E+01    -1.111111111E+01    -4.860000000E+01
     3665     1.500000000E+01    -1.666666667E+01    -5.000000000E+01
     3666     1.500000000E+01    -5.555555556E+00    -5.000000000E+01
     3667     1.500000000E+01    -1.111111111E+01    -4.860000000E+01
     3668     5.250000000E+01    -2.222222222E+01    -5.000000000E+01
     3669     5.500000000E+01    -2.777777778E+01    -5.000000000E+01
     3670     5.750000000E+01    -2.222222222E+01    -5.000000000E+01
     3671     5.500000000E+01    -2.222222222E+01    -4.860000000E+01
     3672     4.750000000E+01    -2.222222222E+01    -5.000000000E+01
     3673     5.000000000E+01    -2.777777778E+01    -5.000000000E+01
     3674     5.000000000E+01    -2.222222222E+01    -4.860000000E+01
     3675     4.250000000E+01    -2.222222222E+01    -5.000000000E+01
     3676     4.500000000E+01    -2.777777778E+01    -5.000000000E+01
     3677     4.500000000E+01    -2.222222222E+01    -4.860000000E+01
     3678     3.750000000E+01    -2.222222222E+01    -5.000000000E+01
     3679     4.000000000E+01    -2.777777778E+01    -5.000000000E+01
     3680     4.000000000E+01    -2.222222222E+01    -4.860000000E+01
     3681     3.250000000E+01    -2.222222222E+01    -5.000000000E+01
     3682     3.500000000E+01    -2.777777778E+01    -5.000000000E+01
     3683     3.500000000E+01    -2.222222222E+01    -4.860000000E+01
     3684     2.750000000E+01    -2.222222222E+01    -5.000000000E+01
     3685     3.000000000E+01    -2.777777778E+01    -5.000000000E+01
     3686     3.000000000E+01    -2.222222222E+01    -4.860000000E+01
     3687     2.250000000E+01    -2.222222222E+01    -5.000000000E+01
     3688     2.500000000E+01    -2.777777778E+01    -5.000000000E+01
     3689     2.500000000E+01    -2.222222222E+01    -4.860000000E+01
     3690     1.750000000E+01    -2.222222222E+01    -5.000000000E+01
     3691     2.000000000E+01    -2.777777778E+01    -5.000000000E+01
     3692     2.000000000E+01    -2.222222222E+01    -4.860000000E+01
     3693     1.500000000E+01    -2.777777778E+01    -5.000000000E+01
     3694     1.500000000E+01    -2.222222222E+01    -4.860000000E+01
     3695     5.250000000E+01    -3.333333333E+01    -5.000000000E+01
     3696     5.500000000E+01    -3.888888889E+01    -5.000000000E+01
     3697     5.750000000E+01    -3.333333333E+01    -5.000000000E+01
     3698     5.500000000E+01    -3.333333333E+01    -4.860000000E+01
     3699     4.750000000E+01    -3.333333333E+01    -5.000000000E+01
     3700     5.000000000E+01    -3.888888889E+01    -5.000000000E+01
     3701     5.000000000E+01    -3.333333333E+01    -4.860000000E+01
     3702     4.250000000E+01    -3.333333333E+01    -5.000000000E+01
     3703     4.500000000E+01    -3.888888889E+01    -5.000000000E+01
     3704     4.500000000E+01    -3.333333333E+01    -4.860000000E+01
     3705     3.750000000E+01    -3.333333333E+01    -5.000000000E+01
     3706     4.000000000E+01    -3.888888889E+01    -5.000000000E+01
     3707     4.000000000E+01    -3.333333333E+01    -4.860000000E+01
     3708     3.250000000E+01    -3.333333333E+01    -5.000000000E+01
     3709     3.500000000E+01    -3.888888889E+01    -5.000000000E+01
     3710     3.500000000E+01    -3.333333333E+01    -4.860000000E+01
     3711     2.750000000E+01    -3.333333333E+01    -5.000000000E+01
     3712     3.000000000E+01    -3.888888889E+01    -5.000000000E+01
     3713     3.000000000E+01    -3.333333333E+01    -4.860000000E+01
     3714     2.250000000E+01    -3.333333333E+01    -5.000000000E+01
     3715     2.500000000E+01    -3.888888889E+01    -5.000000000E+01
     3716     2.500000000E+01    -3.333333333E+01    -4.860000000E+01
     3717     1.750000000E+01    -3.333333333E+01    -5.000000000E+01
     3718     2.000000000E+01    -3.888888889E+01    -5.000000000E+01
     3719     2.000000000E+01    -3.333333333E+01    -4.860000000E+01
     3720     1.500000000E+01    -3.888888889E+01    -5.000000000E+01
     3721     1.500000000E+01    -3.333333333E+01    -4.860000000E+01
     3722     5.250000000E+01    -4.444444444E+01    -5.000000000E+01
     3723     5.500000000E+01    -5.000000000E+01    -5.000000000E+01
     3724     5.750000000E+01    -4.444444444E+01    -5.000000000E+01
     3725     5.500000000E+01    -4.444444444E+01    -4.860000000E+01
     3726     4.750000000E+01    -4.444444444E+01    -5.000000000E+01
     3727     5.000000000E+01    -5.000000000E+01    -5.000000000E+01
     3728     5.000000000E+01    -4.444444444E+01    -4.860000000E+01
     3729     4.250000000E+01    -4.444444444E+01    -5.000000000E+01
     3730     4.500000000E+01    -5.000000000E+01    -5.000000000E+01
     3731     4.500000000E+01    -4.444444444E+01    -4.860000000E+01
     3732     3.750000000E+01    -4.444444444E+01    -5.000000000E+01
     3733     4.000000000E+01    -5.000000000E+01    -5.000000000E+01
     3734     4.000000000E+01    -4.444444444E+01    -4.860000000E+01
     3735     3.250000000E+01    -4.444444444E+01    -5.000000000E+01
     3736     3.500000000E+01    -5.000000000E+01    -5.000000000E+01
     3737     3.500000000E+01    -4.444444444E+01    -4.860000000E+01
     3738     2.750000000E+01    -4.444444444E+01    -5.000000000E+01
     3739     3.000000000E+01    -5.000000000E+01    -5.000000000E+01
     3740     3.000000000E+01    -4.444444444E+01    -4.860000000E+01
     3741     2.250000000E+01    -4.444444444E+01    -5.000000000E+01
     3742     2.500000000E+01    -5.000000000E+01    -5.000000000E+01
     3743     2.500000000E+01    -4.444444444E+01    -4.860000000E+01
     3744     1.750000000E+01    -4.444444444E+01    -5.000000000E+01
     3745     2.000000000E+01    -5.000000000E+01    -5.000000000E+01
     3746     2.000000000E+01    -4.444444444E+01    -4.860000000E+01
     3747     1.500000000E+01    -5.000000000E+01    -5.000000000E+01
     3748     1.500000000E+01    -4.444444444E+01    -4.860000000E+01
     3749     5.250000000E+01    -5.555555556E+01    -5.000000000E+01
     3750     5.500000000E+01    -6.111111111E+01    -5.000000000E+01
     3751     5.750000000E+01    -5.555555556E+01    -5.000000000E+01
     3752     5.500000000E+01    -5.555555556E+01    -4.860000000E+01
     3753     4.750000000E+01    -5.555555556E+01    -5.000000000E+01
     3754     5.000000000E+01    -6.111111111E+01    -5.000000000E+01
     3755     5.000000000E+01    -5.555555556E+01    -4.860000000E+01
     3756     4.250000000E+01    -5.555555556E+01    -5.000000000E+01
     3757     4.500000000E+01    -6.111111111E+01    -5.000000000E+01
     3758     4.500000000E+01    -5.555555556E+01    -4.860000000E+01
     3759     3.750000000E+01    -5.555555556E+01    -5.000000000E+01
     3760     4.000000000E+01    -6.111111111E+01    -5.000000000E+01
     3761     4.000000000E+01    -5.555555556E+01    -4.860000000E+01
     3762     3.250000000E+01    -5.555555556E+01    -5.000000000E+01
     3763     3.500000000E+01    -6.111111111E+01    -5.000000000E+01
     3764     3.500000000E+01    -5.555555556E+01    -4.860000000E+01
     3765     2.750000000E+01    -5.555555556E+01    -5.000000000E+01
     3766     3.000000000E+01    -6.111111111E+01    -5.000000000E+01
     3767     3.000000000E+01    -5.555555556E+01    -4.860000000E+01
     3768     2.250000000E+01    -5.555555556E+01    -5.000000000E+01
     3769     2.500000000E+01    -6.111111111E+01    -5.000000000E+01
     3770     2.500000000E+01    -5.555555556E+01    -4.860000000E+01
     3771     1.750000000E+01    -5.555555556E+01    -5.000000000E+01
     3772     2.000000000E+01    -6.111111111E+01    -5.000000000E+01
     3773     2.000000000E+01    -5.555555556E+01    -4.860000000E+01
     3774     1.500000000E+01    -6.111111111E+01    -5.000000000E+01
     3775     1.500000000E+01    -5.555555556E+01    -4.860000000E+01
     3776     5.250000000E+01    -6.666666667E+01    -5.000000000E+01
     3777     5.500000000E+01    -7.222222222E+01    -5.000000000E+01
     3778     5.750000000E+01    -6.666666667E+01    -5.000000000E+01
     3779     5.500000000E+01    -6.666666667E+01    -4.860000000E+01
     3780     4.750000000E+01    -6.666666667E+01    -5.000000000E+01
     3781     5.000000000E+01    -7.222222222E+01    -5.000000000E+01
     3782     5.000000000E+01    -6.666666667E+01    -4.860000000E+01
     3783     4.250000000E+01    -6.666666667E+01    -5.000000000E+01
     3784     4.500000000E+01    -7.222222222E+01    -5.000000000E+01
     3785     4.500000000E+01    -6.666666667E+01    -4.860000000E+01
     3786     3.750000000E+01    -6.666666667E+01    -5.000000000E+01
     3787     4.000000000E+01    -7.222222222E+01    -5.000000000E+01
     3788     4.000000000E+01    -6.666666667E+01    -4.860000000E+01
     3789     3.250000000E+01    -6.666666667E+01    -5.000000000E+01
     3790     3.500000000E+01    -7.222222222E+01    -5.000000000E+01
     3791     3.500000000E+01    -6.666666667E+01    -4.860000000E+01
     3792     2.750000000E+01    -6.666666667E+01    -5.000000000E+01
     3793     3.000000000E+01    -7.222222222E+01    -5.000000000E+01
     3794     3.000000000E+01    -6.666666667E+01    -4.860000000E+01
     3795     2.250000000E+01    -6.666666667E+01    -5.000000000E+01
     3796     2.500000000E+01    -7.222222222E+01    -5.000000000E+01
     3797     2.500000000E+01    -6.666666667E+01    -4.860000000E+01
     3798     1.750000000E+01    -6.666666667E+01    -5.000000000E+01
     3799     2.000000000E+01    -7.222222222E+01    -5.000000000E+01
     3800     2.000000000E+01    -6.666666667E+01    -4.860000000E+01
     3801     1.500000000E+01    -7.222222222E+01    -5.000000000E+01
     3802     1.500000000E+01    -6.666666667E+01    -4.860000000E+01
     3803     5.250000000E+01    -7.777777778E+01    -5.000000000E+01
     3804     5.500000000E+01    -8.333333333E+01    -5.000000000E+01
     3805     5.750000000E+01    -7.777777778E+01    -5.000000000E+01
     3806     5.500000000E+01    -7.777777778E+01    -4.860000000E+01
     3807     4.750000000E+01    -7.777777778E+01    -5.000000000E+01
     3808     5.000000000E+01    -8.333333333E+01    -5.000000000E+01
     3809     5.000000000E+01    -7.777777778E+01    -4.860000000E+01
     3810     4.250000000E+01    -7.777777778E+01    -5.000000000E+01
     3811     4.500000000E+01    -8.333333333E+01    -5.000000000E+01
     3812     4.500000000E+01    -7.777777778E+01    -4.860000000E+01
     3813     3.750000000E+01    -7.777777778E+01    -5.000000000E+01
     3814     4.000000000E+01    -8.333333333E+01    -5.000000000E+01
     3815     4.000000000E+01    -7.777777778E+01    -4.860000000E+01
     3816     3.250000000E+01    -7.777777778E+01    -5.000000000E+01
     3817     3.500000000E+01    -8.333333333E+01    -5.000000000E+01
     3818     3.500000000E+01    -7.777777778E+01    -4.860000000E+01
     3819     2.750000000E+01    -7.777777778E+01    -5.000000000E+01
     3820     3.000000000E+01    -8.333333333E+01    -5.000000000E+01
     3821     3.000000000E+01    -7.777777778E+01    -4.860000000E+01
     3822     2.250000000E+01    -7.777777778E+01    -5.000000000E+01
     3823     2.500000000E+01    -8.333333333E+01    -5.000000000E+01
     3824     2.500000000E+01    -7.777777778E+01    -4.860000000E+01
     3825     1.750000000E+01    -7.777777778E+01    -5.000000000E+01
     3826     2.000000000E+01    -8.333333333E+01    -5.000000000E+01
     3827     2.000000000E+01    -7.777777778E+01    -4.860000000E+01
     3828     1.500000000E+01    -8.333333333E+01    -5.000000000E+01
     3829     1.500000000E+01    -7.777777778E+01    -4.860000000E+01
     3830     5.250000000E+01    -8.888888889E+01    -5.000000000E+01
     3831     5.500000000E+01    -9.444444444E+01    -5.000000000E+01
     3832     5.750000000E+01    -8.888888889E+01    -5.000000000E+01
     3833     5.500000000E+01    -8.888888889E+01    -4.860000000E+01
     3834     4.750000000E+01    -8.888888889E+01    -5.000000000E+01
     3835     5.000000000E+01    -9.444444444E+01    -5.000000000E+01
     3836     5.000000000E+01    -8.888888889E+01    -4.860000000E+01
     3837     4.250000000E+01    -8.888888889E+01    -5.000000000E+01
     3838     4.500000000E+01    -9.444444444E+01    -5.000000000E+01
     3839     4.500000000E+01    -8.888888889E+01    -4.860000000E+01
     3840     3.750000000E+01    -8.888888889E+01    -5.000000000E+01
     3841     4.000000000E+01    -9.444444444E+01    -5.000000000E+01
     3842     4.000000000E+01    -8.888888889E+01    -4.860000000E+01
     3843     3.250000000E+01    -8.888888889E+01    -5.000000000E+01
     3844     3.500000000E+01    -9.444444444E+01    -5.000000000E+01
     3845     3.500000000E+01    -8.888888889E+01    -4.860000000E+01
     3846     2.750000000E+01    -8.888888889E+01    -5.000000000E+01
     3847     3.000000000E+01    -9.444444444E+01    -5.000000000E+01
     3848     3.000000000E+01    -8.888888889E+01    -4.860000000E+01
     3849     2.250000000E+01    -8.888888889E+01    -5.000000000E+01
     3850     2.500000000E+01    -9.444444444E+01    -5.000000000E+01
     3851     2.500000000E+01    -8.888888889E+01    -4.860000000E+01
     3852     1.750000000E+01    -8.888888889E+01    -5.000000000E+01
     3853     2.000000000E+01    -9.444444444E+01    -5.000000000E+01
     3854     2.000000000E+01    -8.888888889E+01    -4.860000000E+01
     3855     1.500000000E+01    -9.444444444E+01    -5.000000000E+01
     3856     1.500000000E+01    -8.888888889E+01    -4.860000000E+01
     3857     5.250000000E+01    -1.000000000E+02    -5.000000000E+01
     3858     5.500000000E+01    -1.055555556E+02    -5.000000000E+01
     3859     5.750000000E+01    -1.000000000E+02    -5.000000000E+01
     3860     5.500000000E+01    -1.000000000E+02    -4.860000000E+01
     3861     4.750000000E+01    -1.000000000E+02    -5.000000000E+01
     3862     5.000000000E+01    -1.055555556E+02    -5.000000000E+01
     3863     5.000000000E+01    -1.000000000E+02    -4.860000000E+01
     3864     4.250000000E+01    -1.000000000E+02    -5.000000000E+01
     3865     4.500000000E+01    -1.055555556E+02    -5.000000000E+01
     3866     4.500000000E+01    -1.000000000E+02    -4.860000000E+01
     3867     3.750000000E+01    -1.000000000E+02    -5.000000000E+01
     3868     4.000000000E+01    -1.055555556E+02    -5.000000000E+01
     3869     4.000000000E+01    -1.000000000E+02    -4.860000000E+01
     3870     3.250000000E+01    -1.000000000E+02    -5.000000000E+01
     3871     3.500000000E+01    -1.055555556E+02    -5.000000000E+01
     3872     3.500000000E+01    -1.000000000E+02    -4.860000000E+01
     3873     2.750000000E+01    -1.000000000E+02    -5.000000000E+01
     3874     3.000000000E+01    -1.055555556E+02    -5.000000000E+01
     3875     3.000000000E+01    -1.000000000E+02    -4.860000000E+01
     3876     2.250000000E+01    -1.000000000E+02    -5.000000000E+01
     3877     2.500000000E+01    -1.055555556E+02    -5.000000000E+01
     3878     2.500000000E+01    -1.000000000E+02    -4.860000000E+01
     3879     1.750000000E+01    -1.000000000E+02    -5.000000000E+01
     3880     2.000000000E+01    -1.055555556E+02    -5.000000000E+01
     3881     2.000000000E+01    -1.000000000E+02    -4.860000000E+01
     3882     1.500000000E+01    -1.055555556E+02    -5.000000000E+01
     3883     1.500000000E+01    -1.000000000E+02    -4.860000000E+01
     3884     5.250000000E+01    -1.111111111E+02    -5.000000000E+01
     3885     5.500000000E+01    -1.166666667E+02    -5.000000000E+01
     3886     5.750000000E+01    -1.111111111E+02    -5.000000000E+01
     3887     5.500000000E+01    -1.111111111E+02    -4.860000000E+01
     3888     4.750000000E+01    -1.111111111E+02    -5.000000000E+01
     3889     5.000000000E+01    -1.166666667E+02    -5.000000000E+01
     3890     5.000000000E+01    -1.111111111E+02    -4.860000000E+01
     3891     4.250000000E+01    -1.111111111E+02    -5.000000000E+01
     3892     4.500000000E+01    -1.166666667E+02    -5.000000000E+01
     3893     4.500000000E+01    -1.111111111E+02    -4.860000000E+01
     3894     3.750000000E+01    -1.111111111E+02    -5.000000000E+01
     3895     4.000000000E+01    -1.166666667E+02    -5.000000000E+01
     3896     4.000000000E+01    -1.111111111E+02    -4.860000000E+01
     3897     3.250000000E+01    -1.111111111E+02    -5.000000000E+01
     3898     3.500000000E+01    -1.166666667E+02    -5.000000000E+01
     3899     3.500000000E+01    -1.111111111E+02    -4.860000000E+01
     3900     2.750000000E+01    -1.111111111E+02    -5.000000000E+01
     3901     3.000000000E+01    -1.166666667E+02    -5.000000000E+01
     3902     3.000000000E+01    -1.111111111E+02    -4.860000000E+01
     3903     2.250000000E+01    -1.111111111E+02    -5.000000000E+01
     3904     2.500000000E+01    -1.166666667E+02    -5.000000000E+01
     3905     2.500000000E+01    -1.111111111E+02    -4.860000000E+01
     3906     1.750000000E+01    -1.111111111E+02    -5.000000000E+01
     3907     2.000000000E+01    -1.166666667E+02    -5.000000000E+01
     3908     2.000000000E+01    -1.111111111E+02    -4.860000000E+01
     3909     1.500000000E+01    -1.166666667E+02    -5.000000000E+01
     3910     1.500000000E+01    -1.111111111E+02    -4.860000000E+01
     3911     5.250000000E+01    -1.222222222E+02    -5.000000000E+01
     3912     5.500000000E+01    -1.277777778E+02    -5.000000000E+01
     3913     5.750000000E+01    -1.222222222E+02    -5.000000000E+01
     3914     5.500000000E+01    -1.222222222E+02    -4.860000000E+01
     3915     4.750000000E+01    -1.222222222E+02    -5.000000000E+01
     3916     5.000000000E+01    -1.277777778E+02    -5.000000000E+01
     3917     5.000000000E+01    -1.222222222E+02    -4.860000000E+01
     3918     4.250000000E+01    -1.222222222E+02    -5.000000000E+01
     3919     4.500000000E+01    -1.277777778E+02    -5.000000000E+01
     3920     4.500000000E+01    -1.222222222E+02    -4.860000000E+01
     3921     3.750000000E+01    -1.222222222E+02    -5.000000000E+01
     3922     4.000000000E+01    -1.277777778E+02    -5.000000000E+01
     3923     4.000000000E+01    -1.222222222E+02    -4.860000000E+01
     3924     3.250000000E+01    -1.222222222E+02    -5.000000000E+01
     3925     3.500000000E+01    -1.277777778E+02    -5.000000000E+01
     3926     3.500000000E+01    -1.222222222E+02    -4.860000000E+01
     3927     2.750000000E+01    -1.222222222E+02    -5.000000000E+01
     3928     3.000000000E+01    -1.277777778E+02    -5.000000000E+01
     3929     3.000000000E+01    -1.222222222E+02    -4.860000000E+01
     3930     2.250000000E+01    -1.222222222E+02    -5.000000000E+01
     3931     2.500000000E+01    -1.277777778E+02    -5.000000000E+01
     3932     2.500000000E+01    -1.222222222E+02    -4.860000000E+01
     3933     1.750000000E+01    -1.222222222E+02    -5.000000000E+01
     3934     2.000000000E+01    -1.277777778E+02    -5.000000000E+01
     3935     2.000000000E+01    -1.222222222E+02    -4.860000000E+01
     3936     1.500000000E+01    -1.277777778E+02    -5.000000000E+01
     3937     1.500000000E+01    -1.222222222E+02    -4.860000000E+01
     3938     5.250000000E+01    -1.333333333E+02    -5.000000000E+01
     3939     5.500000000E+01    -1.388888889E+02    -5.000000000E+01
     3940     5.750000000E+01    -1.333333333E+02    -5.000000000E+01
     3941     5.500000000E+01    -1.333333333E+02    -4.860000000E+01
     3942     4.750000000E+01    -1.333333333E+02    -5.000000000E+01
     3943     5.000000000E+01    -1.388888889E+02    -5.000000000E+01
     3944     5.000000000E+01    -1.333333333E+02    -4.860000000E+01
     3945     4.250000000E+01    -1.333333333E+02    -5.000000000E+01
     3946     4.500000000E+01    -1.388888889E+02    -5.000000000E+01
     3947     4.500000000E+01    -1.333333333E+02    -4.860000000E+01
     3948     3.750000000E+01    -1.333333333E+02    -5.000000000E+01
     3949     4.000000000E+01    -1.388888889E+02    -5.000000000E+01
     3950     4.000000000E+01    -1.333333333E+02    -4.860000000E+01
     3951     3.250000000E+01    -1.333333333E+02    -5.000000000E+01
     3952     3.500000000E+01    -1.388888889E+02    -5.000000000E+01
     3953     3.500000000E+01    -1.333333333E+02    -4.860000000E+01
     3954     2.750000000E+01    -1.333333333E+02    -5.000000000E+01
     3955     3.000000000E+01    -1.388888889E+02    -5.000000000E+01
     3956     3.000000000E+01    -1.333333333E+02    -4.860000000E+01
     3957     2.250000000E+01    -1.333333333E+02    -5.000000000E+01
     3958     2.500000000E+01    -1.388888889E+02    -5.000000000E+01
     3959     2.500000000E+01    -1.333333333E+02    -4.860000000E+01
     3960     1.750000000E+01    -1.333333333E+02    -5.000000000E+01
     3961     2.000000000E+01    -1.388888889E+02    -5.000000000E+01
     3962     2.000000000E+01    -1.333333333E+02    -4.860000000E+01
     3963     1.500000000E+01    -1.388888889E+02    -5.000000000E+01
     3964     1.500000000E+01    -1.333333333E+02    -4.860000000E+01
     3965     5.250000000E+01    -1.444444444E+02    -5.000000000E+01
     3966     5.500000000E+01    -1.500000000E+02    -5.000000000E+01
     3967     5.750000000E+01    -1.444444444E+02    -5.000000000E+01
     3968     5.500000000E+01    -1.444444444E+02    -4.860000000E+01
     3969     4.750000000E+01    -1.444444444E+02    -5.000000000E+01
     3970     5.000000000E+01    -1.500000000E+02    -5.000000000E+01
     3971     5.000000000E+01    -1.444444444E+02    -4.860000000E+01
     3972     4.250000000E+01    -1.444444444E+02    -5.000000000E+01
     3973     4.500000000E+01    -1.500000000E+02    -5.000000000E+01
     3974     4.500000000E+01    -1.444444444E+02    -4.860000000E+01
     3975     3.750000000E+01    -1.444444444E+02    -5.000000000E+01
     3976     4.000000000E+01    -1.500000000E+02    -5.000000000E+01
     3977     4.000000000E+01    -1.444444444E+02    -4.860000000E+01
     3978     3.250000000E+01    -1.444444444E+02    -5.000000000E+01
     3979     3.500000000E+01    -1.500000000E+02    -5.000000000E+01
     3980     3.500000000E+01    -1.444444444E+02    -4.860000000E+01
     3981     2.750000000E+01    -1.444444444E+02    -5.000000000E+01
     3982     3.000000000E+01    -1.500000000E+02    -5.000000000E+01
     3983     3.000000000E+01    -1.444444444E+02    -4.860000000E+01
     3984     2.250000000E+01    -1.444444444E+02    -5.000000000E+01
     3985     2.500000000E+01    -1.500000000E+02    -5.000000000E+01
     3986     2.500000000E+01    -1.444444444E+02    -4.860000000E+01
     3987     1.750000000E+01    -1.444444444E+02    -5.000000000E+01
     3988     2.000000000E+01    -1.500000000E+02    -5.000000000E+01
     3989     2.000000000E+01    -1.444444444E+02    -4.860000000E+01
     3990     1.500000000E+01    -1.500000000E+02    -5.000000000E+01
     3991     1.500000000E+01    -1.444444444E+02    -4.860000000E+01
     3992     5.250000000E+01    -1.555555556E+02    -5.000000000E+01
     3993     5.500000000E+01    -1.611111111E+02    -5.000000000E+01
     3994     5.750000000E+01    -1.555555556E+02    -5.000000000E+01
     3995     5.500000000E+01    -1.555555556E+02    -4.860000000E+01
     3996     4.750000000E+01    -1.555555556E+02    -5.000000000E+01
     3997     5.000000000E+01    -1.611111111E+02    -5.000000000E+01
     3998     5.000000000E+01    -1.555555556E+02    -4.860000000E+01
     3999     4.250000000E+01    -1.555555556E+02    -5.000000000E+01
     4000     4.500000000E+01    -1.611111111E+02    -5.000000000E+01
     4001     4.500000000E+01    -1.555555556E+02    -4.860000000E+01
     4002     3.750000000E+01    -1.555555556E+02    -5.000000000E+01
     4003     4.000000000E+01    -1.611111111E+02    -5.000000000E+01
     4004     4.000000000E+01    -1.555555556E+02    -4.860000000E+01
     4005     3.250000000E+01    -1.555555556E+02    -5.000000000E+01
     4006     3.500000000E+01    -1.611111111E+02    -5.000000000E+01
     4007     3.500000000E+01    -1.555555556E+02    -4.860000000E+01
     4008     2.750000000E+01    -1.555555556E+02    -5.000000000E+01
     4009     3.000000000E+01    -1.611111111E+02    -5.000000000E+01
     4010     3.000000000E+01    -1.555555556E+02    -4.860000000E+01
     4011     2.250000000E+01    -1.555555556E+02    -5.000000000E+01
     4012     2.500000000E+01    -1.611111111E+02    -5.000000000E+01
     4013     2.500000000E+01    -1.555555556E+02    -4.860000000E+01
     4014     1.750000000E+01    -1.555555556E+02    -5.000000000E+01
     4015     2.000000000E+01    -1.611111111E+02    -5.000000000E+01
     4016     2.000000000E+01    -1.555555556E+02    -4.860000000E+01
     4017     1.500000000E+01    -1.611111111E+02    -5.000000000E+01
     4018     1.500000000E+01    -1.555555556E+02    -4.860000000E+01
     4019     5.250000000E+01    -1.666666667E+02    -5.000000000E+01
     4020     5.500000000E+01    -1.722222222E+02    -5.000000000E+01
     4021     5.750000000E+01    -1.666666667E+02    -5.000000000E+01
     4022     5.500000000E+01    -1.666666667E+02    -4.860000000E+01
     4023     4.750000000E+01    -1.666666667E+02    -5.000000000E+01
     4024     5.000000000E+01    -1.722222222E+02    -5.000000000E+01
     4025     5.000000000E+01    -1.666666667E+02    -4.860000000E+01
     4026     4.250000000E+01    -1.666666667E+02    -5.000000000E+01
     4027     4.500000000E+01    -1.722222222E+02    -5.000000000E+01
     4028     4.500000000E+01    -1.666666667E+02    -4.860000000E+01
     4029     3.750000000E+01    -1.666666667E+02    -5.000000000E+01
     4030     4.000000000E+01    -1.722222222E+02    -5.000000000E+01
     4031     4.000000000E+01    -1.666666667E+02    -4.860000000E+01
     4032     3.250000000E+01    -1.666666667E+02    -5.000000000E+01
     4033     3.500000000E+01    -1.722222222E+02    -5.000000000E+01
     4034     3.500000000E+01    -1.666666667E+02    -4.860000000E+01
     4035     2.750000000E+01    -1.666666667E+02    -5.000000000E+01
     4036     3.000000000E+01    -1.722222222E+02    -5.000000000E+01
     4037     3.000000000E+01    -1.666666667E+02    -4.860000000E+01
     4038     2.250000000E+01    -1.666666667E+02    -5.000000000E+01
     4039     2.500000000E+01    -1.722222222E+02    -5.000000000E+01
     4040     2.500000000E+01    -1.666666667E+02    -4.860000000E+01
     4041     1.750000000E+01    -1.666666667E+02    -5.000000000E+01
     4042     2.000000000E+01    -1.722222222E+02    -5.000000000E+01
     4043     2.000000000E+01    -1.666666667E+02    -4.860000000E+01
     4044     1.500000000E+01    -1.722222222E+02    -5.000000000E+01
     4045     1.500000000E+01    -1.666666667E+02    -4.860000000E+01
     4046     5.250000000E+01    -1.777777778E+02    -5.000000000E+01
     4047     5.500000000E+01    -1.833333333E+02    -5.000000000E+01
     4048     5.750000000E+01    -1.777777778E+02    -5.000000000E+01
     4049     5.500000000E+01    -1.777777778E+02    -4.860000000E+01
     4050     4.750000000E+01    -1.777777778E+02    -5.000000000E+01
     4051     5.000000000E+01    -1.833333333E+02    -5.000000000E+01
     4052     5.000000000E+01    -1.777777778E+02    -4.860000000E+01
     4053     4.250000000E+01    -1.777777778E+02    -5.000000000E+01
     4054     4.500000000E+01    -1.833333333E+02    -5.000000000E+01
     4055     4.500000000E+01    -1.777777778E+02    -4.860000000E+01
     4056     3.750000000E+01    -1.777777778E+02    -5.000000000E+01
     4057     4.000000000E+01    -1.833333333E+02    -5.000000000E+01
     4058     4.000000000E+01    -1.777777778E+02    -4.860000000E+01
     4059     3.250000000E+01    -1.777777778E+02    -5.000000000E+01
     4060     3.500000000E+01    -1.833333333E+02    -5.000000000E+01
     4061     3.500000000E+01    -1.777777778E+02    -4.860000000E+01
     4062     2.750000000E+01    -1.777777778E+02    -5.000000000E+01
     4063     3.000000000E+01    -1.833333333E+02    -5.000000000E+01
     4064     3.000000000E+01    -1.777777778E+02    -4.860000000E+01
     4065     2.250000000E+01    -1.777777778E+02    -5.000000000E+01
     4066     2.500000000E+01    -1.833333333E+02    -5.000000000E+01
     4067     2.500000000E+01    -1.777777778E+02    -4.860000000E+01
     4068     1.750000000E+01    -1.777777778E+02    -5.000000000E+01
     4069     2.000000000E+01    -1.833333333E+02    -5.000000000E+01
     4070     2.000000000E+01    -1.777777778E+02    -4.860000000E+01
     4071     1.500000000E+01    -1.833333333E+02    -5.000000000E+01
     4072     1.500000000E+01    -1.777777778E+02    -4.860000000E+01
     4073     5.250000000E+01    -1.888888889E+02    -5.000000000E+01
     4074     5.750000000E+01    -1.888888889E+02    -5.000000000E+01
     4075     5.500000000E+01    -1.888888889E+02    -4.860000000E+01
     4076     4.750000000E+01    -1.888888889E+02    -5.000000000E+01
     4077     5.000000000E+01    -1.888888889E+02    -4.860000000E+01
     4078     4.250000000E+01    -1.888888889E+02    -5.000000000E+01
     4079     4.500000000E+01    -1.888888889E+02    -4.860000000E+01
     4080     3.750000000E+01    -1.888888889E+02    -5.000000000E+01
     4081     4.000000000E+01    -1.888888889E+02    -4.860000000E+01
     4082     3.250000000E+01    -1.888888889E+02    -5.000000000E+01
     4083     3.500000000E+01    -1.888888889E+02    -4.860000000E+01
     4084     2.750000000E+01    -1.888888889E+02    -5.000000000E+01
     4085     3.000000000E+01    -1.888888889E+02    -4.860000000E+01
     4086     2.250000000E+01    -1.888888889E+02    -5.000000000E+01
     4087     2.500000000E+01    -1.888888889E+02    -4.860000000E+01
     4088     1.750000000E+01    -1.888888889E+02    -5.000000000E+01
     4089     2.000000000E+01    -1.888888889E+02    -4.860000000E+01
     4090     1.500000000E+01    -1.888888889E+02    -4.860000000E+01
     4091     5.250000000E+01     0.000000000E+00    -5.000000000E+01
     4092     5.750000000E+01     0.000000000E+00    -5.000000000E+01
     4093     5.500000000E+01     0.000000000E+00    -4.860000000E+01
     4094     4.750000000E+01     0.000000000E+00    -5.000000000E+01
     4095     5.000000000E+01     0.000000000E+00    -4.860000000E+01
     4096     4.250000000E+01     0.000000000E+00    -5.000000000E+01
     4097     4.500000000E+01     0.000000000E+00    -4.860000000E+01
     4098     3.750000000E+01     0.000000000E+00    -5.000000000E+01
     4099     4.000000000E+01     0.000000000E+00    -4.860000000E+01
     4100     3.250000000E+01     0.000000000E+00    -5.000000000E+01
     4101     3.500000000E+01     0.000000000E+00    -4.860000000E+01
     4102     2.750000000E+01     0.000000000E+00    -5.000000000E+01
     4103     3.000000000E+01     0.000000000E+00    -4.860000000E+01
     4104     2.250000000E+01     0.000000000E+00    -5.000000000E+01
     4105     2.500000000E+01     0.000000000E+00    -4.860000000E+01
     4106     1.750000000E+01     0.000000000E+00    -5.000000000E+01
     4107     2.000000000E+01     0.000000000E+00    -4.860000000E+01
     4108     1.500000000E+01     0.000000000E+00    -4.860000000E+01
     4109     6.000000000E+01    -5.555555556E+00    -5.000000000E+01
     4110     6.000000000E+01     0.000000000E+00    -4.860000000E+01
     4111     6.000000000E+01    -1.666666667E+01    -5.000000000E+01
     4112     6.000000000E+01    -1.111111111E+01    -4.860000000E+01
     4113     6.000000000E+01    -2.777777778E+01    -5.000000000E+01
     4114     6.000000000E+01    -2.222222222E+01    -4.860000000E+01
     4115     6.000000000E+01    -3.888888889E+01    -5.000000000E+01
     4116     6.000000000E+01    -3.333333333E+01    -4.860000000E+01
     4117     6.000000000E+01    -5.000000000E+01    -5.000000000E+01
     4118     6.000000000E+01    -4.444444444E+01    -4.860000000E+01
     4119     6.000000000E+01    -6.111111111E+01    -5.000000000E+01
     4120     6.000000000E+01    -5.555555556E+01    -4.860000000E+01
     4121     6.000000000E+01    -7.222222222E+01    -5.000000000E+01
     4122     6.000000000E+01    -6.666666667E+01    -4.860000000E+01
     4123     6.000000000E+01    -8.333333333E+01    -5.000000000E+01
     4124     6.000000000E+01    -7.777777778E+01    -4.860000000E+01
     4125     6.000000000E+01    -9.444444444E+01    -5.000000000E+01
     4126     6.000000000E+01    -8.888888889E+01    -4.860000000E+01
     4127     6.000000000E+01    -1.055555556E+02    -5.000000000E+01
     4128     6.000000000E+01    -1.000000000E+02    -4.860000000E+01
     4129     6.000000000E+01    -1.166666667E+02    -5.000000000E+01
     4130     6.000000000E+01    -1.111111111E+02    -4.860000000E+01
     4131     6.000000000E+01    -1.277777778E+02    -5.000000000E+01
     4132     6.000000000E+01    -1.222222222E+02    -4.860000000E+01
     4133     6.000000000E+01    -1.388888889E+02    -5.000000000E+01
     4134     6.000000000E+01    -1.333333333E+02    -4.860000000E+01
     4135     6.000000000E+01    -1.500000000E+02    -5.000000000E+01
     4136     6.000000000E+01    -1.444444444E+02    -4.860000000E+01
     4137     6.000000000E+01    -1.611111111E+02    -5.000000000E+01
     4138     6.000000000E+01    -1.555555556E+02    -4.860000000E+01
     4139     6.000000000E+01    -1.722222222E+02    -5.000000000E+01
     4140     6.000000000E+01    -1.666666667E+02    -4.860000000E+01
     4141     6.000000000E+01    -1.833333333E+02    -5.000000000E+01
     4142     6.000000000E+01    -1.777777778E+02    -4.860000000E+01
     4143     6.000000000E+01    -1.888888889E+02    -4.860000000E+01
     4144     6.000000000E+01    -5.555555556E+00    -4.720000000E+01
     4145     5.750000000E+01     0.000000000E+00    -4.720000000E+01
     4146     6.000000000E+01    -1.666666667E+01    -4.720000000E+01
     4147     5.750000000E+01    -1.111111111E+01    -4.720000000E+01
     4148     6.000000000E+01    -2.777777778E+01    -4.720000000E+01
     4149     5.750000000E+01    -2.222222222E+01    -4.720000000E+01
     4150     6.000000000E+01    -3.888888889E+01    -4.720000000E+01
     4151     5.750000000E+01    -3.333333333E+01    -4.720000000E+01
     4152     6.000000000E+01    -5.000000000E+01    -4.720000000E+01
     4153     5.750000000E+01    -4.444444444E+01    -4.720000000E+01
     4154     6.000000000E+01    -6.111111111E+01    -4.720000000E+01
     4155     5.750000000E+01    -5.555555556E+01    -4.720000000E+01
     4156     6.000000000E+01    -7.222222222E+01    -4.720000000E+01
     4157     5.750000000E+01    -6.666666667E+01    -4.720000000E+01
     4158     6.000000000E+01    -8.333333333E+01    -4.720000000E+01
     4159     5.750000000E+01    -7.777777778E+01    -4.720000000E+01
     4160     6.000000000E+01    -9.444444444E+01    -4.720000000E+01
     4161     5.750000000E+01    -8.888888889E+01    -4.720000000E+01
     4162     6.000000000E+01    -1.055555556E+02    -4.720000000E+01
     4163     5.750000000E+01    -1.000000000E+02    -4.720000000E+01
     4164     6.000000000E+01    -1.166666667E+02    -4.720000000E+01
     4165     5.750000000E+01    -1.111111111E+02    -4.720000000E+01
     4166     6.000000000E+01    -1.277777778E+02    -4.720000000E+01
     4167     5.750000000E+01    -1.222222222E+02    -4.720000000E+01
     4168     6.000000000E+01    -1.388888889E+02    -4.720000000E+01
     4169     5.750000000E+01    -1.333333333E+02    -4.720000000E+01
     4170     6.000000000E+01    -1.500000000E+02    -4.720000000E+01
     4171     5.750000000E+01    -1.444444444E+02    -4.720000000E+01
     4172     6.000000000E+01    -1.611111111E+02    -4.720000000E+01
     4173     5.750000000E+01    -1.555555556E+02    -4.720000000E+01
     4174     6.000000000E+01    -1.722222222E+02    -4.720000000E+01
     4175     5.750000000E+01    -1.666666667E+02    -4.720000000E+01
     4176     6.000000000E+01    -1.833333333E+02    -4.720000000E+01
     4177     5.750000000E+01    -1.777777778E+02    -4.720000000E+01
     4178     5.750000000E+01    -1.888888889E+02    -4.720000000E+01
     4179     1.750000000E+01    -1.111111111E+01    -4.720000000E+01
     4180     1.500000000E+01    -1.666666667E+01    -4.720000000E+01
     4181     1.500000000E+01    -5.555555556E+00    -4.720000000E+01
     4182     1.250000000E+01    -1.111111111E+01    -4.720000000E+01
     4183     2.250000000E+01    -1.111111111E+01    -4.720000000E+01
     4184     2.000000000E+01    -1.666666667E+01    -4.720000000E+01
     4185     2.000000000E+01    -5.555555556E+00    -4.720000000E+01
     4186     2.750000000E+01    -1.111111111E+01    -4.720000000E+01
     4187     2.500000000E+01    -1.666666667E+01    -4.720000000E+01
     4188     2.500000000E+01    -5.555555556E+00    -4.720000000E+01
     4189     3.250000000E+01    -1.111111111E+01    -4.720000000E+01
     4190     3.000000000E+01    -1.666666667E+01    -4.720000000E+01
     4191     3.000000000E+01    -5.555555556E+00    -4.720000000E+01
     4192     3.750000000E+01    -1.111111111E+01    -4.720000000E+01
     4193     3.500000000E+01    -1.666666667E+01    -4.720000000E+01
     4194     3.500000000E+01    -5.555555556E+00    -4.720000000E+01
     4195     4.250000000E+01    -1.111111111E+01    -4.720000000E+01
     4196     4.000000000E+01    -1.666666667E+01    -4.720000000E+01
     4197     4.000000000E+01    -5.555555556E+00    -4.720000000E+01
     4198     4.750000000E+01    -1.111111111E+01    -4.720000000E+01
     4199     4.500000000E+01    -1.666666667E+01    -4.720000000E+01
     4200     4.500000000E+01    -5.555555556E+00    -4.720000000E+01
     4201     5.250000000E+01    -1.111111111E+01    -4.720000000E+01
     4202     5.000000000E+01    -1.666666667E+01    -4.720000000E+01
     4203     5.000000000E+01    -5.555555556E+00    -4.720000000E+01
     4204     5.500000000E+01    -1.666666667E+01    -4.720000000E+01
     4205     5.500000000E+01    -5.555555556E+00    -4.720000000E+01
     4206     1.750000000E+01    -2.222222222E+01    -4.720000000E+01
     4207     1.500000000E+01    -2.777777778E+01    -4.720000000E+01
     4208     1.250000000E+01    -2.222222222E+01    -4.720000000E+01
     4209     2.250000000E+01    -2.222222222E+01    -4.720000000E+01
     4210     2.000000000E+01    -2.777777778E+01    -4.720000000E+01
     4211     2.750000000E+01    -2.222222222E+01    -4.720000000E+01
     4212     2.500000000E+01    -2.777777778E+01    -4.720000000E+01
     4213     3.250000000E+01    -2.222222222E+01    -4.720000000E+01
     4214     3.000000000E+01    -2.777777778E+01    -4.720000000E+01
     4215     3.750000000E+01    -2.222222222E+01    -4.720000000E+01
     4216     3.500000000E+01    -2.777777778E+01    -4.720000000E+01
     4217     4.250000000E+01    -2.222222222E+01    -4.720000000E+01
     4218     4.000000000E+01    -2.777777778E+01    -4.720000000E+01
     4219     4.750000000E+01    -2.222222222E+01    -4.720000000E+01
     4220     4.500000000E+01    -2.777777778E+01    -4.720000000E+01
     4221     5.250000000E+01    -2.222222222E+01    -4.720000000E+01
     4222     5.000000000E+01    -2.777777778E+01    -4.720000000E+01
     4223     5.500000000E+01    -2.777777778E+01    -4.720000000E+01
     4224     1.750000000E+01    -3.333333333E+01    -4.720000000E+01
     4225     1.500000000E+01    -3.888888889E+01    -4.720000000E+01
     4226     1.250000000E+01    -3.333333333E+01    -4.720000000E+01
     4227     2.250000000E+01    -3.333333333E+01    -4.720000000E+01
     4228     2.000000000E+01    -3.888888889E+01    -4.720000000E+01
     4229     2.750000000E+01    -3.333333333E+01    -4.720000000E+01
     4230     2.500000000E+01    -3.888888889E+01    -4.720000000E+01
     4231     3.250000000E+01    -3.333333333E+01    -4.720000000E+01
     4232     3.000000000E+01    -3.888888889E+01    -4.720000000E+01
     4233     3.750000000E+01    -3.333333333E+01    -4.720000000E+01
     4234     3.500000000E+01    -3.888888889E+01    -4.720000000E+01
     4235     4.250000000E+01    -3.333333333E+01    -4.720000000E+01
     4236     4.000000000E+01    -3.888888889E+01    -4.720000000E+01
     4237     4.750000000E+01    -3.333333333E+01    -4.720000000E+01
     4238     4.500000000E+01    -3.888888889E+01    -4.720000000E+01
     4239     5.250000000E+01    -3.333333333E+01    -4.720000000E+01
     4240     5.000000000E+01    -3.888888889E+01    -4.720000000E+01
     4241     5.500000000E+01    -3.888888889E+01    -4.720000000E+01
     4242     1.750000000E+01    -4.444444444E+01    -4.720000000E+01
     4243     1.500000000E+01    -5.000000000E+01    -4.720000000E+01
     4244     1.250000000E+01    -4.444444444E+01    -4.720000000E+01
     4245     2.250000000E+01    -4.444444444E+01    -4.720000000E+01
     4246     2.000000000E+01    -5.000000000E+01    -4.720000000E+01
     4247     2.750000000E+01    -4.444444444E+01    -4.720000000E+01
     4248     2.500000000E+01    -5.000000000E+01    -4.720000000E+01
     4249     3.250000000E+01    -4.444444444E+01    -4.720000000E+01
     4250     3.000000000E+01    -5.000000000E+01    -4.720000000E+01
     4251     3.750000000E+01    -4.444444444E+01    -4.720000000E+01
     4252     3.500000000E+01    -5.000000000E+01    -4.720000000E+01
     4253     4.250000000E+01    -4.444444444E+01    -4.720000000E+01
     4254     4.000000000E+01    -5.000000000E+01    -4.720000000E+01
     4255     4.750000000E+01    -4.444444444E+01    -4.720000000E+01
     4256     4.500000000E+01    -5.000000000E+01    -4.720000000E+01
     4257     5.250000000E+01    -4.444444444E+01    -4.720000000E+01
     4258     5.000000000E+01    -5.000000000E+01    -4.720000000E+01
     4259     5.500000000E+01    -5.000000000E+01    -4.720000000E+01
     4260     1.750000000E+01    -5.555555556E+01    -4.720000000E+01
     4261     1.500000000E+01    -6.111111111E+01    -4.720000000E+01
     4262     1.250000000E+01    -5.555555556E+01    -4.720000000E+01
     4263     2.250000000E+01    -5.555555556E+01    -4.720000000E+01
     4264     2.000000000E+01    -6.111111111E+01    -4.720000000E+01
     4265     2.750000000E+01    -5.555555556E+01    -4.720000000E+01
     4266     2.500000000E+01    -6.111111111E+01    -4.720000000E+01
     4267     3.250000000E+01    -5.555555556E+01    -4.720000000E+01
     4268     3.000000000E+01    -6.111111111E+01    -4.720000000E+01
     4269     3.750000000E+01    -5.555555556E+01    -4.720000000E+01
     4270     3.500000000E+01    -6.111111111E+01    -4.720000000E+01
     4271     4.250000000E+01    -5.555555556E+01    -4.720000000E+01
     4272     4.000000000E+01    -6.111111111E+01    -4.720000000E+01
     4273     4.750000000E+01    -5.555555556E+01    -4.720000000E+01
     4274     4.500000000E+01    -6.111111111E+01    -4.720000000E+01
     4275     5.250000000E+01    -5.555555556E+01    -4.720000000E+01
     4276     5.000000000E+01    -6.111111111E+01    -4.720000000E+01
     4277     5.500000000E+01    -6.111111111E+01    -4.720000000E+01
     4278     1.750000000E+01    -6.666666667E+01    -4.720000000E+01
     4279     1.500000000E+01    -7.222222222E+01    -4.720000000E+01
     4280     1.250000000E+01    -6.666666667E+01    -4.720000000E+01
     4281     2.250000000E+01    -6.666666667E+01    -4.720000000E+01
     4282     2.000000000E+01    -7.222222222E+01    -4.720000000E+01
     4283     2.750000000E+01    -6.666666667E+01    -4.720000000E+01
     4284     2.500000000E+01    -7.222222222E+01    -4.720000000E+01
     4285     3.250000000E+01    -6.666666667E+01    -4.720000000E+01
     4286     3.000000000E+01    -7.222222222E+01    -4.720000000E+01
     4287     3.750000000E+01    -6.666666667E+01    -4.720000000E+01
     4288     3.500000000E+01    -7.222222222E+01    -4.720000000E+01
     4289     4.250000000E+01    -6.666666667E+01    -4.720000000E+01
     4290     4.000000000E+01    -7.222222222E+01    -4.720000000E+01
     4291     4.750000000E+01    -6.666666667E+01    -4.720000000E+01
     4292     4.500000000E+01    -7.222222222E+01    -4.720000000E+01
     4293     5.250000000E+01    -6.666666667E+01    -4.720000000E+01
     4294     5.000000000E+01    -7.222222222E+01    -4.720000000E+01
     4295     5.500000000E+01    -7.222222222E+01    -4.720000000E+01
     4296     1.750000000E+01    -7.777777778E+01    -4.720000000E+01
     4297     1.500000000E+01    -8.333333333E+01    -4.720000000E+01
     4298     1.250000000E+01    -7.777777778E+01    -4.720000000E+01
     4299     2.250000000E+01    -7.777777778E+01    -4.720000000E+01
     4300     2.000000000E+01    -8.333333333E+01    -4.720000000E+01
     4301     2.750000000E+01    -7.777777778E+01    -4.720000000E+01
     4302     2.500000000E+01    -8.333333333E+01    -4.720000000E+01
     4303     3.250000000E+01    -7.777777778E+01    -4.720000000E+01
     4304     3.000000000E+01    -8.333333333E+01    -4.720000000E+01
     4305     3.750000000E+01    -7.777777778E+01    -4.720000000E+01
     4306     3.500000000E+01    -8.333333333E+01    -4.720000000E+01
     4307     4.250000000E+01    -7.777777778E+01    -4.720000000E+01
     4308     4.000000000E+01    -8.333333333E+01    -4.720000000E+01
     4309     4.750000000E+01    -7.777777778E+01    -4.720000000E+01
     4310     4.500000000E+01    -8.333333333E+01    -4.720000000E+01
     4311     5.250000000E+01    -7.777777778E+01    -4.720000000E+01
     4312     5.000000000E+01    -8.333333333E+01    -4.720000000E+01
     4313     5.500000000E+01    -8.333333333E+01    -4.720000000E+01
     4314     1.750000000E+01    -8.888888889E+01    -4.720000000E+01
     4315     1.500000000E+01    -9.444444444E+01    -4.720000000E+01
     4316     1.250000000E+01    -8.888888889E+01    -4.720000000E+01
     4317     2.250000000E+01    -8.888888889E+01    -4.720000000E+01
     4318     2.000000000E+01    -9.444444444E+01    -4.720000000E+01
     4319     2.750000000E+01    -8.888888889E+01    -4.720000000E+01
     4320     2.500000000E+01    -9.444444444E+01    -4.720000000E+01
     4321     3.250000000E+01    -8.888888889E+01    -4.720000000E+01
     4322     3.000000000E+01    -9.444444444E+01    -4.720000000E+01
     4323     3.750000000E+01    -8.888888889E+01    -4.720000000E+01
     4324     3.500000000E+01    -9.444444444E+01    -4.720000000E+01
     4325     4.250000000E+01    -8.888888889E+01    -4.720000000E+01
     4326     4.000000000E+01    -9.444444444E+01    -4.720000000E+01
     4327     4.750000000E+01    -8.888888889E+01    -4.720000000E+01
     4328     4.500000000E+01    -9.444444444E+01    -4.720000000E+01
     4329     5.250000000E+01    -8.888888889E+01    -4.720000000E+01
     4330     5.000000000E+01    -9.444444444E+01    -4.720000000E+01
     4331     5.500000000E+01    -9.444444444E+01    -4.720000000E+01
     4332     1.750000000E+01    -1.000000000E+02    -4.720000000E+01
     4333     1.500000000E+01    -1.055555556E+02    -4.720000000E+01
     4334     1.250000000E+01    -1.000000000E+02    -4.720000000E+01
     4335     2.250000000E+01    -1.000000000E+02    -4.720000000E+01
     4336     2.000000000E+01    -1.055555556E+02    -4.720000000E+01
     4337     2.750000000E+01    -1.000000000E+02    -4.720000000E+01
     4338     2.500000000E+01    -1.055555556E+02    -4.720000000E+01
     4339     3.250000000E+01    -1.000000000E+02    -4.720000000E+01
     4340     3.000000000E+01    -1.055555556E+02    -4.720000000E+01
     4341     3.750000000E+01    -1.000000000E+02    -4.720000000E+01
     4342     3.500000000E+01    -1.055555556E+02    -4.720000000E+01
     4343     4.250000000E+01    -1.000000000E+02    -4.720000000E+01
     4344     4.000000000E+01    -1.055555556E+02    -4.720000000E+01
     4345     4.750000000E+01    -1.000000000E+02    -4.720000000E+01
     4346     4.500000000E+01    -1.055555556E+02    -4.720000000E+01
     4347     5.250000000E+01    -1.000000000E+02    -4.720000000E+01
     4348     5.000000000E+01    -1.055555556E+02    -4.720000000E+01
     4349     5.500000000E+01    -1.055555556E+02    -4.720000000E+01
     4350     1.750000000E+01    -1.111111111E+02    -4.720000000E+01
     4351     1.500000000E+01    -1.166666667E+02    -4.720000000E+01
     4352     1.250000000E+01    -1.111111111E+02    -4.720000000E+01
     4353     2.250000000E+01    -1.111111111E+02    -4.720000000E+01
     4354     2.000000000E+01    -1.166666667E+02    -4.720000000E+01
     4355     2.750000000E+01    -1.111111111E+02    -4.720000000E+01
     4356     2.500000000E+01    -1.166666667E+02    -4.720000000E+01
     4357     3.250000000E+01    -1.111111111E+02    -4.720000000E+01
     4358     3.000000000E+01    -1.166666667E+02    -4.720000000E+01
     4359     3.750000000E+01    -1.111111111E+02    -4.720000000E+01
     4360     3.500000000E+01    -1.166666667E+02    -4.720000000E+01
     4361     4.250000000E+01    -1.111111111E+02    -4.720000000E+01
     4362     4.000000000E+01    -1.166666667E+02    -4.720000000E+01
     4363     4.750000000E+01    -1.111111111E+02    -4.720000000E+01
     4364     4.500000000E+01    -1.166666667E+02    -4.720000000E+01
     4365     5.250000000E+01    -1.111111111E+02    -4.720000000E+01
     4366     5.000000000E+01    -1.166666667E+02    -4.720000000E+01
     4367     5.500000000E+01    -1.166666667E+02    -4.720000000E+01
     4368     1.750000000E+01    -1.222222222E+02    -4.720000000E+01
     4369     1.500000000E+01    -1.277777778E+02    -4.720000000E+01
     4370     1.250000000E+01    -1.222222222E+02    -4.720000000E+01
     4371     2.250000000E+01    -1.222222222E+02    -4.720000000E+01
     4372     2.000000000E+01    -1.277777778E+02    -4.720000000E+01
     4373     2.750000000E+01    -1.222222222E+02    -4.720000000E+01
     4374     2.500000000E+01    -1.277777778E+02    -4.720000000E+01
     4375     3.250000000E+01    -1.222222222E+02    -4.720000000E+01
     4376     3.000000000E+01    -1.277777778E+02    -4.720000000E+01
     4377     3.750000000E+01    -1.222222222E+02    -4.720000000E+01
     4378     3.500000000E+01    -1.277777778E+02    -4.720000000E+01
     4379     4.250000000E+01    -1.222222222E+02    -4.720000000E+01
     4380     4.000000000E+01    -1.277777778E+02    -4.720000000E+01
     4381     4.750000000E+01    -1.222222222E+02    -4.720000000E+01
     4382     4.500000000E+01    -1.277777778E+02    -4.720000000E+01
     4383     5.250000000E+01    -1.222222222E+02    -4.720000000E+01
     4384     5.000000000E+01    -1.277777778E+02    -4.720000000E+01
     4385     5.500000000E+01    -1.277777778E+02    -4.720000000E+01
     4386     1.750000000E+01    -1.333333333E+02    -4.720000000E+01
     4387     1.500000000E+01    -1.388888889E+02    -4.720000000E+01
     4388     1.250000000E+01    -1.333333333E+02    -4.720000000E+01
     4389     2.250000000E+01    -1.333333333E+02    -4.720000000E+01
     4390     2.000000000E+01    -1.388888889E+02    -4.720000000E+01
     4391     2.750000000E+01    -1.333333333E+02    -4.720000000E+01
     4392     2.500000000E+01    -1.388888889E+02    -4.720000000E+01
     4393     3.250000000E+01    -1.333333333E+02    -4.720000000E+01
     4394     3.000000000E+01    -1.388888889E+02    -4.720000000E+01
     4395     3.750000000E+01    -1.333333333E+02    -4.720000000E+01
     4396     3.500000000E+01    -1.388888889E+02    -4.720000000E+01
     4397     4.250000000E+01    -1.333333333E+02    -4.720000000E+01
     4398     4.000000000E+01    -1.388888889E+02    -4.720000000E+01
     4399     4.750000000E+01    -1.333333333E+02    -4.720000000E+01
     4400     4.500000000E+01    -1.388888889E+02    -4.720000000E+01
     4401     5.250000000E+01    -1.333333333E+02    -4.720000000E+01
     4402     5.000000000E+01    -1.388888889E+02    -4.720000000E+01
     4403     5.500000000E+01    -1.388888889E+02    -4.720000000E+01
     4404     1.750000000E+01    -1.444444444E+02    -4.720000000E+01
     4405     1.500000000E+01    -1.500000000E+02    -4.720000000E+01
     4406     1.250000000E+01    -1.444444444E+02    -4.720000000E+01
     4407     2.250000000E+01    -1.444444444E+02    -4.720000000E+01
     4408     2.000000000E+01    -1.500000000E+02    -4.720000000E+01
     4409     2.750000000E+01    -1.444444444E+02    -4.720000000E+01
     4410     2.500000000E+01    -1.500000000E+02    -4.720000000E+01
     4411     3.250000000E+01    -1.444444444E+02    -4.720000000E+01
     4412     3.000000000E+01    -1.500000000E+02    -4.720000000E+01
     4413     3.750000000E+01    -1.444444444E+02    -4.720000000E+01
     4414     3.500000000E+01    -1.500000000E+02    -4.720000000E+01
     4415     4.250000000E+01    -1.444444444E+02    -4.720000000E+01
     4416     4.000000000E+01    -1.500000000E+02    -4.720000000E+01
     4417     4.750000000E+01    -1.444444444E+02    -4.720000000E+01
     4418     4.500000000E+01    -1.500000000E+02    -4.720000000E+01
     4419     5.250000000E+01    -1.444444444E+02    -4.720000000E+01
     4420     5.000000000E+01    -1.500000000E+02    -4.720000000E+01
     4421     5.500000000E+01    -1.500000000E+02    -4.720000000E+01
     4422     1.750000000E+01    -1.555555556E+02    -4.720000000E+01
     4423     1.500000000E+01    -1.611111111E+02    -4.720000000E+01
     4424     1.250000000E+01    -1.555555556E+02    -4.720000000E+01
     4425     2.250000000E+01    -1.555555556E+02    -4.720000000E+01
     4426     2.000000000E+01    -1.611111111E+02    -4.720000000E+01
     4427     2.750000000E+01    -1.555555556E+02    -4.720000000E+01
     4428     2.500000000E+01    -1.611111111E+02    -4.720000000E+01
     4429     3.250000000E+01    -1.555555556E+02    -4.720000000E+01
     4430     3.000000000E+01    -1.611111111E+02    -4.720000000E+01
     4431     3.750000000E+01    -1.555555556E+02    -4.720000000E+01
     4432     3.500000000E+01    -1.611111111E+02    -4.720000000E+01
     4433     4.250000000E+01    -1.555555556E+02    -4.720000000E+01
     4434     4.000000000E+01    -1.611111111E+02    -4.720000000E+01
     4435     4.750000000E+01    -1.555555556E+02    -4.720000000E+01
     4436     4.500000000E+01    -1.611111111E+02    -4.720000000E+01
     4437     5.250000000E+01    -1.555555556E+02    -4.720000000E+01
     4438     5.000000000E+01    -1.611111111E+02    -4.720000000E+01
     4439     5.500000000E+01    -1.611111111E+02    -4.720000000E+01
     4440     1.750000000E+01    -1.666666667E+02    -4.720000000E+01
     4441     1.500000000E+01    -1.722222222E+02    -4.720000000E+01
     4442     1.250000000E+01    -1.666666667E+02    -4.720000000E+01
     4443     2.250000000E+01    -1.666666667E+02    -4.720000000E+01
     4444     2.000000000E+01    -1.722222222E+02    -4.720000000E+01
     4445     2.750000000E+01    -1.666666667E+02    -4.720000000E+01
     4446     2.500000000E+01    -1.722222222E+02    -4.720000000E+01
     4447     3.250000000E+01    -1.666666667E+02    -4.720000000E+01
     4448     3.000000000E+01    -1.722222222E+02    -4.720000000E+01
     4449     3.750000000E+01    -1.666666667E+02    -4.720000000E+01
     4450     3.500000000E+01    -1.722222222E+02    -4.720000000E+01
     4451     4.250000000E+01    -1.666666667E+02    -4.720000000E+01
     4452     4.000000000E+01    -1.722222222E+02    -4.720000000E+01
     4453     4.750000000E+01    -1.666666667E+02    -4.720000000E+01
     4454     4.500000000E+01    -1.722222222E+02    -4.720000000E+01
     4455     5.250000000E+01    -1.666666667E+02    -4.720000000E+01
     4456     5.000000000E+01    -1.722222222E+02    -4.720000000E+01
     4457     5.500000000E+01    -1.722222222E+02    -4.720000000E+01
     4458     1.750000000E+01    -1.777777778E+02    -4.720000000E+01
     4459     1.500000000E+01    -1.833333333E+02    -4.720000000E+01
     4460     1.250000000E+01    -1.777777778E+02    -4.720000000E+01
     4461     2.250000000E+01    -1.777777778E+02    -4.720000000E+01
     4462     2.000000000E+01    -1.833333333E+02    -4.720000000E+01
     4463     2.750000000E+01    -1.777777778E+02    -4.720000000E+01
     4464     2.500000000E+01    -1.833333333E+02    -4.720000000E+01
     4465     3.250000000E+01    -1.777777778E+02    -4.720000000E+01
     4466     3.000000000E+01    -1.833333333E+02    -4.720000000E+01
     4467     3.750000000E+01    -1.777777778E+02    -4.720000000E+01
     4468     3.500000000E+01    -1.833333333E+02    -4.720000000E+01
     4469     4.250000000E+01    -1.777777778E+02    -4.720000000E+01
     4470     4.000000000E+01    -1.833333333E+02    -4.720000000E+01
     4471     4.750000000E+01    -1.777777778E+02    -4.720000000E+01
     4472     4.500000000E+01    -1.833333333E+02    -4.720000000E+01
     4473     5.250000000E+01    -1.777777778E+02    -4.720000000E+01
     4474     5.000000000E+01    -1.833333333E+02    -4.720000000E+01
     4475     5.500000000E+01    -1.833333333E+02    -4.720000000E+01
     4476     1.750000000E+01    -1.888888889E+02    -4.720000000E+01
     4477     1.250000000E+01    -1.888888889E+02    -4.720000000E+01
     4478     2.250000000E+01    -1.888888889E+02    -4.720000000E+01
     4479     2.750000000E+01    -1.888888889E+02    -4.720000000E+01
     4480     3.250000000E+01    -1.888888889E+02    -4.720000000E+01
     4481     3.750000000E+01    -1.888888889E+02    -4.720000000E+01
     4482     4.250000000E+01    -1.888888889E+02    -4.720000000E+01
     4483     4.750000000E+01    -1.888888889E+02    -4.720000000E+01
     4484     5.250000000E+01    -1.888888889E+02    -4.720000000E+01
     4485     1.750000000E+01     0.000000000E+00    -4.720000000E+01
     4486     1.250000000E+01     0.000000000E+00    -4.720000000E+01
     4487     2.250000000E+01     0.000000000E+00    -4.720000000E+01
     4488     2.750000000E+01     0.000000000E+00    -4.720000000E+01
     4489     3.250000000E+01     0.000000000E+00    -4.720000000E+01
     4490     3.750000000E+01     0.000000000E+00    -4.720000000E+01
     4491     4.250000000E+01     0.000000000E+00    -4.720000000E+01
     4492     4.750000000E+01     0.000000000E+00    -4.720000000E+01
     4493     5.250000000E+01     0.000000000E+00    -4.720000000E+01
     4494     1.000000000E+01    -1.833333333E+02    -4.720000000E+01
     4495     8.595349681E+00    -1.888888889E+02    -4.706165402E+01
     4496     1.000000000E+01    -1.722222222E+02    -4.720000000E+01
     4497     8.595349681E+00    -1.777777778E+02    -4.706165402E+01
     4498     1.000000000E+01    -1.611111111E+02    -4.720000000E+01
     4499     8.595349681E+00    -1.666666667E+02    -4.706165402E+01
     4500     1.000000000E+01    -1.500000000E+02    -4.720000000E+01
     4501     8.595349681E+00    -1.555555556E+02    -4.706165402E+01
     4502     1.000000000E+01    -1.388888889E+02    -4.720000000E+01
     4503     8.595349681E+00    -1.444444444E+02    -4.706165402E+01
     4504     1.000000000E+01    -1.277777778E+02    -4.720000000E+01
     4505     8.595349681E+00    -1.333333333E+02    -4.706165402E+01
     4506     1.000000000E+01    -1.166666667E+02    -4.720000000E+01
     4507     8.595349681E+00    -1.222222222E+02    -4.706165402E+01
     4508     1.000000000E+01    -1.055555556E+02    -4.720000000E+01
     4509     8.595349681E+00    -1.111111111E+02    -4.706165402E+01
     4510     1.000000000E+01    -9.444444444E+01    -4.720000000E+01
     4511     8.595349681E+00    -1.000000000E+02    -4.706165402E+01
     4512     1.000000000E+01    -8.333333333E+01    -4.720000000E+01
     4513     8.595349681E+00    -8.888888889E+01    -4.706165402E+01
     4514     1.000000000E+01    -7.222222222E+01    -4.720000000E+01
     4515     8.595349681E+00    -7.777777778E+01    -4.706165402E+01
     4516     1.000000000E+01    -6.111111111E+01    -4.720000000E+01
     4517     8.595349681E+00    -6.666666667E+01    -4.706165402E+01
     4518     1.000000000E+01    -5.000000000E+01    -4.720000000E+01
     4519     8.595349681E+00    -5.555555556E+01    -4.706165402E+01
     4520     1.000000000E+01    -3.888888889E+01    -4.720000000E+01
     4521     8.595349681E+00    -4.444444444E+01    -4.706165402E+01
     4522     1.000000000E+01    -2.777777778E+01    -4.720000000E+01
     4523     8.595349681E+00    -3.333333333E+01    -4.706165402E+01
     4524     1.000000000E+01    -1.666666667E+01    -4.720000000E+01
     4525     8.595349681E+00    -2.222222222E+01    -4.706165402E+01
     4526     1.000000000E+01    -5.555555556E+00    -4.720000000E+01
     4527     8.595349681E+00     0.000000000E+00    -4.706165402E+01
     4528     8.595349681E+00    -1.111111111E+01    -4.706165402E+01
     4529     4.013418791E+00    -1.111111111E+01    -4.400010568E+01
     4530     3.348067366E+00    -1.666666667E+01    -4.275532071E+01
     4531     3.348067366E+00    -5.555555556E+00    -4.275532071E+01
     4532     2.938345981E+00    -1.111111111E+01    -4.140465032E+01
     4533     5.999894322E+00    -1.111111111E+01    -4.598658121E+01
     4534     4.908831175E+00    -1.666666667E+01    -4.509116882E+01
     4535     4.908831175E+00    -5.555555556E+00    -4.509116882E+01
     4536     7.244679287E+00    -1.666666667E+01    -4.665193263E+01
     4537     7.244679287E+00    -5.555555556E+00    -4.665193263E+01
     4538     4.013418791E+00    -2.222222222E+01    -4.400010568E+01
     4539     3.348067366E+00    -2.777777778E+01    -4.275532071E+01
     4540     2.938345981E+00    -2.222222222E+01    -4.140465032E+01
     4541     5.999894322E+00    -2.222222222E+01    -4.598658121E+01
     4542     4.908831175E+00    -2.777777778E+01    -4.509116882E+01
     4543     7.244679287E+00    -2.777777778E+01    -4.665193263E+01
     4544     4.013418791E+00    -3.333333333E+01    -4.400010568E+01
     4545     3.348067366E+00    -3.888888889E+01    -4.275532071E+01
     4546     2.938345981E+00    -3.333333333E+01    -4.140465032E+01
     4547     5.999894322E+00    -3.333333333E+01    -4.598658121E+01
     4548     4.908831175E+00    -3.888888889E+01    -4.509116882E+01
     4549     7.244679287E+00    -3.888888889E+01    -4.665193263E+01
     4550     4.013418791E+00    -4.444444444E+01    -4.400010568E+01
     4551     3.348067366E+00    -5.000000000E+01    -4.275532071E+01
     4552     2.938345981E+00    -4.444444444E+01    -4.140465032E+01
     4553     5.999894322E+00    -4.444444444E+01    -4.598658121E+01
     4554     4.908831175E+00    -5.000000000E+01    -4.509116882E+01
     4555     7.244679287E+00    -5.000000000E+01    -4.665193263E+01
     4556     4.013418791E+00    -5.555555556E+01    -4.400010568E+01
     4557     3.348067366E+00    -6.111111111E+01    -4.275532071E+01
     4558     2.938345981E+00    -5.555555556E+01    -4.140465032E+01
     4559     5.999894322E+00    -5.555555556E+01    -4.598658121E+01
     4560     4.908831175E+00    -6.111111111E+01    -4.509116882E+01
     4561     7.244679287E+00    -6.111111111E+01    -4.665193263E+01
     4562     4.013418791E+00    -6.666666667E+01    -4.400010568E+01
     4563     3.348067366E+00    -7.222222222E+01    -4.275532071E+01
     4564     2.938345981E+00    -6.666666667E+01    -4.140465032E+01
     4565     5.999894322E+00    -6.666666667E+01    -4.598658121E+01
     4566     4.908831175E+00    -7.222222222E+01    -4.509116882E+01
     4567     7.244679287E+00    -7.222222222E+01    -4.665193263E+01
     4568     4.013418791E+00    -7.777777778E+01    -4.400010568E+01
     4569     3.348067366E+00    -8.333333333E+01    -4.275532071E+01
     4570     2.938345981E+00    -7.777777778E+01    -4.140465032E+01
     4571     5.999894322E+00    -7.777777778E+01    -4.598658121E+01
     4572     4.908831175E+00    -8.333333333E+01    -4.509116882E+01
     4573     7.244679287E+00    -8.333333333E+01    -4.665193263E+01
     4574     4.013418791E+00    -8.888888889E+01    -4.400010568E+01
     4575     3.348067366E+00    -9.444444444E+01    -4.275532071E+01
     4576     2.938345981E+00    -8.888888889E+01    -4.140465032E+01
     4577     5.999894322E+00    -8.888888889E+01    -4.598658121E+01
     4578     4.908831175E+00    -9.444444444E+01    -4.509116882E+01
     4579     7.244679287E+00    -9.444444444E+01    -4.665193263E+01
     4580     4.013418791E+00    -1.000000000E+02    -4.400010568E+01
     4581     3.348067366E+00    -1.055555556E+02    -4.275532071E+01
     4582     2.938345981E+00    -1.000000000E+02    -4.140465032E+01
     4583     5.999894322E+00    -1.000000000E+02    -4.598658121E+01
     4584     4.908831175E+00    -1.055555556E+02    -4.509116882E+01
     4585     7.244679287E+00    -1.055555556E+02    -4.665193263E+01
     4586     4.013418791E+00    -1.111111111E+02    -4.400010568E+01
     4587     3.348067366E+00    -1.166666667E+02    -4.275532071E+01
     4588     2.938345981E+00    -1.111111111E+02    -4.140465032E+01
     4589     5.999894322E+00    -1.111111111E+02    -4.598658121E+01
     4590     4.908831175E+00    -1.166666667E+02    -4.509116882E+01
     4591     7.244679287E+00    -1.166666667E+02    -4.665193263E+01
     4592     4.013418791E+00    -1.222222222E+02    -4.400010568E+01
     4593     3.348067366E+00    -1.277777778E+02    -4.275532071E+01
     4594     2.938345981E+00    -1.222222222E+02    -4.140465032E+01
     4595     5.999894322E+00    -1.222222222E+02    -4.598658121E+01
     4596     4.908831175E+00    -1.277777778E+02    -4.509116882E+01
     4597     7.244679287E+00    -1.277777778E+02    -4.665193263E+01
     4598     4.013418791E+00    -1.333333333E+02    -4.400010568E+01
     4599     3.348067366E+00    -1.388888889E+02    -4.275532071E+01
     4600     2.938345981E+00    -1.333333333E+02    -4.140465032E+01
     4601     5.999894322E+00    -1.333333333E+02    -4.598658121E+01
     4602     4.908831175E+00    -1.388888889E+02    -4.509116882E+01
     4603     7.244679287E+00    -1.388888889E+02    -4.665193263E+01
     4604     4.013418791E+00    -1.444444444E+02    -4.400010568E+01
     4605     3.348067366E+00    -1.500000000E+02    -4.275532071E+01
     4606     2.938345981E+00    -1.444444444E+02    -4.140465032E+01
     4607     5.999894322E+00    -1.444444444E+02    -4.598658121E+01
     4608     4.908831175E+00    -1.500000000E+02    -4.509116882E+01
     4609     7.244679287E+00    -1.500000000E+02    -4.665193263E+01
     4610     4.013418791E+00    -1.555555556E+02    -4.400010568E+01
     4611     3.348067366E+00    -1.611111111E+02    -4.275532071E+01
     4612     2.938345981E+00    -1.555555556E+02    -4.140465032E+01
     4613     5.999894322E+00    -1.555555556E+02    -4.598658121E+01
     4614     4.908831175E+00    -1.611111111E+02    -4.509116882E+01
     4615     7.244679287E+00    -1.611111111E+02    -4.665193263E+01
     4616     4.013418791E+00    -1.666666667E+02    -4.400010568E+01
     4617     3.348067366E+00    -1.722222222E+02    -4.275532071E+01
     4618     2.938345981E+00    -1.666666667E+02    -4.140465032E+01
     4619     5.999894322E+00    -1.666666667E+02    -4.598658121E+01
     4620     4.908831175E+00    -1.722222222E+02    -4.509116882E+01
     4621     7.244679287E+00    -1.722222222E+02    -4.665193263E+01
     4622     4.013418791E+00    -1.777777778E+02    -4.400010568E+01
     4623     3.348067366E+00    -1.833333333E+02    -4.275532071E+01
     4624     2.938345981E+00    -1.777777778E+02    -4.140465032E+01
     4625     5.999894322E+00    -1.777777778E+02    -4.598658121E+01
     4626     4.908831175E+00    -1.833333333E+02    -4.509116882E+01
     4627     7.244679287E+00    -1.833333333E+02    -4.665193263E+01
     4628     4.013418791E+00    -1.888888889E+02    -4.400010568E+01
     4629     2.938345981E+00    -1.888888889E+02    -4.140465032E+01
     4630     5.999894322E+00    -1.888888889E+02    -4.598658121E+01
     4631     2.938345981E+00     0.000000000E+00    -4.140465032E+01
     4632     4.013418791E+00     0.000000000E+00    -4.400010568E+01
     4633     2.800000000E+00    -5.555555556E+00    -4.000000000E+01
     4634     2.800000000E+00     0.000000000E+00    -3.714285714E+01
     4635     5.999894322E+00     0.000000000E+00    -4.598658121E+01
     4636     2.800000000E+00    -1.666666667E+01    -4.000000000E+01
     4637     2.800000000E+00    -1.111111111E+01    -3.714285714E+01
     4638     2.800000000E+00    -2.777777778E+01    -4.000000000E+01
     4639     2.800000000E+00    -2.222222222E+01    -3.714285714E+01
     4640     2.800000000E+00    -3.888888889E+01    -4.000000000E+01
     4641     2.800000000E+00    -3.333333333E+01    -3.714285714E+01
     4642     2.800000000E+00    -5.000000000E+01    -4.000000000E+01
     4643     2.800000000E+00    -4.444444444E+01    -3.714285714E+01
     4644     2.800000000E+00    -6.111111111E+01    -4.000000000E+01
     4645     2.800000000E+00    -5.555555556E+01    -3.714285714E+01
     4646     2.800000000E+00    -7.222222222E+01    -4.000000000E+01
     4647     2.800000000E+00    -6.666666667E+01    -3.714285714E+01
     4648     2.800000000E+00    -8.333333333E+01    -4.000000000E+01
     4649     2.800000000E+00    -7.777777778E+01    -3.714285714E+01
     4650     2.800000000E+00    -9.444444444E+01    -4.000000000E+01
     4651     2.800000000E+00    -8.888888889E+01    -3.714285714E+01
     4652     2.800000000E+00    -1.055555556E+02    -4.000000000E+01
     4653     2.800000000E+00    -1.000000000E+02    -3.714285714E+01
     4654     2.800000000E+00    -1.166666667E+02    -4.000000000E+01
     4655     2.800000000E+00    -1.111111111E+02    -3.714285714E+01
     4656     2.800000000E+00    -1.277777778E+02    -4.000000000E+01
     4657     2.800000000E+00    -1.222222222E+02    -3.714285714E+01
     4658     2.800000000E+00    -1.388888889E+02    -4.000000000E+01
     4659     2.800000000E+00    -1.333333333E+02    -3.714285714E+01
     4660     2.800000000E+00    -1.500000000E+02    -4.000000000E+01
     4661     2.800000000E+00    -1.444444444E+02    -3.714285714E+01
     4662     2.800000000E+00    -1.611111111E+02    -4.000000000E+01
     4663     2.800000000E+00    -1.555555556E+02    -3.714285714E+01
     4664     2.800000000E+00    -1.722222222E+02    -4.000000000E+01
     4665     2.800000000E+00    -1.666666667E+02    -3.714285714E+01
     4666     2.800000000E+00    -1.833333333E+02    -4.000000000E+01
     4667     2.800000000E+00    -1.777777778E+02    -3.714285714E+01
     4668     2.800000000E+00    -1.888888889E+02    -3.714285714E+01
     4669     2.800000000E+00    -1.111111111E+01     3.142857143E+01
     4670     2.800000000E+00    -1.666666667E+01     3.428571429E+01
     4671     2.800000000E+00    -5.555555556E+00     3.428571429E+01
     4672     2.800000000E+00    -1.111111111E+01     3.714285714E+01
     4673     2.800000000E+00    -1.111111111E+01     2.571428571E+01
     4674     2.800000000E+00    -1.666666667E+01     2.857142857E+01
     4675     2.800000000E+00    -5.555555556E+00     2.857142857E+01
     4676     2.800000000E+00    -1.111111111E+01     2.000000000E+01
     4677     2.800000000E+00    -1.666666667E+01     2.285714286E+01
     4678     2.800000000E+00    -5.555555556E+00     2.285714286E+01
     4679     2.800000000E+00    -1.111111111E+01     1.428571429E+01
     4680     2.800000000E+00    -1.666666667E+01     1.714285714E+01
     4681     2.800000000E+00    -5.555555556E+00     1.714285714E+01
     4682     2.800000000E+00    -1.111111111E+01     8.571428571E+00
     4683     2.800000000E+00    -1.666666667E+01     1.142857143E+01
     4684     2.800000000E+00    -5.555555556E+00     1.142857143E+01
     4685     2.800000000E+00    -1.111111111E+01     2.857142857E+00
     4686     2.800000000E+00    -1.666666667E+01     5.714285714E+00
     4687     2.800000000E+00    -5.555555556E+00     5.714285714E+00
     4688     2.800000000E+00    -1.111111111E+01    -2.857142857E+00
     4689     2.800000000E+00    -1.666666667E+01     0.000000000E+00
     4690     2.800000000E+00    -5.555555556E+00     0.000000000E+00
     4691     2.800000000E+00    -1.111111111E+01    -8.571428571E+00
     4692     2.800000000E+00    -1.666666667E+01    -5.714285714E+00
     4693     2.800000000E+00    -5.555555556E+00    -5.714285714E+00
     4694     2.800000000E+00    -1.111111111E+01    -1.428571429E+01
     4695     2.800000000E+00    -1.666666667E+01    -1.142857143E+01
     4696     2.800000000E+00    -5.555555556E+00    -1.142857143E+01
     4697     2.800000000E+00    -1.111111111E+01    -2.000000000E+01
     4698     2.800000000E+00    -1.666666667E+01    -1.714285714E+01
     4699     2.800000000E+00    -5.555555556E+00    -1.714285714E+01
     4700     2.800000000E+00    -1.111111111E+01    -2.571428571E+01
     4701     2.800000000E+00    -1.666666667E+01    -2.285714286E+01
     4702     2.800000000E+00    -5.555555556E+00    -2.285714286E+01
     4703     2.800000000E+00    -1.111111111E+01    -3.142857143E+01
     4704     2.800000000E+00    -1.666666667E+01    -2.857142857E+01
     4705     2.800000000E+00    -5.555555556E+00    -2.857142857E+01
     4706     2.800000000E+00    -1.666666667E+01    -3.428571429E+01
     4707     2.800000000E+00    -5.555555556E+00    -3.428571429E+01
     4708     2.800000000E+00    -2.222222222E+01     3.142857143E+01
     4709     2.800000000E+00    -2.777777778E+01     3.428571429E+01
     4710     2.800000000E+00    -2.222222222E+01     3.714285714E+01
     4711     2.800000000E+00    -2.222222222E+01     2.571428571E+01
     4712     2.800000000E+00    -2.777777778E+01     2.857142857E+01
     4713     2.800000000E+00    -2.222222222E+01     2.000000000E+01
     4714     2.800000000E+00    -2.777777778E+01     2.285714286E+01
     4715     2.800000000E+00    -2.222222222E+01     1.428571429E+01
     4716     2.800000000E+00    -2.777777778E+01     1.714285714E+01
     4717     2.800000000E+00    -2.222222222E+01     8.571428571E+00
     4718     2.800000000E+00    -2.777777778E+01     1.142857143E+01
     4719     2.800000000E+00    -2.222222222E+01     2.857142857E+00
     4720     2.800000000E+00    -2.777777778E+01     5.714285714E+00
     4721     2.800000000E+00    -2.222222222E+01    -2.857142857E+00
     4722     2.800000000E+00    -2.777777778E+01     0.000000000E+00
     4723     2.800000000E+00    -2.222222222E+01    -8.571428571E+00
     4724     2.800000000E+00    -2.777777778E+01    -5.714285714E+00
     4725     2.800000000E+00    -2.222222222E+01    -1.428571429E+01
     4726     2.800000000E+00    -2.777777778E+01    -1.142857143E+01
     4727     2.800000000E+00    -2.222222222E+01    -2.000000000E+01
     4728     2.800000000E+00    -2.777777778E+01    -1.714285714E+01
     4729     2.800000000E+00    -2.222222222E+01    -2.571428571E+01
     4730     2.800000000E+00    -2.777777778E+01    -2.285714286E+01
     4731     2.800000000E+00    -2.222222222E+01    -3.142857143E+01
     4732     2.800000000E+00    -2.777777778E+01    -2.857142857E+01
     4733     2.800000000E+00    -2.777777778E+01    -3.428571429E+01
     4734     2.800000000E+00    -3.333333333E+01     3.142857143E+01
     4735     2.800000000E+00    -3.888888889E+01     3.428571429E+01
     4736     2.800000000E+00    -3.333333333E+01     3.714285714E+01
     4737     2.800000000E+00    -3.333333333E+01     2.571428571E+01
     4738     2.800000000E+00    -3.888888889E+01     2.857142857E+01
     4739     2.800000000E+00    -3.333333333E+01     2.000000000E+01
     4740     2.800000000E+00    -3.888888889E+01     2.285714286E+01
     4741     2.800000000E+00    -3.333333333E+01     1.428571429E+01
     4742     2.800000000E+00    -3.888888889E+01     1.714285714E+01
     4743     2.800000000E+00    -3.333333333E+01     8.571428571E+00
     4744     2.800000000E+00    -3.888888889E+01     1.142857143E+01
     4745     2.800000000E+00    -3.333333333E+01     2.857142857E+00
     4746     2.800000000E+00    -3.888888889E+01     5.714285714E+00
     4747     2.800000000E+00    -3.333333333E+01    -2.857142857E+00
     4748     2.800000000E+00    -3.888888889E+01     0.000000000E+00
     4749     2.800000000E+00    -3.333333333E+01    -8.571428571E+00
     4750     2.800000000E+00    -3.888888889E+01    -5.714285714E+00
     4751     2.800000000E+00    -3.333333333E+01    -1.428571429E+01
     4752     2.800000000E+00    -3.888888889E+01    -1.142857143E+01
     4753     2.800000000E+00    -3.333333333E+01    -2.000000000E+01
     4754     2.800000000E+00    -3.888888889E+01    -1.714285714E+01
     4755     2.800000000E+00    -3.333333333E+01    -2.571428571E+01
     4756     2.800000000E+00    -3.888888889E+01    -2.285714286E+01
     4757     2.800000000E+00    -3.333333333E+01    -3.142857143E+01
     4758     2.800000000E+00    -3.888888889E+01    -2.857142857E+01
     4759     2.800000000E+00    -3.888888889E+01    -3.428571429E+01
     4760     2.800000000E+00    -4.444444444E+01     3.142857143E+01
     4761     2.800000000E+00    -5.000000000E+01     3.428571429E+01
     4762     2.800000000E+00    -4.444444444E+01     3.714285714E+01
     4763     2.800000000E+00    -4.444444444E+01     2.571428571E+01
     4764     2.800000000E+00    -5.000000000E+01     2.857142857E+01
     4765     2.800000000E+00    -4.444444444E+01     2.000000000E+01
     4766     2.800000000E+00    -5.000000000E+01     2.285714286E+01
     4767     2.800000000E+00    -4.444444444E+01     1.428571429E+01
     4768     2.800000000E+00    -5.000000000E+01     1.714285714E+01
     4769     2.800000000E+00    -4.444444444E+01     8.571428571E+00
     4770     2.800000000E+00    -5.000000000E+01     1.142857143E+01
     4771     2.800000000E+00    -4.444444444E+01     2.857142857E+00
     4772     2.800000000E+00    -5.000000000E+01     5.714285714E+00
     4773     2.800000000E+00    -4.444444444E+01    -2.857142857E+00
     4774     2.800000000E+00    -5.000000000E+01     0.000000000E+00
     4775     2.800000000E+00    -4.444444444E+01    -8.571428571E+00
     4776     2.800000000E+00    -5.000000000E+01    -5.714285714E+00
     4777     2.800000000E+00    -4.444444444E+01    -1.428571429E+01
     4778     2.800000000E+00    -5.000000000E+01    -1.142857143E+01
     4779     2.800000000E+00    -4.444444444E+01    -2.000000000E+01
     4780     2.800000000E+00    -5.000000000E+01    -1.714285714E+01
     4781     2.800000000E+00    -4.444444444E+01    -2.571428571E+01
     4782     2.800000000E+00    -5.000000000E+01    -2.285714286E+01
     4783     2.800000000E+00    -4.444444444E+01    -3.142857143E+01
     4784     2.800000000E+00    -5.000000000E+01    -2.857142857E+01
     4785     2.800000000E+00    -5.000000000E+01    -3.428571429E+01
     4786     2.800000000E+00    -5.555555556E+01     3.142857143E+01
     4787     2.800000000E+00    -6.111111111E+01     3.428571429E+01
     4788     2.800000000E+00    -5.555555556E+01     3.714285714E+01
     4789     2.800000000E+00    -5.555555556E+01     2.571428571E+01
     4790     2.800000000E+00    -6.111111111E+01     2.857142857E+01
     4791     2.800000000E+00    -5.555555556E+01     2.000000000E+01
     4792     2.800000000E+00    -6.111111111E+01     2.285714286E+01
     4793     2.800000000E+00    -5.555555556E+01     1.428571429E+01
     4794     2.800000000E+00    -6.111111111E+01     1.714285714E+01
     4795     2.800000000E+00    -5.555555556E+01     8.571428571E+00
     4796     2.800000000E+00    -6.111111111E+01     1.142857143E+01
     4797     2.800000000E+00    -5.555555556E+01     2.857142857E+00
     4798     2.800000000E+00    -6.111111111E+01     5.714285714E+00
     4799     2.800000000E+00    -5.555555556E+01    -2.857142857E+00
     4800     2.800000000E+00    -6.111111111E+01     0.000000000E+00
     4801     2.800000000E+00    -5.555555556E+01    -8.571428571E+00
     4802     2.800000000E+00    -6.111111111E+01    -5.714285714E+00
     4803     2.800000000E+00    -5.555555556E+01    -1.428571429E+01
     4804     2.800000000E+00    -6.111111111E+01    -1.142857143E+01
     4805     2.800000000E+00    -5.555555556E+01    -2.000000000E+01
     4806     2.800000000E+00    -6.111111111E+01    -1.714285714E+01
     4807     2.800000000E+00    -5.555555556E+01    -2.571428571E+01
     4808     2.800000000E+00    -6.111111111E+01    -2.285714286E+01
     4809     2.800000000E+00    -5.555555556E+01    -3.142857143E+01
     4810     2.800000000E+00    -6.111111111E+01    -2.857142857E+01
     4811     2.800000000E+00    -6.111111111E+01    -3.428571429E+01
     4812     2.800000000E+00    -6.666666667E+01     3.142857143E+01
     4813     2.800000000E+00    -7.222222222E+01     3.428571429E+01
     4814     2.800000000E+00    -6.666666667E+01     3.714285714E+01
     4815     2.800000000E+00    -6.666666667E+01     2.571428571E+01
     4816     2.800000000E+00    -7.222222222E+01     2.857142857E+01
     4817     2.800000000E+00    -6.666666667E+01     2.000000000E+01
     4818     2.800000000E+00    -7.222222222E+01     2.285714286E+01
     4819     2.800000000E+00    -6.666666667E+01     1.428571429E+01
     4820     2.800000000E+00    -7.222222222E+01     1.714285714E+01
     4821     2.800000000E+00    -6.666666667E+01     8.571428571E+00
     4822     2.800000000E+00    -7.222222222E+01     1.142857143E+01
     4823     2.800000000E+00    -6.666666667E+01     2.857142857E+00
     4824     2.800000000E+00    -7.222222222E+01     5.714285714E+00
     4825     2.800000000E+00    -6.666666667E+01    -2.857142857E+00
     4826     2.800000000E+00    -7.222222222E+01     0.000000000E+00
     4827     2.800000000E+00    -6.666666667E+01    -8.571428571E+00
     4828     2.800000000E+00    -7.222222222E+01    -5.714285714E+00
     4829     2.800000000E+00    -6.666666667E+01    -1.428571429E+01
     4830     2.800000000E+00    -7.222222222E+01    -1.142857143E+01
     4831     2.800000000E+00    -6.666666667E+01    -2.000000000E+01
     4832     2.800000000E+00    -7.222222222E+01    -1.714285714E+01
     4833     2.800000000E+00    -6.666666667E+01    -2.571428571E+01
     4834     2.800000000E+00    -7.222222222E+01    -2.285714286E+01
     4835     2.800000000E+00    -6.666666667E+01    -3.142857143E+01
     4836     2.800000000E+00    -7.222222222E+01    -2.857142857E+01
     4837     2.800000000E+00    -7.222222222E+01    -3.428571429E+01
     4838     2.800000000E+00    -7.777777778E+01     3.142857143E+01
     4839     2.800000000E+00    -8.333333333E+01     3.428571429E+01
     4840     2.800000000E+00    -7.777777778E+01     3.714285714E+01
     4841     2.800000000E+00    -7.777777778E+01     2.571428571E+01
     4842     2.800000000E+00    -8.333333333E+01     2.857142857E+01
     4843     2.800000000E+00    -7.777777778E+01     2.000000000E+01
     4844     2.800000000E+00    -8.333333333E+01     2.285714286E+01
     4845     2.800000000E+00    -7.777777778E+01     1.428571429E+01
     4846     2.800000000E+00    -8.333333333E+01     1.714285714E+01
     4847     2.800000000E+00    -7.777777778E+01     8.571428571E+00
     4848     2.800000000E+00    -8.333333333E+01     1.142857143E+01
     4849     2.800000000E+00    -7.777777778E+01     2.857142857E+00
     4850     2.800000000E+00    -8.333333333E+01     5.714285714E+00
     4851     2.800000000E+00    -7.777777778E+01    -2.857142857E+00
     4852     2.800000000E+00    -8.333333333E+01     0.000000000E+00
     4853     2.800000000E+00    -7.777777778E+01    -8.571428571E+00
     4854     2.800000000E+00    -8.333333333E+01    -5.714285714E+00
     4855     2.800000000E+00    -7.777777778E+01    -1.428571429E+01
     4856     2.800000000E+00    -8.333333333E+01    -1.142857143E+01
     4857     2.800000000E+00    -7.777777778E+01    -2.000000000E+01
     4858     2.800000000E+00    -8.333333333E+01    -1.714285714E+01
     4859     2.800000000E+00    -7.777777778E+01    -2.571428571E+01
     4860     2.800000000E+00    -8.333333333E+01    -2.285714286E+01
     4861     2.800000000E+00    -7.777777778E+01    -3.142857143E+01
     4862     2.800000000E+00    -8.333333333E+01    -2.857142857E+01
     4863     2.800000000E+00    -8.333333333E+01    -3.428571429E+01
     4864     2.800000000E+00    -8.888888889E+01     3.142857143E+01
     4865     2.800000000E+00    -9.444444444E+01     3.428571429E+01
     4866     2.800000000E+00    -8.888888889E+01     3.714285714E+01
     4867     2.800000000E+00    -8.888888889E+01     2.571428571E+01
     4868     2.800000000E+00    -9.444444444E+01     2.857142857E+01
     4869     2.800000000E+00    -8.888888889E+01     2.000000000E+01
     4870     2.800000000E+00    -9.444444444E+01     2.285714286E+01
     4871     2.800000000E+00    -8.888888889E+01     1.428571429E+01
     4872     2.800000000E+00    -9.444444444E+01     1.714285714E+01
     4873     2.800000000E+00    -8.888888889E+01     8.571428571E+00
     4874     2.800000000E+00    -9.444444444E+01     1.142857143E+01
     4875     2.800000000E+00    -8.888888889E+01     2.857142857E+00
     4876     2.800000000E+00    -9.444444444E+01     5.714285714E+00
     4877     2.800000000E+00    -8.888888889E+01    -2.857142857E+00
     4878     2.800000000E+00    -9.444444444E+01     0.000000000E+00
     4879     2.800000000E+00    -8.888888889E+01    -8.571428571E+00
     4880     2.800000000E+00    -9.444444444E+01    -5.714285714E+00
     4881     2.800000000E+00    -8.888888889E+01    -1.428571429E+01
     4882     2.800000000E+00    -9.444444444E+01    -1.142857143E+01
     4883     2.800000000E+00    -8.888888889E+01    -2.000000000E+01
     4884     2.800000000E+00    -9.444444444E+01    -1.714285714E+01
     4885     2.800000000E+00    -8.888888889E+01    -2.571428571E+01
     4886     2.800000000E+00    -9.444444444E+01    -2.285714286E+01
     4887     2.800000000E+00    -8.888888889E+01    -3.142857143E+01
     4888     2.800000000E+00    -9.444444444E+01    -2.857142857E+01
     4889     2.800000000E+00    -9.444444444E+01    -3.428571429E+01
     4890     2.800000000E+00    -1.000000000E+02     3.142857143E+01
     4891     2.800000000E+00    -1.055555556E+02     3.428571429E+01
     4892     2.800000000E+00    -1.000000000E+02     3.714285714E+01
     4893     2.800000000E+00    -1.000000000E+02     2.571428571E+01
     4894     2.800000000E+00    -1.055555556E+02     2.857142857E+01
     4895     2.800000000E+00    -1.000000000E+02     2.000000000E+01
     4896     2.800000000E+00    -1.055555556E+02     2.285714286E+01
     4897     2.800000000E+00    -1.000000000E+02     1.428571429E+01
     4898     2.800000000E+00    -1.055555556E+02     1.714285714E+01
     4899     2.800000000E+00    -1.000000000E+02     8.571428571E+00
     4900     2.800000000E+00    -1.055555556E+02     1.142857143E+01
     4901     2.800000000E+00    -1.000000000E+02     2.857142857E+00
     4902     2.800000000E+00    -1.055555556E+02     5.714285714E+00
     4903     2.800000000E+00    -1.000000000E+02    -2.857142857E+00
     4904     2.800000000E+00    -1.055555556E+02     0.000000000E+00
     4905     2.800000000E+00    -1.000000000E+02    -8.571428571E+00
     4906     2.800000000E+00    -1.055555556E+02    -5.714285714E+00
     4907     2.800000000E+00    -1.000000000E+02    -1.428571429E+01
     4908     2.800000000E+00    -1.055555556E+02    -1.142857143E+01
     4909     2.800000000E+00    -1.000000000E+02    -2.000000000E+01
     4910     2.800000000E+00    -1.055555556E+02    -1.714285714E+01
     4911     2.800000000E+00    -1.000000000E+02    -2.571428571E+01
     4912     2.800000000E+00    -1.055555556E+02    -2.285714286E+01
     4913     2.800000000E+00    -1.000000000E+02    -3.142857143E+01
     4914     2.800000000E+00    -1.055555556E+02    -2.857142857E+01
     4915     2.800000000E+00    -1.055555556E+02    -3.428571429E+01
     4916     2.800000000E+00    -1.111111111E+02     3.142857143E+01
     4917     2.800000000E+00    -1.166666667E+02     3.428571429E+01
     4918     2.800000000E+00    -1.111111111E+02     3.714285714E+01
     4919     2.800000000E+00    -1.111111111E+02     2.571428571E+01
     4920     2.800000000E+00    -1.166666667E+02     2.857142857E+01
     4921     2.800000000E+00    -1.111111111E+02     2.000000000E+01
     4922     2.800000000E+00    -1.166666667E+02     2.285714286E+01
     4923     2.800000000E+00    -1.111111111E+02     1.428571429E+01
     4924     2.800000000E+00    -1.166666667E+02     1.714285714E+01
     4925     2.800000000E+00    -1.111111111E+02     8.571428571E+00
     4926     2.800000000E+00    -1.166666667E+02     1.142857143E+01
     4927     2.800000000E+00    -1.111111111E+02     2.857142857E+00
     4928     2.800000000E+00    -1.166666667E+02     5.714285714E+00
     4929     2.800000000E+00    -1.111111111E+02    -2.857142857E+00
     4930     2.800000000E+00    -1.166666667E+02     0.000000000E+00
     4931     2.800000000E+00    -1.111111111E+02    -8.571428571E+00
     4932     2.800000000E+00    -1.166666667E+02    -5.714285714E+00
     4933     2.800000000E+00    -1.111111111E+02    -1.428571429E+01
     4934     2.800000000E+00    -1.166666667E+02    -1.142857143E+01
     4935     2.800000000E+00    -1.111111111E+02    -2.000000000E+01
     4936     2.800000000E+00    -1.166666667E+02    -1.714285714E+01
     4937     2.800000000E+00    -1.111111111E+02    -2.571428571E+01
     4938     2.800000000E+00    -1.166666667E+02    -2.285714286E+01
     4939     2.800000000E+00    -1.111111111E+02    -3.142857143E+01
     4940     2.800000000E+00    -1.166666667E+02    -2.857142857E+01
     4941     2.800000000E+00    -1.166666667E+02    -3.428571429E+01
     4942     2.800000000E+00    -1.222222222E+02     3.142857143E+01
     4943     2.800000000E+00    -1.277777778E+02     3.428571429E+01
     4944     2.800000000E+00    -1.222222222E+02     3.714285714E+01
     4945     2.800000000E+00    -1.222222222E+02     2.571428571E+01
     4946     2.800000000E+00    -1.277777778E+02     2.857142857E+01
     4947     2.800000000E+00    -1.222222222E+02     2.000000000E+01
     4948     2.800000000E+00    -1.277777778E+02     2.285714286E+01
     4949     2.800000000E+00    -1.222222222E+02     1.428571429E+01
     4950     2.800000000E+00    -1.277777778E+02     1.714285714E+01
     4951     2.800000000E+00    -1.222222222E+02     8.571428571E+00
     4952     2.800000000E+00    -1.277777778E+02     1.142857143E+01
     4953     2.800000000E+00    -1.222222222E+02     2.857142857E+00
     4954     2.800000000E+00    -1.277777778E+02     5.714285714E+00
     4955     2.800000000E+00    -1.222222222E+02    -2.857142857E+00
     4956     2.800000000E+00    -1.277777778E+02     0.000000000E+00
     4957     2.800000000E+00    -1.222222222E+02    -8.571428571E+00
     4958     2.800000000E+00    -1.277777778E+02    -5.714285714E+00
     4959     2.800000000E+00    -1.222222222E+02    -1.428571429E+01
     4960     2.800000000E+00    -1.277777778E+02    -1.142857143E+01
     4961     2.800000000E+00    -1.222222222E+02    -2.000000000E+01
     4962     2.800000000E+00    -1.277777778E+02    -1.714285714E+01
     4963     2.800000000E+00    -1.222222222E+02    -2.571428571E+01
     4964     2.800000000E+00    -1.277777778E+02    -2.285714286E+01
     4965     2.800000000E+00    -1.222222222E+02    -3.142857143E+01
     4966     2.800000000E+00    -1.277777778E+02    -2.857142857E+01
     4967     2.800000000E+00    -1.277777778E+02    -3.428571429E+01
     4968     2.800000000E+00    -1.333333333E+02     3.142857143E+01
     4969     2.800000000E+00    -1.388888889E+02     3.428571429E+01
     4970     2.800000000E+00    -1.333333333E+02     3.714285714E+01
     4971     2.800000000E+00    -1.333333333E+02     2.571428571E+01
     4972     2.800000000E+00    -1.388888889E+02     2.857142857E+01
     4973     2.800000000E+00    -1.333333333E+02     2.000000000E+01
     4974     2.800000000E+00    -1.388888889E+02     2.285714286E+01
     4975     2.800000000E+00    -1.333333333E+02     1.428571429E+01
     4976     2.800000000E+00    -1.388888889E+02     1.714285714E+01
     4977     2.800000000E+00    -1.333333333E+02     8.571428571E+00
     4978     2.800000000E+00    -1.388888889E+02     1.142857143E+01
     4979     2.800000000E+00    -1.333333333E+02     2.857142857E+00
     4980     2.800000000E+00    -1.388888889E+02     5.714285714E+00
     4981     2.800000000E+00    -1.333333333E+02    -2.857142857E+00
     4982     2.800000000E+00    -1.388888889E+02     0.000000000E+00
     4983     2.800000000E+00    -1.333333333E+02    -8.571428571E+00
     4984     2.800000000E+00    -1.388888889E+02    -5.714285714E+00
     4985     2.800000000E+00    -1.333333333E+02    -1.428571429E+01
     4986     2.800000000E+00    -1.388888889E+02    -1.142857143E+01
     4987     2.800000000E+00    -1.333333333E+02    -2.000000000E+01
     4988     2.800000000E+00    -1.388888889E+02    -1.714285714E+01
     4989     2.800000000E+00    -1.333333333E+02    -2.571428571E+01
     4990     2.800000000E+00    -1.388888889E+02    -2.285714286E+01
     4991     2.800000000E+00    -1.333333333E+02    -3.142857143E+01
     4992     2.800000000E+00    -1.388888889E+02    -2.857142857E+01
     4993     2.800000000E+00    -1.388888889E+02    -3.428571429E+01
     4994     2.800000000E+00    -1.444444444E+02     3.142857143E+01
     4995     2.800000000E+00    -1.500000000E+02     3.428571429E+01
     4996     2.800000000E+00    -1.444444444E+02     3.714285714E+01
     4997     2.800000000E+00    -1.444444444E+02     2.571428571E+01
     4998     2.800000000E+00    -1.500000000E+02     2.857142857E+01
     4999     2.800000000E+00    -1.444444444E+02     2.000000000E+01
     5000     2.800000000E+00    -1.500000000E+02     2.285714286E+01
     5001     2.800000000E+00    -1.444444444E+02     1.428571429E+01
     5002     2.800000000E+00    -1.500000000E+02     1.714285714E+01
     5003     2.800000000E+00    -1.444444444E+02     8.571428571E+00
     5004     2.800000000E+00    -1.500000000E+02     1.142857143E+01
     5005     2.800000000E+00    -1.444444444E+02     2.857142857E+00
     5006     2.800000000E+00    -1.500000000E+02     5.714285714E+00
     5007     2.800000000E+00    -1.444444444E+02    -2.857142857E+00
     5008     2.800000000E+00    -1.500000000E+02     0.000000000E+00
     5009     2.800000000E+00    -1.444444444E+02    -8.571428571E+00
     5010     2.800000000E+00    -1.500000000E+02    -5.714285714E+00
     5011     2.800000000E+00    -1.444444444E+02    -1.428571429E+01
     5012     2.800000000E+00    -1.500000000E+02    -1.142857143E+01
     5013     2.800000000E+00    -1.444444444E+02    -2.000000000E+01
     5014     2.800000000E+00    -1.500000000E+02    -1.714285714E+01
     5015     2.800000000E+00    -1.444444444E+02    -2.571428571E+01
     5016     2.800000000E+00    -1.500000000E+02    -2.285714286E+01
     5017     2.800000000E+00    -1.444444444E+02    -3.142857143E+01
     5018     2.800000000E+00    -1.500000000E+02    -2.857142857E+01
     5019     2.800000000E+00    -1.500000000E+02    -3.428571429E+01
     5020     2.800000000E+00    -1.555555556E+02     3.142857143E+01
     5021     2.800000000E+00    -1.611111111E+02     3.428571429E+01
     5022     2.800000000E+00    -1.555555556E+02     3.714285714E+01
     5023     2.800000000E+00    -1.555555556E+02     2.571428571E+01
     5024     2.800000000E+00    -1.611111111E+02     2.857142857E+01
     5025     2.800000000E+00    -1.555555556E+02     2.000000000E+01
     5026     2.800000000E+00    -1.611111111E+02     2.285714286E+01
     5027     2.800000000E+00    -1.555555556E+02     1.428571429E+01
     5028     2.800000000E+00    -1.611111111E+02     1.714285714E+01
     5029     2.800000000E+00    -1.555555556E+02     8.571428571E+00
     5030     2.800000000E+00    -1.611111111E+02     1.142857143E+01
     5031     2.800000000E+00    -1.555555556E+02     2.857142857E+00
     5032     2.800000000E+00    -1.611111111E+02     5.714285714E+00
     5033     2.800000000E+00    -1.555555556E+02    -2.857142857E+00
     5034     2.800000000E+00    -1.611111111E+02     1.776356839E-15
     5035     2.800000000E+00    -1.555555556E+02    -8.571428571E+00
     5036     2.800000000E+00    -1.611111111E+02    -5.714285714E+00
     5037     2.800000000E+00    -1.555555556E+02    -1.428571429E+01
     5038     2.800000000E+00    -1.611111111E+02    -1.142857143E+01
     5039     2.800000000E+00    -1.555555556E+02    -2.000000000E+01
     5040     2.800000000E+00    -1.611111111E+02    -1.714285714E+01
     5041     2.800000000E+00    -1.555555556E+02    -2.571428571E+01
     5042     2.800000000E+00    -1.611111111E+02    -2.285714286E+01
     5043     2.800000000E+00    -1.555555556E+02    -3.142857143E+01
     5044     2.800000000E+00    -1.611111111E+02    -2.857142857E+01
     5045     2.800000000E+00    -1.611111111E+02    -3.428571429E+01
     5046     2.800000000E+00    -1.666666667E+02     3.142857143E+01
     5047     2.800000000E+00    -1.722222222E+02     3.428571429E+01
     5048     2.800000000E+00    -1.666666667E+02     3.714285714E+01
     5049     2.800000000E+00    -1.666666667E+02     2.571428571E+01
     5050     2.800000000E+00    -1.722222222E+02     2.857142857E+01
     5051     2.800000000E+00    -1.666666667E+02     2.000000000E+01
     5052     2.800000000E+00    -1.722222222E+02     2.285714286E+01
     5053     2.800000000E+00    -1.666666667E+02     1.428571429E+01
     5054     2.800000000E+00    -1.722222222E+02     1.714285714E+01
     5055     2.800000000E+00    -1.666666667E+02     8.571428571E+00
     5056     2.800000000E+00    -1.722222222E+02     1.142857143E+01
     5057     2.800000000E+00    -1.666666667E+02     2.857142857E+00
     5058     2.800000000E+00    -1.722222222E+02     5.714285714E+00
     5059     2.800000000E+00    -1.666666667E+02    -2.857142857E+00
     5060     2.800000000E+00    -1.722222222E+02     1.776356839E-15
     5061     2.800000000E+00    -1.666666667E+02    -8.571428571E+00
     5062     2.800000000E+00    -1.722222222E+02    -5.714285714E+00
     5063     2.800000000E+00    -1.666666667E+02    -1.428571429E+01
     5064     2.800000000E+00    -1.722222222E+02    -1.142857143E+01
     5065     2.800000000E+00    -1.666666667E+02    -2.000000000E+01
     5066     2.800000000E+00    -1.722222222E+02    -1.714285714E+01
     5067     2.800000000E+00    -1.666666667E+02    -2.571428571E+01
     5068     2.800000000E+00    -1.722222222E+02    -2.285714286E+01
     5069     2.800000000E+00    -1.666666667E+02    -3.142857143E+01
     5070     2.800000000E+00    -1.722222222E+02    -2.857142857E+01
     5071     2.800000000E+00    -1.722222222E+02    -3.428571429E+01
     5072     2.800000000E+00    -1.777777778E+02     3.142857143E+01
     5073     2.800000000E+00    -1.833333333E+02     3.428571429E+01
     5074     2.800000000E+00    -1.777777778E+02     3.714285714E+01
     5075     2.800000000E+00    -1.777777778E+02     2.571428571E+01
     5076     2.800000000E+00    -1.833333333E+02     2.857142857E+01
     5077     2.800000000E+00    -1.777777778E+02     2.000000000E+01
     5078     2.800000000E+00    -1.833333333E+02     2.285714286E+01
     5079     2.800000000E+00    -1.777777778E+02     1.428571429E+01
     5080     2.800000000E+00    -1.833333333E+02     1.714285714E+01
     5081     2.800000000E+00    -1.777777778E+02     8.571428571E+00
     5082     2.800000000E+00    -1.833333333E+02     1.142857143E+01
     5083     2.800000000E+00    -1.777777778E+02     2.857142857E+00
     5084     2.800000000E+00    -1.833333333E+02     5.714285714E+00
     5085     2.800000000E+00    -1.777777778E+02    -2.857142857E+00
     5086     2.800000000E+00    -1.833333333E+02     0.000000000E+00
     5087     2.800000000E+00    -1.777777778E+02    -8.571428571E+00
     5088     2.800000000E+00    -1.833333333E+02    -5.714285714E+00
     5089     2.800000000E+00    -1.777777778E+02    -1.428571429E+01
     5090     2.800000000E+00    -1.833333333E+02    -1.142857143E+01
     5091     2.800000000E+00    -1.777777778E+02    -2.000000000E+01
     5092     2.800000000E+00    -1.833333333E+02    -1.714285714E+01
     5093     2.800000000E+00    -1.777777778E+02    -2.571428571E+01
     5094     2.800000000E+00    -1.833333333E+02    -2.285714286E+01
     5095     2.800000000E+00    -1.777777778E+02    -3.142857143E+01
     5096     2.800000000E+00    -1.833333333E+02    -2.857142857E+01
     5097     2.800000000E+00    -1.833333333E+02    -3.428571429E+01
     5098     2.800000000E+00    -1.888888889E+02     3.142857143E+01
     5099     2.800000000E+00    -1.888888889E+02     3.714285714E+01
     5100     2.800000000E+00    -1.888888889E+02     2.571428571E+01
     5101     2.800000000E+00    -1.888888889E+02     2.000000000E+01
     5102     2.800000000E+00    -1.888888889E+02     1.428571429E+01
     5103     2.800000000E+00    -1.888888889E+02     8.571428571E+00
     5104     2.800000000E+00    -1.888888889E+02     2.857142857E+00
     5105     2.800000000E+00    -1.888888889E+02    -2.857142857E+00
     5106     2.800000000E+00    -1.888888889E+02    -8.571428571E+00
     5107     2.800000000E+00    -1.888888889E+02    -1.428571429E+01
     5108     2.800000000E+00    -1.888888889E+02    -2.000000000E+01
     5109     2.800000000E+00    -1.888888889E+02    -2.571428571E+01
     5110     2.800000000E+00    -1.888888889E+02    -3.142857143E+01
     5111     2.800000000E+00     0.000000000E+00     3.142857143E+01
     5112     2.800000000E+00     0.000000000E+00     3.714285714E+01
     5113     2.800000000E+00     0.000000000E+00     2.571428571E+01
     5114     2.800000000E+00     0.000000000E+00     2.000000000E+01
     5115     2.800000000E+00     0.000000000E+00     1.428571429E+01
     5116     2.800000000E+00     0.000000000E+00     8.571428571E+00
     5117     2.800000000E+00     0.000000000E+00     2.857142857E+00
     5118     2.800000000E+00     0.000000000E+00    -2.857142857E+00
     5119     2.800000000E+00     0.000000000E+00    -8.571428571E+00
     5120     2.800000000E+00     0.000000000E+00    -1.428571429E+01
     5121     2.800000000E+00     0.000000000E+00    -2.000000000E+01
     5122     2.800000000E+00     0.000000000E+00    -2.571428571E+01
     5123     2.800000000E+00     0.000000000E+00    -3.142857143E+01
     5124     2.800000000E+00    -1.833333333E+02     4.000000000E+01
     5125     2.938345981E+00    -1.888888889E+02     4.140465032E+01
     5126     2.800000000E+00    -1.722222222E+02     4.000000000E+01
     5127     2.938345981E+00    -1.777777778E+02     4.140465032E+01
     5128     2.800000000E+00    -1.611111111E+02     4.000000000E+01
     5129     2.938345981E+00    -1.666666667E+02     4.140465032E+01
     5130     2.800000000E+00    -1.500000000E+02     4.000000000E+01
     5131     2.938345981E+00    -1.555555556E+02     4.140465032E+01
     5132     2.800000000E+00    -1.388888889E+02     4.000000000E+01
     5133     2.938345981E+00    -1.444444444E+02     4.140465032E+01
     5134     2.800000000E+00    -1.277777778E+02     4.000000000E+01
     5135     2.938345981E+00    -1.333333333E+02     4.140465032E+01
     5136     2.800000000E+00    -1.166666667E+02     4.000000000E+01
     5137     2.938345981E+00    -1.222222222E+02     4.140465032E+01
     5138     2.800000000E+00    -1.055555556E+02     4.000000000E+01
     5139     2.938345981E+00    -1.111111111E+02     4.140465032E+01
     5140     2.800000000E+00    -9.444444444E+01     4.000000000E+01
     5141     2.938345981E+00    -1.000000000E+02     4.140465032E+01
     5142     2.800000000E+00    -8.333333333E+01     4.000000000E+01
     5143     2.938345981E+00    -8.888888889E+01     4.140465032E+01
     5144     2.800000000E+00    -7.222222222E+01     4.000000000E+01
     5145     2.938345981E+00    -7.777777778E+01     4.140465032E+01
     5146     2.800000000E+00    -6.111111111E+01     4.000000000E+01
     5147     2.938345981E+00    -6.666666667E+01     4.140465032E+01
     5148     2.800000000E+00    -5.000000000E+01     4.000000000E+01
     5149     2.938345981E+00    -5.555555556E+01     4.140465032E+01
     5150     2.800000000E+00    -3.888888889E+01     4.000000000E+01
     5151     2.938345981E+00    -4.444444444E+01     4.140465032E+01
     5152     2.800000000E+00    -2.777777778E+01     4.000000000E+01
     5153     2.938345981E+00    -3.333333333E+01     4.140465032E+01
     5154     2.800000000E+00    -1.666666667E+01     4.000000000E+01
     5155     2.938345981E+00    -2.222222222E+01     4.140465032E+01
     5156     2.800000000E+00    -5.555555556E+00     4.000000000E+01
     5157     2.938345981E+00     0.000000000E+00     4.140465032E+01
     5158     2.938345981E+00    -1.111111111E+01     4.140465032E+01
     5159     5.999894322E+00    -1.111111111E+01     4.598658121E+01
     5160     7.244679287E+00    -1.666666667E+01     4.665193263E+01
     5161     7.244679287E+00    -5.555555556E+00     4.665193263E+01
     5162     8.595349681E+00    -1.111111111E+01     4.706165402E+01
     5163     4.013418791E+00    -1.111111111E+01     4.400010568E+01
     5164     4.908831175E+00    -1.666666667E+01     4.509116882E+01
     5165     4.908831175E+00    -5.555555556E+00     4.509116882E+01
     5166     3.348067366E+00    -1.666666667E+01     4.275532071E+01
     5167     3.348067366E+00    -5.555555556E+00     4.275532071E+01
     5168     5.999894322E+00    -2.222222222E+01     4.598658121E+01
     5169     7.244679287E+00    -2.777777778E+01     4.665193263E+01
     5170     8.595349681E+00    -2.222222222E+01     4.706165402E+01
     5171     4.013418791E+00    -2.222222222E+01     4.400010568E+01
     5172     4.908831175E+00    -2.777777778E+01     4.509116882E+01
     5173     3.348067366E+00    -2.777777778E+01     4.275532071E+01
     5174     5.999894322E+00    -3.333333333E+01     4.598658121E+01
     5175     7.244679287E+00    -3.888888889E+01     4.665193263E+01
     5176     8.595349681E+00    -3.333333333E+01     4.706165402E+01
     5177     4.013418791E+00    -3.333333333E+01     4.400010568E+01
     5178     4.908831175E+00    -3.888888889E+01     4.509116882E+01
     5179     3.348067366E+00    -3.888888889E+01     4.275532071E+01
     5180     5.999894322E+00    -4.444444444E+01     4.598658121E+01
     5181     7.244679287E+00    -5.000000000E+01     4.665193263E+01
     5182     8.595349681E+00    -4.444444444E+01     4.706165402E+01
     5183     4.013418791E+00    -4.444444444E+01     4.400010568E+01
     5184     4.908831175E+00    -5.000000000E+01     4.509116882E+01
     5185     3.348067366E+00    -5.000000000E+01     4.275532071E+01
     5186     5.999894322E+00    -5.555555556E+01     4.598658121E+01
     5187     7.244679287E+00    -6.111111111E+01     4.665193263E+01
     5188     8.595349681E+00    -5.555555556E+01     4.706165402E+01
     5189     4.013418791E+00    -5.555555556E+01     4.400010568E+01
     5190     4.908831175E+00    -6.111111111E+01     4.509116882E+01
     5191     3.348067366E+00    -6.111111111E+01     4.275532071E+01
     5192     5.999894322E+00    -6.666666667E+01     4.598658121E+01
     5193     7.244679287E+00    -7.222222222E+01     4.665193263E+01
     5194     8.595349681E+00    -6.666666667E+01     4.706165402E+01
     5195     4.013418791E+00    -6.666666667E+01     4.400010568E+01
     5196     4.908831175E+00    -7.222222222E+01     4.509116882E+01
     5197     3.348067366E+00    -7.222222222E+01     4.275532071E+01
     5198     5.999894322E+00    -7.777777778E+01     4.598658121E+01
     5199     7.244679287E+00    -8.333333333E+01     4.665193263E+01
     5200     8.595349681E+00    -7.777777778E+01     4.706165402E+01
     5201     4.013418791E+00    -7.777777778E+01     4.400010568E+01
     5202     4.908831175E+00    -8.333333333E+01     4.509116882E+01
     5203     3.348067366E+00    -8.333333333E+01     4.275532071E+01
     5204     5.999894322E+00    -8.888888889E+01     4.598658121E+01
     5205     7.244679287E+00    -9.444444444E+01     4.665193263E+01
     5206     8.595349681E+00    -8.888888889E+01     4.706165402E+01
     5207     4.013418791E+00    -8.888888889E+01     4.400010568E+01
     5208     4.908831175E+00    -9.444444444E+01     4.509116882E+01
     5209     3.348067366E+00    -9.444444444E+01     4.275532071E+01
     5210     5.999894322E+00    -1.000000000E+02     4.598658121E+01
     5211     7.244679287E+00    -1.055555556E+02     4.665193263E+01
     5212     8.595349681E+00    -1.000000000E+02     4.706165402E+01
     5213     4.013418791E+00    -1.000000000E+02     4.400010568E+01
     5214     4.908831175E+00    -1.055555556E+02     4.509116882E+01
     5215     3.348067366E+00    -1.055555556E+02     4.275532071E+01
     5216     5.999894322E+00    -1.111111111E+02     4.598658121E+01
     5217     7.244679287E+00    -1.166666667E+02     4.665193263E+01
     5218     8.595349681E+00    -1.111111111E+02     4.706165402E+01
     5219     4.013418791E+00    -1.111111111E+02     4.400010568E+01
     5220     4.908831175E+00    -1.166666667E+02     4.509116882E+01
     5221     3.348067366E+00    -1.166666667E+02     4.275532071E+01
     5222     5.999894322E+00    -1.222222222E+02     4.598658121E+01
     5223     7.244679287E+00    -1.277777778E+02     4.665193263E+01
     5224     8.595349681E+00    -1.222222222E+02     4.706165402E+01
     5225     4.013418791E+00    -1.222222222E+02     4.400010568E+01
     5226     4.908831175E+00    -1.277777778E+02     4.509116882E+01
     5227     3.348067366E+00    -1.277777778E+02     4.275532071E+01
     5228     5.999894322E+00    -1.333333333E+02     4.598658121E+01
     5229     7.244679287E+00    -1.388888889E+02     4.665193263E+01
     5230     8.595349681E+00    -1.333333333E+02     4.706165402E+01
     5231     4.013418791E+00    -1.333333333E+02     4.400010568E+01
     5232     4.908831175E+00    -1.388888889E+02     4.509116882E+01
     5233     3.348067366E+00    -1.388888889E+02     4.275532071E+01
     5234     5.999894322E+00    -1.444444444E+02     4.598658121E+01
     5235     7.244679287E+00    -1.500000000E+02     4.665193263E+01
     5236     8.595349681E+00    -1.444444444E+02     4.706165402E+01
     5237     4.013418791E+00    -1.444444444E+02     4.400010568E+01
     5238     4.908831175E+00    -1.500000000E+02     4.509116882E+01
     5239     3.348067366E+00    -1.500000000E+02     4.275532071E+01
     5240     5.999894322E+00    -1.555555556E+02     4.598658121E+01
     5241     7.244679287E+00    -1.611111111E+02     4.665193263E+01
     5242     8.595349681E+00    -1.555555556E+02     4.706165402E+01
     5243     4.013418791E+00    -1.555555556E+02     4.400010568E+01
     5244     4.908831175E+00    -1.611111111E+02     4.509116882E+01
     5245     3.348067366E+00    -1.611111111E+02     4.275532071E+01
     5246     5.999894322E+00    -1.666666667E+02     4.598658121E+01
     5247     7.244679287E+00    -1.722222222E+02     4.665193263E+01
     5248     8.595349681E+00    -1.666666667E+02     4.706165402E+01
     5249     4.013418791E+00    -1.666666667E+02     4.400010568E+01
     5250     4.908831175E+00    -1.722222222E+02     4.509116882E+01
     5251     3.348067366E+00    -1.722222222E+02     4.275532071E+01
     5252     5.999894322E+00    -1.777777778E+02     4.598658121E+01
     5253     7.244679287E+00    -1.833333333E+02     4.665193263E+01
     5254     8.595349681E+00    -1.777777778E+02     4.706165402E+01
     5255     4.013418791E+00    -1.777777778E+02     4.400010568E+01
     5256     4.908831175E+00    -1.833333333E+02     4.509116882E+01
     5257     3.348067366E+00    -1.833333333E+02     4.275532071E+01
     5258     5.999894322E+00    -1.888888889E+02     4.598658121E+01
     5259     8.595349681E+00    -1.888888889E+02     4.706165402E+01
     5260     4.013418791E+00    -1.888888889E+02     4.400010568E+01
     5261     8.595349681E+00     0.000000000E+00     4.706165402E+01
     5262     5.999894322E+00     0.000000000E+00     4.598658121E+01
     5263     1.000000000E+01    -5.555555556E+00     4.720000000E+01
     5264     1.250000000E+01     0.000000000E+00     4.720000000E+01
     5265     4.013418791E+00     0.000000000E+00     4.400010568E+01
     5266     1.000000000E+01    -1.666666667E+01     4.720000000E+01
     5267     1.250000000E+01    -1.111111111E+01     4.720000000E+01
     5268     1.000000000E+01    -2.777777778E+01     4.720000000E+01
     5269     1.250000000E+01    -2.222222222E+01     4.720000000E+01
     5270     1.000000000E+01    -3.888888889E+01     4.720000000E+01
     5271     1.250000000E+01    -3.333333333E+01     4.720000000E+01
     5272     1.000000000E+01    -5.000000000E+01     4.720000000E+01
     5273     1.250000000E+01    -4.444444444E+01     4.720000000E+01
     5274     1.000000000E+01    -6.111111111E+01     4.720000000E+01
     5275     1.250000000E+01    -5.555555556E+01     4.720000000E+01
     5276     1.000000000E+01    -7.222222222E+01     4.720000000E+01
     5277     1.250000000E+01    -6.666666667E+01     4.720000000E+01
     5278     1.000000000E+01    -8.333333333E+01     4.720000000E+01
     5279     1.250000000E+01    -7.777777778E+01     4.720000000E+01
     5280     1.000000000E+01    -9.444444444E+01     4.720000000E+01
     5281     1.250000000E+01    -8.888888889E+01     4.720000000E+01
     5282     1.000000000E+01    -1.055555556E+02     4.720000000E+01
     5283     1.250000000E+01    -1.000000000E+02     4.720000000E+01
     5284     1.000000000E+01    -1.166666667E+02     4.720000000E+01
     5285     1.250000000E+01    -1.111111111E+02     4.720000000E+01
     5286     1.000000000E+01    -1.277777778E+02     4.720000000E+01
     5287     1.250000000E+01    -1.222222222E+02     4.720000000E+01
     5288     1.000000000E+01    -1.388888889E+02     4.720000000E+01
     5289     1.250000000E+01    -1.333333333E+02     4.720000000E+01
     5290     1.000000000E+01    -1.500000000E+02     4.720000000E+01
     5291     1.250000000E+01    -1.444444444E+02     4.720000000E+01
     5292     1.000000000E+01    -1.611111111E+02     4.720000000E+01
     5293     1.250000000E+01    -1.555555556E+02     4.720000000E+01
     5294     1.000000000E+01    -1.722222222E+02     4.720000000E+01
     5295     1.250000000E+01    -1.666666667E+02     4.720000000E+01
     5296     1.000000000E+01    -1.833333333E+02     4.720000000E+01
     5297     1.250000000E+01    -1.777777778E+02     4.720000000E+01
     5298     1.250000000E+01    -1.888888889E+02     4.720000000E+01
     5299     1.750000000E+01    -1.888888889E+02     4.720000000E+01
     5300     1.500000000E+01    -1.833333333E+02     4.720000000E+01
     5301     2.250000000E+01    -1.888888889E+02     4.720000000E+01
     5302     2.000000000E+01    -1.833333333E+02     4.720000000E+01
     5303     2.750000000E+01    -1.888888889E+02     4.720000000E+01
     5304     2.500000000E+01    -1.833333333E+02     4.720000000E+01
     5305     3.250000000E+01    -1.888888889E+02     4.720000000E+01
     5306     3.000000000E+01    -1.833333333E+02     4.720000000E+01
     5307     3.750000000E+01    -1.888888889E+02     4.720000000E+01
     5308     3.500000000E+01    -1.833333333E+02     4.720000000E+01
     5309     4.250000000E+01    -1.888888889E+02     4.720000000E+01
     5310     4.000000000E+01    -1.833333333E+02     4.720000000E+01
     5311     4.750000000E+01    -1.888888889E+02     4.720000000E+01
     5312     4.500000000E+01    -1.833333333E+02     4.720000000E+01
     5313     5.250000000E+01    -1.888888889E+02     4.720000000E+01
     5314     5.000000000E+01    -1.833333333E+02     4.720000000E+01
     5315     5.500000000E+01    -1.833333333E+02     4.720000000E+01
     5316     1.750000000E+01    -1.777777778E+02     4.720000000E+01
     5317     1.500000000E+01    -1.722222222E+02     4.720000000E+01
     5318     2.250000000E+01    -1.777777778E+02     4.720000000E+01
     5319     2.000000000E+01    -1.722222222E+02     4.720000000E+01
     5320     2.750000000E+01    -1.777777778E+02     4.720000000E+01
     5321     2.500000000E+01    -1.722222222E+02     4.720000000E+01
     5322     3.250000000E+01    -1.777777778E+02     4.720000000E+01
     5323     3.000000000E+01    -1.722222222E+02     4.720000000E+01
     5324     3.750000000E+01    -1.777777778E+02     4.720000000E+01
     5325     3.500000000E+01    -1.722222222E+02     4.720000000E+01
     5326     4.250000000E+01    -1.777777778E+02     4.720000000E+01
     5327     4.000000000E+01    -1.722222222E+02     4.720000000E+01
     5328     4.750000000E+01    -1.777777778E+02     4.720000000E+01
     5329     4.500000000E+01    -1.722222222E+02     4.720000000E+01
     5330     5.250000000E+01    -1.777777778E+02     4.720000000E+01
     5331     5.000000000E+01    -1.722222222E+02     4.720000000E+01
     5332     5.500000000E+01    -1.722222222E+02     4.720000000E+01
     5333     1.750000000E+01    -1.666666667E+02     4.720000000E+01
     5334     1.500000000E+01    -1.611111111E+02     4.720000000E+01
     5335     2.250000000E+01    -1.666666667E+02     4.720000000E+01
     5336     2.000000000E+01    -1.611111111E+02     4.720000000E+01
     5337     2.750000000E+01    -1.666666667E+02     4.720000000E+01
     5338     2.500000000E+01    -1.611111111E+02     4.720000000E+01
     5339     3.250000000E+01    -1.666666667E+02     4.720000000E+01
     5340     3.000000000E+01    -1.611111111E+02     4.720000000E+01
     5341     3.750000000E+01    -1.666666667E+02     4.720000000E+01
     5342     3.500000000E+01    -1.611111111E+02     4.720000000E+01
     5343     4.250000000E+01    -1.666666667E+02     4.720000000E+01
     5344     4.000000000E+01    -1.611111111E+02     4.720000000E+01
     5345     4.750000000E+01    -1.666666667E+02     4.720000000E+01
     5346     4.500000000E+01    -1.611111111E+02     4.720000000E+01
     5347     5.250000000E+01    -1.666666667E+02     4.720000000E+01
     5348     5.000000000E+01    -1.611111111E+02     4.720000000E+01
     5349     5.500000000E+01    -1.611111111E+02     4.720000000E+01
     5350     1.750000000E+01    -1.555555556E+02     4.720000000E+01
     5351     1.500000000E+01    -1.500000000E+02     4.720000000E+01
     5352     2.250000000E+01    -1.555555556E+02     4.720000000E+01
     5353     2.000000000E+01    -1.500000000E+02     4.720000000E+01
     5354     2.750000000E+01    -1.555555556E+02     4.720000000E+01
     5355     2.500000000E+01    -1.500000000E+02     4.720000000E+01
     5356     3.250000000E+01    -1.555555556E+02     4.720000000E+01
     5357     3.000000000E+01    -1.500000000E+02     4.720000000E+01
     5358     3.750000000E+01    -1.555555556E+02     4.720000000E+01
     5359     3.500000000E+01    -1.500000000E+02     4.720000000E+01
     5360     4.250000000E+01    -1.555555556E+02     4.720000000E+01
     5361     4.000000000E+01    -1.500000000E+02     4.720000000E+01
     5362     4.750000000E+01    -1.555555556E+02     4.720000000E+01
     5363     4.500000000E+01    -1.500000000E+02     4.720000000E+01
     5364     5.250000000E+01    -1.555555556E+02     4.720000000E+01
     5365     5.000000000E+01    -1.500000000E+02     4.720000000E+01
     5366     5.500000000E+01    -1.500000000E+02     4.720000000E+01
     5367     1.750000000E+01    -1.444444444E+02     4.720000000E+01
     5368     1.500000000E+01    -1.388888889E+02     4.720000000E+01
     5369     2.250000000E+01    -1.444444444E+02     4.720000000E+01
     5370     2.000000000E+01    -1.388888889E+02     4.720000000E+01
     5371     2.750000000E+01    -1.444444444E+02     4.720000000E+01
     5372     2.500000000E+01    -1.388888889E+02     4.720000000E+01
     5373     3.250000000E+01    -1.444444444E+02     4.720000000E+01
     5374     3.000000000E+01    -1.388888889E+02     4.720000000E+01
     5375     3.750000000E+01    -1.444444444E+02     4.720000000E+01
     5376     3.500000000E+01    -1.388888889E+02     4.720000000E+01
     5377     4.250000000E+01    -1.444444444E+02     4.720000000E+01
     5378     4.000000000E+01    -1.388888889E+02     4.720000000E+01
     5379     4.750000000E+01    -1.444444444E+02     4.720000000E+01
     5380     4.500000000E+01    -1.388888889E+02     4.720000000E+01
     5381     5.250000000E+01    -1.444444444E+02     4.720000000E+01
     5382     5.000000000E+01    -1.388888889E+02     4.720000000E+01
     5383     5.500000000E+01    -1.388888889E+02     4.720000000E+01
     5384     1.750000000E+01    -1.333333333E+02     4.720000000E+01
     5385     1.500000000E+01    -1.277777778E+02     4.720000000E+01
     5386     2.250000000E+01    -1.333333333E+02     4.720000000E+01
     5387     2.000000000E+01    -1.277777778E+02     4.720000000E+01
     5388     2.750000000E+01    -1.333333333E+02     4.720000000E+01
     5389     2.500000000E+01    -1.277777778E+02     4.720000000E+01
     5390     3.250000000E+01    -1.333333333E+02     4.720000000E+01
     5391     3.000000000E+01    -1.277777778E+02     4.720000000E+01
     5392     3.750000000E+01    -1.333333333E+02     4.720000000E+01
     5393     3.500000000E+01    -1.277777778E+02     4.720000000E+01
     5394     4.250000000E+01    -1.333333333E+02     4.720000000E+01
     5395     4.000000000E+01    -1.277777778E+02     4.720000000E+01
     5396     4.750000000E+01    -1.333333333E+02     4.720000000E+01
     5397     4.500000000E+01    -1.277777778E+02     4.720000000E+01
     5398     5.250000000E+01    -1.333333333E+02     4.720000000E+01
     5399     5.000000000E+01    -1.277777778E+02     4.720000000E+01
     5400     5.500000000E+01    -1.277777778E+02     4.720000000E+01
     5401     1.750000000E+01    -1.222222222E+02     4.720000000E+01
     5402     1.500000000E+01    -1.166666667E+02     4.720000000E+01
     5403     2.250000000E+01    -1.222222222E+02     4.720000000E+01
     5404     2.000000000E+01    -1.166666667E+02     4.720000000E+01
     5405     2.750000000E+01    -1.222222222E+02     4.720000000E+01
     5406     2.500000000E+01    -1.166666667E+02     4.720000000E+01
     5407     3.250000000E+01    -1.222222222E+02     4.720000000E+01
     5408     3.000000000E+01    -1.166666667E+02     4.720000000E+01
     5409     3.750000000E+01    -1.222222222E+02     4.720000000E+01
     5410     3.500000000E+01    -1.166666667E+02     4.720000000E+01
     5411     4.250000000E+01    -1.222222222E+02     4.720000000E+01
     5412     4.000000000E+01    -1.166666667E+02     4.720000000E+01
     5413     4.750000000E+01    -1.222222222E+02     4.720000000E+01
     5414     4.500000000E+01    -1.166666667E+02     4.720000000E+01
     5415     5.250000000E+01    -1.222222222E+02     4.720000000E+01
     5416     5.000000000E+01    -1.166666667E+02     4.720000000E+01
     5417     5.500000000E+01    -1.166666667E+02     4.720000000E+01
     5418     1.750000000E+01    -1.111111111E+02     4.720000000E+01
     5419     1.500000000E+01    -1.055555556E+02     4.720000000E+01
     5420     2.250000000E+01    -1.111111111E+02     4.720000000E+01
     5421     2.000000000E+01    -1.055555556E+02     4.720000000E+01
     5422     2.750000000E+01    -1.111111111E+02     4.720000000E+01
     5423     2.500000000E+01    -1.055555556E+02     4.720000000E+01
     5424     3.250000000E+01    -1.111111111E+02     4.720000000E+01
     5425     3.000000000E+01    -1.055555556E+02     4.720000000E+01
     5426     3.750000000E+01    -1.111111111E+02     4.720000000E+01
     5427     3.500000000E+01    -1.055555556E+02     4.720000000E+01
     5428     4.250000000E+01    -1.111111111E+02     4.720000000E+01
     5429     4.000000000E+01    -1.055555556E+02     4.720000000E+01
     5430     4.750000000E+01    -1.111111111E+02     4.720000000E+01
     5431     4.500000000E+01    -1.055555556E+02     4.720000000E+01
     5432     5.250000000E+01    -1.111111111E+02     4.720000000E+01
     5433     5.000000000E+01    -1.055555556E+02     4.720000000E+01
     5434     5.500000000E+01    -1.055555556E+02     4.720000000E+01
     5435     1.750000000E+01    -1.000000000E+02     4.720000000E+01
     5436     1.500000000E+01    -9.444444444E+01     4.720000000E+01
     5437     2.250000000E+01    -1.000000000E+02     4.720000000E+01
     5438     2.000000000E+01    -9.444444444E+01     4.720000000E+01
     5439     2.750000000E+01    -1.000000000E+02     4.720000000E+01
     5440     2.500000000E+01    -9.444444444E+01     4.720000000E+01
     5441     3.250000000E+01    -1.000000000E+02     4.720000000E+01
     5442     3.000000000E+01    -9.444444444E+01     4.720000000E+01
     5443     3.750000000E+01    -1.000000000E+02     4.720000000E+01
     5444     3.500000000E+01    -9.444444444E+01     4.720000000E+01
     5445     4.250000000E+01    -1.000000000E+02     4.720000000E+01
     5446     4.000000000E+01    -9.444444444E+01     4.720000000E+01
     5447     4.750000000E+01    -1.000000000E+02     4.720000000E+01
     5448     4.500000000E+01    -9.444444444E+01     4.720000000E+01
     5449     5.250000000E+01    -1.000000000E+02     4.720000000E+01
     5450     5.000000000E+01    -9.444444444E+01     4.720000000E+01
     5451     5.500000000E+01    -9.444444444E+01     4.720000000E+01
     5452     1.750000000E+01    -8.888888889E+01     4.720000000E+01
     5453     1.500000000E+01    -8.333333333E+01     4.720000000E+01
     5454     2.250000000E+01    -8.888888889E+01     4.720000000E+01
     5455     2.000000000E+01    -8.333333333E+01     4.720000000E+01
     5456     2.750000000E+01    -8.888888889E+01     4.720000000E+01
     5457     2.500000000E+01    -8.333333333E+01     4.720000000E+01
     5458     3.250000000E+01    -8.888888889E+01     4.720000000E+01
     5459     3.000000000E+01    -8.333333333E+01     4.720000000E+01
     5460     3.750000000E+01    -8.888888889E+01     4.720000000E+01
     5461     3.500000000E+01    -8.333333333E+01     4.720000000E+01
     5462     4.250000000E+01    -8.888888889E+01     4.720000000E+01
     5463     4.000000000E+01    -8.333333333E+01     4.720000000E+01
     5464     4.750000000E+01    -8.888888889E+01     4.720000000E+01
     5465     4.500000000E+01    -8.333333333E+01     4.720000000E+01
     5466     5.250000000E+01    -8.888888889E+01     4.720000000E+01
     5467     5.000000000E+01    -8.333333333E+01     4.720000000E+01
     5468     5.500000000E+01    -8.333333333E+01     4.720000000E+01
     5469     1.750000000E+01    -7.777777778E+01     4.720000000E+01
     5470     1.500000000E+01    -7.222222222E+01     4.720000000E+01
     5471     2.250000000E+01    -7.777777778E+01     4.720000000E+01
     5472     2.000000000E+01    -7.222222222E+01     4.720000000E+01
     5473     2.750000000E+01    -7.777777778E+01     4.720000000E+01
     5474     2.500000000E+01    -7.222222222E+01     4.720000000E+01
     5475     3.250000000E+01    -7.777777778E+01     4.720000000E+01
     5476     3.000000000E+01    -7.222222222E+01     4.720000000E+01
     5477     3.750000000E+01    -7.777777778E+01     4.720000000E+01
     5478     3.500000000E+01    -7.222222222E+01     4.720000000E+01
     5479     4.250000000E+01    -7.777777778E+01     4.720000000E+01
     5480     4.000000000E+01    -7.222222222E+01     4.720000000E+01
     5481     4.750000000E+01    -7.777777778E+01     4.720000000E+01
     5482     4.500000000E+01    -7.222222222E+01     4.720000000E+01
     5483     5.250000000E+01    -7.777777778E+01     4.720000000E+01
     5484     5.000000000E+01    -7.222222222E+01     4.720000000E+01
     5485     5.500000000E+01    -7.222222222E+01     4.720000000E+01
     5486     1.750000000E+01    -6.666666667E+01     4.720000000E+01
     5487     1.500000000E+01    -6.111111111E+01     4.720000000E+01
     5488     2.250000000E+01    -6.666666667E+01     4.720000000E+01
     5489     2.000000000E+01    -6.111111111E+01     4.720000000E+01
     5490     2.750000000E+01    -6.666666667E+01     4.720000000E+01
     5491     2.500000000E+01    -6.111111111E+01     4.720000000E+01
     5492     3.250000000E+01    -6.666666667E+01     4.720000000E+01
     5493     3.000000000E+01    -6.111111111E+01     4.720000000E+01
     5494     3.750000000E+01    -6.666666667E+01     4.720000000E+01
     5495     3.500000000E+01    -6.111111111E+01     4.720000000E+01
     5496     4.250000000E+01    -6.666666667E+01     4.720000000E+01
     5497     4.000000000E+01    -6.111111111E+01     4.720000000E+01
     5498     4.750000000E+01    -6.666666667E+01     4.720000000E+01
     5499     4.500000000E+01    -6.111111111E+01     4.720000000E+01
     5500     5.250000000E+01    -6.666666667E+01     4.720000000E+01
     5501     5.000000000E+01    -6.111111111E+01     4.720000000E+01
     5502     5.500000000E+01    -6.111111111E+01     4.720000000E+01
     5503     1.750000000E+01    -5.555555556E+01     4.720000000E+01
     5504     1.500000000E+01    -5.000000000E+01     4.720000000E+01
     5505     2.250000000E+01    -5.555555556E+01     4.720000000E+01
     5506     2.000000000E+01    -5.000000000E+01     4.720000000E+01
     5507     2.750000000E+01    -5.555555556E+01     4.720000000E+01
     5508     2.500000000E+01    -5.000000000E+01     4.720000000E+01
     5509     3.250000000E+01    -5.555555556E+01     4.720000000E+01
     5510     3.000000000E+01    -5.000000000E+01     4.720000000E+01
     5511     3.750000000E+01    -5.555555556E+01     4.720000000E+01
     5512     3.500000000E+01    -5.000000000E+01     4.720000000E+01
     5513     4.250000000E+01    -5.555555556E+01     4.720000000E+01
     5514     4.000000000E+01    -5.000000000E+01     4.720000000E+01
     5515     4.750000000E+01    -5.555555556E+01     4.720000000E+01
     5516     4.500000000E+01    -5.000000000E+01     4.720000000E+01
     5517     5.250000000E+01    -5.555555556E+01     4.720000000E+01
     5518     5.000000000E+01    -5.000000000E+01     4.720000000E+01
     5519     5.500000000E+01    -5.000000000E+01     4.720000000E+01
     5520     1.750000000E+01    -4.444444444E+01     4.720000000E+01
     5521     1.500000000E+01    -3.888888889E+01     4.720000000E+01
     5522     2.250000000E+01    -4.444444444E+01     4.720000000E+01
     5523     2.000000000E+01    -3.888888889E+01     4.720000000E+01
     5524     2.750000000E+01    -4.444444444E+01     4.720000000E+01
     5525     2.500000000E+01    -3.888888889E+01     4.720000000E+01
     5526     3.250000000E+01    -4.444444444E+01     4.720000000E+01
     5527     3.000000000E+01    -3.888888889E+01     4.720000000E+01
     5528     3.750000000E+01    -4.444444444E+01     4.720000000E+01
     5529     3.500000000E+01    -3.888888889E+01     4.720000000E+01
     5530     4.250000000E+01    -4.444444444E+01     4.720000000E+01
     5531     4.000000000E+01    -3.888888889E+01     4.720000000E+01
     5532     4.750000000E+01    -4.444444444E+01     4.720000000E+01
     5533     4.500000000E+01    -3.888888889E+01     4.720000000E+01
     5534     5.250000000E+01    -4.444444444E+01     4.720000000E+01
     5535     5.000000000E+01    -3.888888889E+01     4.720000000E+01
     5536     5.500000000E+01    -3.888888889E+01     4.720000000E+01
     5537     1.750000000E+01    -3.333333333E+01     4.720000000E+01
     5538     1.500000000E+01    -2.777777778E+01     4.720000000E+01
     5539     2.250000000E+01    -3.333333333E+01     4.720000000E+01
     5540     2.000000000E+01    -2.777777778E+01     4.720000000E+01
     5541     2.750000000E+01    -3.333333333E+01     4.720000000E+01
     5542     2.500000000E+01    -2.777777778E+01     4.720000000E+01
     5543     3.250000000E+01    -3.333333333E+01     4.720000000E+01
     5544     3.000000000E+01    -2.777777778E+01     4.720000000E+01
     5545     3.750000000E+01    -3.333333333E+01     4.720000000E+01
     5546     3.500000000E+01    -2.777777778E+01     4.720000000E+01
     5547     4.250000000E+01    -3.333333333E+01     4.720000000E+01
     5548     4.000000000E+01    -2.777777778E+01     4.720000000E+01
     5549     4.750000000E+01    -3.333333333E+01     4.720000000E+01
     5550     4.500000000E+01    -2.777777778E+01     4.720000000E+01
     5551     5.250000000E+01    -3.333333333E+01     4.720000000E+01
     5552     5.000000000E+01    -2.777777778E+01     4.720000000E+01
     5553     5.500000000E+01    -2.777777778E+01     4.720000000E+01
     5554     1.750000000E+01    -2.222222222E+01     4.720000000E+01
     5555     1.500000000E+01    -1.666666667E+01     4.720000000E+01
     5556     2.250000000E+01    -2.222222222E+01     4.720000000E+01
     5557     2.000000000E+01    -1.666666667E+01     4.720000000E+01
     5558     2.750000000E+01    -2.222222222E+01     4.720000000E+01
     5559     2.500000000E+01    -1.666666667E+01     4.720000000E+01
     5560     3.250000000E+01    -2.222222222E+01     4.720000000E+01
     5561     3.000000000E+01    -1.666666667E+01     4.720000000E+01
     5562     3.750000000E+01    -2.222222222E+01     4.720000000E+01
     5563     3.500000000E+01    -1.666666667E+01     4.720000000E+01
     5564     4.250000000E+01    -2.222222222E+01     4.720000000E+01
     5565     4.000000000E+01    -1.666666667E+01     4.720000000E+01
     5566     4.750000000E+01    -2.222222222E+01     4.720000000E+01
     5567     4.500000000E+01    -1.666666667E+01     4.720000000E+01
     5568     5.250000000E+01    -2.222222222E+01     4.720000000E+01
     5569     5.000000000E+01    -1.666666667E+01     4.720000000E+01
     5570     5.500000000E+01    -1.666666667E+01     4.720000000E+01
     5571     1.750000000E+01    -1.111111111E+01     4.720000000E+01
     5572     1.500000000E+01    -5.555555556E+00     4.720000000E+01
     5573     2.250000000E+01    -1.111111111E+01     4.720000000E+01
     5574     2.000000000E+01    -5.555555556E+00     4.720000000E+01
     5575     2.750000000E+01    -1.111111111E+01     4.720000000E+01
     5576     2.500000000E+01    -5.555555556E+00     4.720000000E+01
     5577     3.250000000E+01    -1.111111111E+01     4.720000000E+01
     5578     3.000000000E+01    -5.555555556E+00     4.720000000E+01
     5579     3.750000000E+01    -1.111111111E+01     4.720000000E+01
     5580     3.500000000E+01    -5.555555556E+00     4.720000000E+01
     5581     4.250000000E+01    -1.111111111E+01     4.720000000E+01
     5582     4.000000000E+01    -5.555555556E+00     4.720000000E+01
     5583     4.750000000E+01    -1.111111111E+01     4.720000000E+01
     5584     4.500000000E+01    -5.555555556E+00     4.720000000E+01
     5585     5.250000000E+01    -1.111111111E+01     4.720000000E+01
     5586     5.000000000E+01    -5.555555556E+00     4.720000000E+01
     5587     5.500000000E+01    -5.555555556E+00     4.720000000E+01
     5588     5.250000000E+01     0.000000000E+00     4.720000000E+01
     5589     4.750000000E+01     0.000000000E+00     4.720000000E+01
     5590     4.250000000E+01     0.000000000E+00     4.720000000E+01
     5591     3.750000000E+01     0.000000000E+00     4.720000000E+01
     5592     3.250000000E+01     0.000000000E+00     4.720000000E+01
     5593     2.750000000E+01     0.000000000E+00     4.720000000E+01
     5594     2.250000000E+01     0.000000000E+00     4.720000000E+01
     5595     1.750000000E+01     0.000000000E+00     4.720000000E+01
-1
/wb,elem,start            !  set before creation of elements
/com,*********** Elements for Body 1 'C Beam' ***********
et,1,186
keyo,1,2,1          ! set full integration on SOLID186
MAT,1 $ TYPE,1 $ REAL,1 $ SECNUM,1 $ ESYS,0
eblock,11,COMPACT,,756
(11i9)
        1      699      905      880      862      852     1058      879      861     3636     4147
     4112     3635     4093     4145     4110     4092     3634     4205     4144     4109
        2      699      862      880      905      708      863      881      914     3635     4112
     4147     3636     3670     4114     4149     3671     3633     4111     4146     4204
        3      708      863      881      914      717      864      882      923     3670     4114
     4149     3671     3697     4116     4151     3698     3669     4113     4148     4223
        4      717      864      882      923      726      865      883      932     3697     4116
     4151     3698     3724     4118     4153     3725     3696     4115     4150     4241
        5      726      865      883      932      735      866      884      941     3724     4118
     4153     3725     3751     4120     4155     3752     3723     4117     4152     4259
        6      735      866      884      941      744      867      885      950     3751     4120
     4155     3752     3778     4122     4157     3779     3750     4119     4154     4277
        7      744      867      885      950      753      868      886      959     3778     4122
     4157     3779     3805     4124     4159     3806     3777     4121     4156     4295
        8      753      868      886      959      762      869      887      968     3805     4124
     4159     3806     3832     4126     4161     3833     3804     4123     4158     4313
        9      762      869      887      968      771      870      888      977     3832     4126
     4161     3833     3859     4128     4163     3860     3831     4125     4160     4331
       10      771      870      888      977      780      871      889      986     3859     4128
     4163     3860     3886     4130     4165     3887     3858     4127     4162     4349
       11      780      871      889      986      789      872      890      995     3886     4130
     4165     3887     3913     4132     4167     3914     3885     4129     4164     4367
       12      789      872      890      995      798      873      891     1004     3913     4132
     4167     3914     3940     4134     4169     3941     3912     4131     4166     4385
       13      798      873      891     1004      807      874      892     1013     3940     4134
     4169     3941     3967     4136     4171     3968     3939     4133     4168     4403
       14      807      874      892     1013      816      875      893     1022     3967     4136
     4171     3968     3994     4138     4173     3995     3966     4135     4170     4421
       15      816      875      893     1022      825      876      894     1031     3994     4138
     4173     3995     4021     4140     4175     4022     3993     4137     4172     4439
       16      825      876      894     1031      834      877      895     1040     4021     4140
     4175     4022     4048     4142     4177     4049     4020     4139     4174     4457
       17      834      877      895     1040      843      878      896     1049     4048     4142
     4177     4049     4074     4143     4178     4075     4047     4141     4176     4475
       18       32       42       52       51     1049      896      878      843     1730     1759
     1778     1731     4178     4143     4074     4075     1732     1760     1780     1779
       19      699      700      904      905      852      853     1057     1058     3632     3640
     4201     3636     4091     4095     4493     4093     3634     3639     4203     4205
       20      699      905      904      700      708      914      913      709     3636     4201
     3640     3632     3671     4221     3674     3668     3633     4204     4202     3638
       21      708      914      913      709      717      923      922      718     3671     4221
     3674     3668     3698     4239     3701     3695     3669     4223     4222     3673
       22      717      923      922      718      726      932      931      727     3698     4239
     3701     3695     3725     4257     3728     3722     3696     4241     4240     3700
       23      726      932      931      727      735      941      940      736     3725     4257
     3728     3722     3752     4275     3755     3749     3723     4259     4258     3727
       24      735      941      940      736      744      950      949      745     3752     4275
     3755     3749     3779     4293     3782     3776     3750     4277     4276     3754
       25      744      950      949      745      753      959      958      754     3779     4293
     3782     3776     3806     4311     3809     3803     3777     4295     4294     3781
       26      753      959      958      754      762      968      967      763     3806     4311
     3809     3803     3833     4329     3836     3830     3804     4313     4312     3808
       27      762      968      967      763      771      977      976      772     3833     4329
     3836     3830     3860     4347     3863     3857     3831     4331     4330     3835
       28      771      977      976      772      780      986      985      781     3860     4347
     3863     3857     3887     4365     3890     3884     3858     4349     4348     3862
       29      780      986      985      781      789      995      994      790     3887     4365
     3890     3884     3914     4383     3917     3911     3885     4367     4366     3889
       30      789      995      994      790      798     1004     1003      799     3914     4383
     3917     3911     3941     4401     3944     3938     3912     4385     4384     3916
       31      798     1004     1003      799      807     1013     1012      808     3941     4401
     3944     3938     3968     4419     3971     3965     3939     4403     4402     3943
       32      807     1013     1012      808      816     1022     1021      817     3968     4419
     3971     3965     3995     4437     3998     3992     3966     4421     4420     3970
       33      816     1022     1021      817      825     1031     1030      826     3995     4437
     3998     3992     4022     4455     4025     4019     3993     4439     4438     3997
       34      825     1031     1030      826      834     1040     1039      835     4022     4455
     4025     4019     4049     4473     4052     4046     4020     4457     4456     4024
       35      834     1040     1039      835      843     1049     1048      844     4049     4473
     4052     4046     4075     4484     4077     4073     4047     4475     4474     4051
       36       32       51       50       33     1049      843      844     1048     1731     1776
     1734     1729     4075     4073     4077     4484     1732     1779     1777     1735
       37      700      701      903      904      853      854     1056     1057     3637     3644
     4198     3640     4094     4097     4492     4095     3639     3643     4200     4203
       38      700      904      903      701      709      913      912      710     3640     4198
     3644     3637     3674     4219     3677     3672     3638     4202     4199     3642
       39      709      913      912      710      718      922      921      719     3674     4219
     3677     3672     3701     4237     3704     3699     3673     4222     4220     3676
       40      718      922      921      719      727      931      930      728     3701     4237
     3704     3699     3728     4255     3731     3726     3700     4240     4238     3703
       41      727      931      930      728      736      940      939      737     3728     4255
     3731     3726     3755     4273     3758     3753     3727     4258     4256     3730
       42      736      940      939      737      745      949      948      746     3755     4273
     3758     3753     3782     4291     3785     3780     3754     4276     4274     3757
       43      745      949      948      746      754      958      957      755     3782     4291
     3785     3780     3809     4309     3812     3807     3781     4294     4292     3784
       44      754      958      957      755      763      967      966      764     3809     4309
     3812     3807     3836     4327     3839     3834     3808     4312     4310     3811
       45      763      967      966      764      772      976      975      773     3836     4327
     3839     3834     3863     4345     3866     3861     3835     4330     4328     3838
       46      772      976      975      773      781      985      984      782     3863     4345
     3866     3861     3890     4363     3893     3888     3862     4348     4346     3865
       47      781      985      984      782      790      994      993      791     3890     4363
     3893     3888     3917     4381     3920     3915     3889     4366     4364     3892
       48      790      994      993      791      799     1003     1002      800     3917     4381
     3920     3915     3944     4399     3947     3942     3916     4384     4382     3919
       49      799     1003     1002      800      808     1012     1011      809     3944     4399
     3947     3942     3971     4417     3974     3969     3943     4402     4400     3946
       50      808     1012     1011      809      817     1021     1020      818     3971     4417
     3974     3969     3998     4435     4001     3996     3970     4420     4418     3973
       51      817     1021     1020      818      826     1030     1029      827     3998     4435
     4001     3996     4025     4453     4028     4023     3997     4438     4436     4000
       52      826     1030     1029      827      835     1039     1038      836     4025     4453
     4028     4023     4052     4471     4055     4050     4024     4456     4454     4027
       53      835     1039     1038      836      844     1048     1047      845     4052     4471
     4055     4050     4077     4483     4079     4076     4051     4474     4472     4054
       54       33       50       49       34     1048      844      845     1047     1734     1774
     1737     1733     4077     4076     4079     4483     1735     1777     1775     1738
       55      701      702      902      903      854      855     1055     1056     3641     3648
     4195     3644     4096     4099     4491     4097     3643     3647     4197     4200
       56      701      903      902      702      710      912      911      711     3644     4195
     3648     3641     3677     4217     3680     3675     3642     4199     4196     3646
       57      710      912      911      711      719      921      920      720     3677     4217
     3680     3675     3704     4235     3707     3702     3676     4220     4218     3679
       58      719      921      920      720      728      930      929      729     3704     4235
     3707     3702     3731     4253     3734     3729     3703     4238     4236     3706
       59      728      930      929      729      737      939      938      738     3731     4253
     3734     3729     3758     4271     3761     3756     3730     4256     4254     3733
       60      737      939      938      738      746      948      947      747     3758     4271
     3761     3756     3785     4289     3788     3783     3757     4274     4272     3760
       61      746      948      947      747      755      957      956      756     3785     4289
     3788     3783     3812     4307     3815     3810     3784     4292     4290     3787
       62      755      957      956      756      764      966      965      765     3812     4307
     3815     3810     3839     4325     3842     3837     3811     4310     4308     3814
       63      764      966      965      765      773      975      974      774     3839     4325
     3842     3837     3866     4343     3869     3864     3838     4328     4326     3841
       64      773      975      974      774      782      984      983      783     3866     4343
     3869     3864     3893     4361     3896     3891     3865     4346     4344     3868
       65      782      984      983      783      791      993      992      792     3893     4361
     3896     3891     3920     4379     3923     3918     3892     4364     4362     3895
       66      791      993      992      792      800     1002     1001      801     3920     4379
     3923     3918     3947     4397     3950     3945     3919     4382     4380     3922
       67      800     1002     1001      801      809     1011     1010      810     3947     4397
     3950     3945     3974     4415     3977     3972     3946     4400     4398     3949
       68      809     1011     1010      810      818     1020     1019      819     3974     4415
     3977     3972     4001     4433     4004     3999     3973     4418     4416     3976
       69      818     1020     1019      819      827     1029     1028      828     4001     4433
     4004     3999     4028     4451     4031     4026     4000     4436     4434     4003
       70      827     1029     1028      828      836     1038     1037      837     4028     4451
     4031     4026     4055     4469     4058     4053     4027     4454     4452     4030
       71      836     1038     1037      837      845     1047     1046      846     4055     4469
     4058     4053     4079     4482     4081     4078     4054     4472     4470     4057
       72       34       49       48       35     1047      845      846     1046     1737     1772
     1740     1736     4079     4078     4081     4482     1738     1775     1773     1741
       73      702      703      901      902      855      856     1054     1055     3645     3652
     4192     3648     4098     4101     4490     4099     3647     3651     4194     4197
       74      702      902      901      703      711      911      910      712     3648     4192
     3652     3645     3680     4215     3683     3678     3646     4196     4193     3650
       75      711      911      910      712      720      920      919      721     3680     4215
     3683     3678     3707     4233     3710     3705     3679     4218     4216     3682
       76      720      920      919      721      729      929      928      730     3707     4233
     3710     3705     3734     4251     3737     3732     3706     4236     4234     3709
       77      729      929      928      730      738      938      937      739     3734     4251
     3737     3732     3761     4269     3764     3759     3733     4254     4252     3736
       78      738      938      937      739      747      947      946      748     3761     4269
     3764     3759     3788     4287     3791     3786     3760     4272     4270     3763
       79      747      947      946      748      756      956      955      757     3788     4287
     3791     3786     3815     4305     3818     3813     3787     4290     4288     3790
       80      756      956      955      757      765      965      964      766     3815     4305
     3818     3813     3842     4323     3845     3840     3814     4308     4306     3817
       81      765      965      964      766      774      974      973      775     3842     4323
     3845     3840     3869     4341     3872     3867     3841     4326     4324     3844
       82      774      974      973      775      783      983      982      784     3869     4341
     3872     3867     3896     4359     3899     3894     3868     4344     4342     3871
       83      783      983      982      784      792      992      991      793     3896     4359
     3899     3894     3923     4377     3926     3921     3895     4362     4360     3898
       84      792      992      991      793      801     1001     1000      802     3923     4377
     3926     3921     3950     4395     3953     3948     3922     4380     4378     3925
       85      801     1001     1000      802      810     1010     1009      811     3950     4395
     3953     3948     3977     4413     3980     3975     3949     4398     4396     3952
       86      810     1010     1009      811      819     1019     1018      820     3977     4413
     3980     3975     4004     4431     4007     4002     3976     4416     4414     3979
       87      819     1019     1018      820      828     1028     1027      829     4004     4431
     4007     4002     4031     4449     4034     4029     4003     4434     4432     4006
       88      828     1028     1027      829      837     1037     1036      838     4031     4449
     4034     4029     4058     4467     4061     4056     4030     4452     4450     4033
       89      837     1037     1036      838      846     1046     1045      847     4058     4467
     4061     4056     4081     4481     4083     4080     4057     4470     4468     4060
       90       35       48       47       36     1046      846      847     1045     1740     1770
     1743     1739     4081     4080     4083     4481     1741     1773     1771     1744
       91      703      704      900      901      856      857     1053     1054     3649     3656
     4189     3652     4100     4103     4489     4101     3651     3655     4191     4194
       92      703      901      900      704      712      910      909      713     3652     4189
     3656     3649     3683     4213     3686     3681     3650     4193     4190     3654
       93      712      910      909      713      721      919      918      722     3683     4213
     3686     3681     3710     4231     3713     3708     3682     4216     4214     3685
       94      721      919      918      722      730      928      927      731     3710     4231
     3713     3708     3737     4249     3740     3735     3709     4234     4232     3712
       95      730      928      927      731      739      937      936      740     3737     4249
     3740     3735     3764     4267     3767     3762     3736     4252     4250     3739
       96      739      937      936      740      748      946      945      749     3764     4267
     3767     3762     3791     4285     3794     3789     3763     4270     4268     3766
       97      748      946      945      749      757      955      954      758     3791     4285
     3794     3789     3818     4303     3821     3816     3790     4288     4286     3793
       98      757      955      954      758      766      964      963      767     3818     4303
     3821     3816     3845     4321     3848     3843     3817     4306     4304     3820
       99      766      964      963      767      775      973      972      776     3845     4321
     3848     3843     3872     4339     3875     3870     3844     4324     4322     3847
      100      775      973      972      776      784      982      981      785     3872     4339
     3875     3870     3899     4357     3902     3897     3871     4342     4340     3874
      101      784      982      981      785      793      991      990      794     3899     4357
     3902     3897     3926     4375     3929     3924     3898     4360     4358     3901
      102      793      991      990      794      802     1000      999      803     3926     4375
     3929     3924     3953     4393     3956     3951     3925     4378     4376     3928
      103      802     1000      999      803      811     1009     1008      812     3953     4393
     3956     3951     3980     4411     3983     3978     3952     4396     4394     3955
      104      811     1009     1008      812      820     1018     1017      821     3980     4411
     3983     3978     4007     4429     4010     4005     3979     4414     4412     3982
      105      820     1018     1017      821      829     1027     1026      830     4007     4429
     4010     4005     4034     4447     4037     4032     4006     4432     4430     4009
      106      829     1027     1026      830      838     1036     1035      839     4034     4447
     4037     4032     4061     4465     4064     4059     4033     4450     4448     4036
      107      838     1036     1035      839      847     1045     1044      848     4061     4465
     4064     4059     4083     4480     4085     4082     4060     4468     4466     4063
      108       36       47       46       37     1045      847      848     1044     1743     1768
     1746     1742     4083     4082     4085     4480     1744     1771     1769     1747
      109      704      705      899      900      857      858     1052     1053     3653     3660
     4186     3656     4102     4105     4488     4103     3655     3659     4188     4191
      110      704      900      899      705      713      909      908      714     3656     4186
     3660     3653     3686     4211     3689     3684     3654     4190     4187     3658
      111      713      909      908      714      722      918      917      723     3686     4211
     3689     3684     3713     4229     3716     3711     3685     4214     4212     3688
      112      722      918      917      723      731      927      926      732     3713     4229
     3716     3711     3740     4247     3743     3738     3712     4232     4230     3715
      113      731      927      926      732      740      936      935      741     3740     4247
     3743     3738     3767     4265     3770     3765     3739     4250     4248     3742
      114      740      936      935      741      749      945      944      750     3767     4265
     3770     3765     3794     4283     3797     3792     3766     4268     4266     3769
      115      749      945      944      750      758      954      953      759     3794     4283
     3797     3792     3821     4301     3824     3819     3793     4286     4284     3796
      116      758      954      953      759      767      963      962      768     3821     4301
     3824     3819     3848     4319     3851     3846     3820     4304     4302     3823
      117      767      963      962      768      776      972      971      777     3848     4319
     3851     3846     3875     4337     3878     3873     3847     4322     4320     3850
      118      776      972      971      777      785      981      980      786     3875     4337
     3878     3873     3902     4355     3905     3900     3874     4340     4338     3877
      119      785      981      980      786      794      990      989      795     3902     4355
     3905     3900     3929     4373     3932     3927     3901     4358     4356     3904
      120      794      990      989      795      803      999      998      804     3929     4373
     3932     3927     3956     4391     3959     3954     3928     4376     4374     3931
      121      803      999      998      804      812     1008     1007      813     3956     4391
     3959     3954     3983     4409     3986     3981     3955     4394     4392     3958
      122      812     1008     1007      813      821     1017     1016      822     3983     4409
     3986     3981     4010     4427     4013     4008     3982     4412     4410     3985
      123      821     1017     1016      822      830     1026     1025      831     4010     4427
     4013     4008     4037     4445     4040     4035     4009     4430     4428     4012
      124      830     1026     1025      831      839     1035     1034      840     4037     4445
     4040     4035     4064     4463     4067     4062     4036     4448     4446     4039
      125      839     1035     1034      840      848     1044     1043      849     4064     4463
     4067     4062     4085     4479     4087     4084     4063     4466     4464     4066
      126       37       46       45       38     1044      848      849     1043     1746     1766
     1749     1745     4085     4084     4087     4479     1747     1769     1767     1750
      127      705      706      898      899      858      859     1051     1052     3657     3664
     4183     3660     4104     4107     4487     4105     3659     3663     4185     4188
      128      705      899      898      706      714      908      907      715     3660     4183
     3664     3657     3689     4209     3692     3687     3658     4187     4184     3662
      129      714      908      907      715      723      917      916      724     3689     4209
     3692     3687     3716     4227     3719     3714     3688     4212     4210     3691
      130      723      917      916      724      732      926      925      733     3716     4227
     3719     3714     3743     4245     3746     3741     3715     4230     4228     3718
      131      732      926      925      733      741      935      934      742     3743     4245
     3746     3741     3770     4263     3773     3768     3742     4248     4246     3745
      132      741      935      934      742      750      944      943      751     3770     4263
     3773     3768     3797     4281     3800     3795     3769     4266     4264     3772
      133      750      944      943      751      759      953      952      760     3797     4281
     3800     3795     3824     4299     3827     3822     3796     4284     4282     3799
      134      759      953      952      760      768      962      961      769     3824     4299
     3827     3822     3851     4317     3854     3849     3823     4302     4300     3826
      135      768      962      961      769      777      971      970      778     3851     4317
     3854     3849     3878     4335     3881     3876     3850     4320     4318     3853
      136      777      971      970      778      786      980      979      787     3878     4335
     3881     3876     3905     4353     3908     3903     3877     4338     4336     3880
      137      786      980      979      787      795      989      988      796     3905     4353
     3908     3903     3932     4371     3935     3930     3904     4356     4354     3907
      138      795      989      988      796      804      998      997      805     3932     4371
     3935     3930     3959     4389     3962     3957     3931     4374     4372     3934
      139      804      998      997      805      813     1007     1006      814     3959     4389
     3962     3957     3986     4407     3989     3984     3958     4392     4390     3961
      140      813     1007     1006      814      822     1016     1015      823     3986     4407
     3989     3984     4013     4425     4016     4011     3985     4410     4408     3988
      141      822     1016     1015      823      831     1025     1024      832     4013     4425
     4016     4011     4040     4443     4043     4038     4012     4428     4426     4015
      142      831     1025     1024      832      840     1034     1033      841     4040     4443
     4043     4038     4067     4461     4070     4065     4039     4446     4444     4042
      143      840     1034     1033      841      849     1043     1042      850     4067     4461
     4070     4065     4087     4478     4089     4086     4066     4464     4462     4069
      144       38       45       44       39     1043      849      850     1042     1749     1764
     1752     1748     4087     4086     4089     4478     1750     1767     1765     1753
      145      706      707      897      898      859      860     1050     1051     3661     3667
     4179     3664     4106     4108     4485     4107     3663     3666     4181     4185
      146      706      898      897      707      715      907      906      716     3664     4179
     3667     3661     3692     4206     3694     3690     3662     4184     4180     3665
      147      715      907      906      716      724      916      915      725     3692     4206
     3694     3690     3719     4224     3721     3717     3691     4210     4207     3693
      148      724      916      915      725      733      925      924      734     3719     4224
     3721     3717     3746     4242     3748     3744     3718     4228     4225     3720
      149      733      925      924      734      742      934      933      743     3746     4242
     3748     3744     3773     4260     3775     3771     3745     4246     4243     3747
      150      742      934      933      743      751      943      942      752     3773     4260
     3775     3771     3800     4278     3802     3798     3772     4264     4261     3774
      151      751      943      942      752      760      952      951      761     3800     4278
     3802     3798     3827     4296     3829     3825     3799     4282     4279     3801
      152      760      952      951      761      769      961      960      770     3827     4296
     3829     3825     3854     4314     3856     3852     3826     4300     4297     3828
      153      769      961      960      770      778      970      969      779     3854     4314
     3856     3852     3881     4332     3883     3879     3853     4318     4315     3855
      154      778      970      969      779      787      979      978      788     3881     4332
     3883     3879     3908     4350     3910     3906     3880     4336     4333     3882
      155      787      979      978      788      796      988      987      797     3908     4350
     3910     3906     3935     4368     3937     3933     3907     4354     4351     3909
      156      796      988      987      797      805      997      996      806     3935     4368
     3937     3933     3962     4386     3964     3960     3934     4372     4369     3936
      157      805      997      996      806      814     1006     1005      815     3962     4386
     3964     3960     3989     4404     3991     3987     3961     4390     4387     3963
      158      814     1006     1005      815      823     1015     1014      824     3989     4404
     3991     3987     4016     4422     4018     4014     3988     4408     4405     3990
      159      823     1015     1014      824      832     1024     1023      833     4016     4422
     4018     4014     4043     4440     4045     4041     4015     4426     4423     4017
      160      832     1024     1023      833      841     1033     1032      842     4043     4440
     4045     4041     4070     4458     4072     4068     4042     4444     4441     4044
      161      841     1033     1032      842      850     1042     1041      851     4070     4458
     4072     4068     4089     4476     4090     4088     4069     4462     4459     4071
      162       39       44       43       40     1042      850      851     1041     1752     1761
     1755     1751     4089     4088     4090     4476     1753     1765     1763     1756
      163      681      860     1050     1075      682      707      897     1076     3580     4108
     4486     3581     3583     3667     4182     3584     3579     3666     4181     4526
      164      682      707      897     1076      683      716      906     1074     3583     3667
     4182     3584     3586     3694     4208     3587     3582     3665     4180     4524
      165      683      716      906     1074      684      725      915     1073     3586     3694
     4208     3587     3589     3721     4226     3590     3585     3693     4207     4522
      166      684      725      915     1073      685      734      924     1072     3589     3721
     4226     3590     3592     3748     4244     3593     3588     3720     4225     4520
      167      685      734      924     1072      686      743      933     1071     3592     3748
     4244     3593     3595     3775     4262     3596     3591     3747     4243     4518
      168      686      743      933     1071      687      752      942     1070     3595     3775
     4262     3596     3598     3802     4280     3599     3594     3774     4261     4516
      169      687      752      942     1070      688      761      951     1069     3598     3802
     4280     3599     3601     3829     4298     3602     3597     3801     4279     4514
      170      688      761      951     1069      689      770      960     1068     3601     3829
     4298     3602     3604     3856     4316     3605     3600     3828     4297     4512
      171      689      770      960     1068      690      779      969     1067     3604     3856
     4316     3605     3607     3883     4334     3608     3603     3855     4315     4510
      172      690      779      969     1067      691      788      978     1066     3607     3883
     4334     3608     3610     3910     4352     3611     3606     3882     4333     4508
      173      691      788      978     1066      692      797      987     1065     3610     3910
     4352     3611     3613     3937     4370     3614     3609     3909     4351     4506
      174      692      797      987     1065      693      806      996     1064     3613     3937
     4370     3614     3616     3964     4388     3617     3612     3936     4369     4504
      175      693      806      996     1064      694      815     1005     1063     3616     3964
     4388     3617     3619     3991     4406     3620     3615     3963     4387     4502
      176      694      815     1005     1063      695      824     1014     1062     3619     3991
     4406     3620     3622     4018     4424     3623     3618     3990     4405     4500
      177      695      824     1014     1062      696      833     1023     1061     3622     4018
     4424     3623     3625     4045     4442     3626     3621     4017     4423     4498
      178      696      833     1023     1061      697      842     1032     1060     3625     4045
     4442     3626     3628     4072     4460     3629     3624     4044     4441     4496
      179      697      842     1032     1060      698      851     1041     1059     3628     4072
     4460     3629     3630     4090     4477     3631     3627     4071     4459     4494
      180       40       43       55       41     1041      851      698     1059     1755     1762
     1757     1754     4090     3630     3631     4477     1756     1763     1787     1758
      181      627     1079     1076      682      680     1131     1075      681     3424     4528
     3584     3423     3578     4527     3581     3577     3422     4537     4526     3579
      182      627      682     1076     1079      630      683     1074     1082     3423     3584
     4528     3424     3434     3587     4525     3435     3421     3582     4524     4536
      183      630      683     1074     1082      633      684     1073     1085     3434     3587
     4525     3435     3443     3590     4523     3444     3433     3585     4522     4543
      184      633      684     1073     1085      636      685     1072     1088     3443     3590
     4523     3444     3452     3593     4521     3453     3442     3588     4520     4549
      185      636      685     1072     1088      639      686     1071     1091     3452     3593
     4521     3453     3461     3596     4519     3462     3451     3591     4518     4555
      186      639      686     1071     1091      642      687     1070     1094     3461     3596
     4519     3462     3470     3599     4517     3471     3460     3594     4516     4561
      187      642      687     1070     1094      645      688     1069     1097     3470     3599
     4517     3471     3479     3602     4515     3480     3469     3597     4514     4567
      188      645      688     1069     1097      648      689     1068     1100     3479     3602
     4515     3480     3488     3605     4513     3489     3478     3600     4512     4573
      189      648      689     1068     1100      651      690     1067     1103     3488     3605
     4513     3489     3497     3608     4511     3498     3487     3603     4510     4579
      190      651      690     1067     1103      654      691     1066     1106     3497     3608
     4511     3498     3506     3611     4509     3507     3496     3606     4508     4585
      191      654      691     1066     1106      657      692     1065     1109     3506     3611
     4509     3507     3515     3614     4507     3516     3505     3609     4506     4591
      192      657      692     1065     1109      660      693     1064     1112     3515     3614
     4507     3516     3524     3617     4505     3525     3514     3612     4504     4597
      193      660      693     1064     1112      663      694     1063     1115     3524     3617
     4505     3525     3533     3620     4503     3534     3523     3615     4502     4603
      194      663      694     1063     1115      666      695     1062     1118     3533     3620
     4503     3534     3542     3623     4501     3543     3532     3618     4500     4609
      195      666      695     1062     1118      669      696     1061     1121     3542     3623
     4501     3543     3551     3626     4499     3552     3541     3621     4498     4615
      196      669      696     1061     1121      672      697     1060     1124     3551     3626
     4499     3552     3560     3629     4497     3561     3550     3624     4496     4621
      197      672      697     1060     1124      675      698     1059     1127     3560     3629
     4497     3561     3568     3631     4495     3569     3559     3627     4494     4627
      198       31       41       55       56     1127     1059      698      675     1726     1757
     1786     1727     4495     3631     3568     3569     1728     1758     1787     1788
      199      627      628     1078     1079      680      679     1130     1131     3420     3428
     4533     3424     3575     3576     4635     3578     3422     3427     4535     4537
      200      627     1079     1078      628      630     1082     1081      631     3424     4533
     3428     3420     3435     4541     3438     3432     3421     4536     4534     3426
      201      630     1082     1081      631      633     1085     1084      634     3435     4541
     3438     3432     3444     4547     3447     3441     3433     4543     4542     3437
      202      633     1085     1084      634      636     1088     1087      637     3444     4547
     3447     3441     3453     4553     3456     3450     3442     4549     4548     3446
      203      636     1088     1087      637      639     1091     1090      640     3453     4553
     3456     3450     3462     4559     3465     3459     3451     4555     4554     3455
      204      639     1091     1090      640      642     1094     1093      643     3462     4559
     3465     3459     3471     4565     3474     3468     3460     4561     4560     3464
      205      642     1094     1093      643      645     1097     1096      646     3471     4565
     3474     3468     3480     4571     3483     3477     3469     4567     4566     3473
      206      645     1097     1096      646      648     1100     1099      649     3480     4571
     3483     3477     3489     4577     3492     3486     3478     4573     4572     3482
      207      648     1100     1099      649      651     1103     1102      652     3489     4577
     3492     3486     3498     4583     3501     3495     3487     4579     4578     3491
      208      651     1103     1102      652      654     1106     1105      655     3498     4583
     3501     3495     3507     4589     3510     3504     3496     4585     4584     3500
      209      654     1106     1105      655      657     1109     1108      658     3507     4589
     3510     3504     3516     4595     3519     3513     3505     4591     4590     3509
      210      657     1109     1108      658      660     1112     1111      661     3516     4595
     3519     3513     3525     4601     3528     3522     3514     4597     4596     3518
      211      660     1112     1111      661      663     1115     1114      664     3525     4601
     3528     3522     3534     4607     3537     3531     3523     4603     4602     3527
      212      663     1115     1114      664      666     1118     1117      667     3534     4607
     3537     3531     3543     4613     3546     3540     3532     4609     4608     3536
      213      666     1118     1117      667      669     1121     1120      670     3543     4613
     3546     3540     3552     4619     3555     3549     3541     4615     4614     3545
      214      669     1121     1120      670      672     1124     1123      673     3552     4619
     3555     3549     3561     4625     3564     3558     3550     4621     4620     3554
      215      672     1124     1123      673      675     1127     1126      676     3561     4625
     3564     3558     3569     4630     3571     3567     3559     4627     4626     3563
      216       30       31       56       54     1126     1127      675      676     1723     1727
     1784     1724     4630     3569     3567     3571     1725     1728     1788     1785
      217      628      629     1077     1078      679      678     1128     1130     3425     3431
     4529     3428     3573     3574     4632     3576     3427     3430     4531     4535
      218      628     1078     1077      629      631     1081     1080      632     3428     4529
     3431     3425     3438     4538     3440     3436     3426     4534     4530     3429
      219      631     1081     1080      632      634     1084     1083      635     3438     4538
     3440     3436     3447     4544     3449     3445     3437     4542     4539     3439
      220      634     1084     1083      635      637     1087     1086      638     3447     4544
     3449     3445     3456     4550     3458     3454     3446     4548     4545     3448
      221      637     1087     1086      638      640     1090     1089      641     3456     4550
     3458     3454     3465     4556     3467     3463     3455     4554     4551     3457
      222      640     1090     1089      641      643     1093     1092      644     3465     4556
     3467     3463     3474     4562     3476     3472     3464     4560     4557     3466
      223      643     1093     1092      644      646     1096     1095      647     3474     4562
     3476     3472     3483     4568     3485     3481     3473     4566     4563     3475
      224      646     1096     1095      647      649     1099     1098      650     3483     4568
     3485     3481     3492     4574     3494     3490     3482     4572     4569     3484
      225      649     1099     1098      650      652     1102     1101      653     3492     4574
     3494     3490     3501     4580     3503     3499     3491     4578     4575     3493
      226      652     1102     1101      653      655     1105     1104      656     3501     4580
     3503     3499     3510     4586     3512     3508     3500     4584     4581     3502
      227      655     1105     1104      656      658     1108     1107      659     3510     4586
     3512     3508     3519     4592     3521     3517     3509     4590     4587     3511
      228      658     1108     1107      659      661     1111     1110      662     3519     4592
     3521     3517     3528     4598     3530     3526     3518     4596     4593     3520
      229      661     1111     1110      662      664     1114     1113      665     3528     4598
     3530     3526     3537     4604     3539     3535     3527     4602     4599     3529
      230      664     1114     1113      665      667     1117     1116      668     3537     4604
     3539     3535     3546     4610     3548     3544     3536     4608     4605     3538
      231      667     1117     1116      668      670     1120     1119      671     3546     4610
     3548     3544     3555     4616     3557     3553     3545     4614     4611     3547
      232      670     1120     1119      671      673     1123     1122      674     3555     4616
     3557     3553     3564     4622     3566     3562     3554     4620     4617     3556
      233      673     1123     1122      674      676     1126     1125      677     3564     4622
     3566     3562     3571     4628     3572     3570     3563     4626     4623     3565
      234       29       30       54       53     1125     1126      676      677     1720     1724
     1781     1721     4628     3571     3570     3572     1722     1725     1785     1783
      235      625      678     1128     1129      626      629     1077     1132     3416     3574
     4631     3417     3418     3431     4532     3419     3415     3430     4531     4633
      236      624     1133     1080      632      626     1132     1077      629     3414     4540
     3440     3413     3419     4532     3431     3418     3412     4636     4530     3429
      237      623     1134     1083      635      624     1133     1080      632     3411     4546
     3449     3410     3414     4540     3440     3413     3409     4638     4539     3439
      238      622     1135     1086      638      623     1134     1083      635     3408     4552
     3458     3407     3411     4546     3449     3410     3406     4640     4545     3448
      239      621     1136     1089      641      622     1135     1086      638     3405     4558
     3467     3404     3408     4552     3458     3407     3403     4642     4551     3457
      240      620     1137     1092      644      621     1136     1089      641     3402     4564
     3476     3401     3405     4558     3467     3404     3400     4644     4557     3466
      241      619     1138     1095      647      620     1137     1092      644     3399     4570
     3485     3398     3402     4564     3476     3401     3397     4646     4563     3475
      242      618     1139     1098      650      619     1138     1095      647     3396     4576
     3494     3395     3399     4570     3485     3398     3394     4648     4569     3484
      243      617     1140     1101      653      618     1139     1098      650     3393     4582
     3503     3392     3396     4576     3494     3395     3391     4650     4575     3493
      244      616     1141     1104      656      617     1140     1101      653     3390     4588
     3512     3389     3393     4582     3503     3392     3388     4652     4581     3502
      245      615     1142     1107      659      616     1141     1104      656     3387     4594
     3521     3386     3390     4588     3512     3389     3385     4654     4587     3511
      246      614     1143     1110      662      615     1142     1107      659     3384     4600
     3530     3383     3387     4594     3521     3386     3382     4656     4593     3520
      247      613     1144     1113      665      614     1143     1110      662     3381     4606
     3539     3380     3384     4600     3530     3383     3379     4658     4599     3529
      248      612     1145     1116      668      613     1144     1113      665     3378     4612
     3548     3377     3381     4606     3539     3380     3376     4660     4605     3538
      249      611     1146     1119      671      612     1145     1116      668     3375     4618
     3557     3374     3378     4612     3548     3377     3373     4662     4611     3547
      250      610     1147     1122      674      611     1146     1119      671     3372     4624
     3566     3371     3375     4618     3557     3374     3370     4664     4617     3556
      251      609     1148     1125      677      610     1147     1122      674     3369     4629
     3572     3368     3372     4624     3566     3371     3367     4666     4623     3565
      252       28       29       53       70     1148     1125      677      609     1717     1721
     1782     1718     4629     3572     3368     3369     1719     1722     1783     1816
      253      375     1161     1132      626      596     1382     1129      625     2682     4637
     3419     2681     3343     4634     3417     3342     2680     4707     4633     3415
      254      375      626     1132     1161      388      624     1133     1174     2681     3419
     4637     2682     2732     3414     4639     2733     2679     3412     4636     4706
      255      388      624     1133     1174      401      623     1134     1187     2732     3414
     4639     2733     2771     3411     4641     2772     2731     3409     4638     4733
      256      401      623     1134     1187      414      622     1135     1200     2771     3411
     4641     2772     2810     3408     4643     2811     2770     3406     4640     4759
      257      414      622     1135     1200      427      621     1136     1213     2810     3408
     4643     2811     2849     3405     4645     2850     2809     3403     4642     4785
      258      427      621     1136     1213      440      620     1137     1226     2849     3405
     4645     2850     2888     3402     4647     2889     2848     3400     4644     4811
      259      440      620     1137     1226      453      619     1138     1239     2888     3402
     4647     2889     2927     3399     4649     2928     2887     3397     4646     4837
      260      453      619     1138     1239      466      618     1139     1252     2927     3399
     4649     2928     2966     3396     4651     2967     2926     3394     4648     4863
      261      466      618     1139     1252      479      617     1140     1265     2966     3396
     4651     2967     3005     3393     4653     3006     2965     3391     4650     4889
      262      479      617     1140     1265      492      616     1141     1278     3005     3393
     4653     3006     3044     3390     4655     3045     3004     3388     4652     4915
      263      492      616     1141     1278      505      615     1142     1291     3044     3390
     4655     3045     3083     3387     4657     3084     3043     3385     4654     4941
      264      505      615     1142     1291      518      614     1143     1304     3083     3387
     4657     3084     3122     3384     4659     3123     3082     3382     4656     4967
      265      518      614     1143     1304      531      613     1144     1317     3122     3384
     4659     3123     3161     3381     4661     3162     3121     3379     4658     4993
      266      531      613     1144     1317      544      612     1145     1330     3161     3381
     4661     3162     3200     3378     4663     3201     3160     3376     4660     5019
      267      544      612     1145     1330      557      611     1146     1343     3200     3378
     4663     3201     3239     3375     4665     3240     3199     3373     4662     5045
      268      557      611     1146     1343      570      610     1147     1356     3239     3375
     4665     3240     3278     3372     4667     3279     3238     3370     4664     5071
      269      570      610     1147     1356      583      609     1148     1369     3278     3372
     4667     3279     3316     3369     4668     3317     3277     3367     4666     5097
      270       14       28       70       69     1369     1148      609      583     1676     1718
     1814     1677     4668     3369     3316     3317     1678     1719     1816     1815
      271      375      376     1160     1161      596      597     1381     1382     2678     2686
     4703     2682     3341     3345     5123     3343     2680     2685     4705     4707
      272      375     1161     1160      376      388     1174     1173      389     2682     4703
     2686     2678     2733     4731     2736     2730     2679     4706     4704     2684
      273      388     1174     1173      389      401     1187     1186      402     2733     4731
     2736     2730     2772     4757     2775     2769     2731     4733     4732     2735
      274      401     1187     1186      402      414     1200     1199      415     2772     4757
     2775     2769     2811     4783     2814     2808     2770     4759     4758     2774
      275      414     1200     1199      415      427     1213     1212      428     2811     4783
     2814     2808     2850     4809     2853     2847     2809     4785     4784     2813
      276      427     1213     1212      428      440     1226     1225      441     2850     4809
     2853     2847     2889     4835     2892     2886     2848     4811     4810     2852
      277      440     1226     1225      441      453     1239     1238      454     2889     4835
     2892     2886     2928     4861     2931     2925     2887     4837     4836     2891
      278      453     1239     1238      454      466     1252     1251      467     2928     4861
     2931     2925     2967     4887     2970     2964     2926     4863     4862     2930
      279      466     1252     1251      467      479     1265     1264      480     2967     4887
     2970     2964     3006     4913     3009     3003     2965     4889     4888     2969
      280      479     1265     1264      480      492     1278     1277      493     3006     4913
     3009     3003     3045     4939     3048     3042     3004     4915     4914     3008
      281      492     1278     1277      493      505     1291     1290      506     3045     4939
     3048     3042     3084     4965     3087     3081     3043     4941     4940     3047
      282      505     1291     1290      506      518     1304     1303      519     3084     4965
     3087     3081     3123     4991     3126     3120     3082     4967     4966     3086
      283      518     1304     1303      519      531     1317     1316      532     3123     4991
     3126     3120     3162     5017     3165     3159     3121     4993     4992     3125
      284      531     1317     1316      532      544     1330     1329      545     3162     5017
     3165     3159     3201     5043     3204     3198     3160     5019     5018     3164
      285      544     1330     1329      545      557     1343     1342      558     3201     5043
     3204     3198     3240     5069     3243     3237     3199     5045     5044     3203
      286      557     1343     1342      558      570     1356     1355      571     3240     5069
     3243     3237     3279     5095     3282     3276     3238     5071     5070     3242
      287      570     1356     1355      571      583     1369     1368      584     3279     5095
     3282     3276     3317     5110     3319     3315     3277     5097     5096     3281
      288       14       69       68       15     1369      583      584     1368     1677     1812
     1680     1675     3317     3315     3319     5110     1678     1815     1813     1681
      289      376      377     1159     1160      597      598     1380     1381     2683     2690
     4700     2686     3344     3347     5122     3345     2685     2689     4702     4705
      290      376     1160     1159      377      389     1173     1172      390     2686     4700
     2690     2683     2736     4729     2739     2734     2684     4704     4701     2688
      291      389     1173     1172      390      402     1186     1185      403     2736     4729
     2739     2734     2775     4755     2778     2773     2735     4732     4730     2738
      292      402     1186     1185      403      415     1199     1198      416     2775     4755
     2778     2773     2814     4781     2817     2812     2774     4758     4756     2777
      293      415     1199     1198      416      428     1212     1211      429     2814     4781
     2817     2812     2853     4807     2856     2851     2813     4784     4782     2816
      294      428     1212     1211      429      441     1225     1224      442     2853     4807
     2856     2851     2892     4833     2895     2890     2852     4810     4808     2855
      295      441     1225     1224      442      454     1238     1237      455     2892     4833
     2895     2890     2931     4859     2934     2929     2891     4836     4834     2894
      296      454     1238     1237      455      467     1251     1250      468     2931     4859
     2934     2929     2970     4885     2973     2968     2930     4862     4860     2933
      297      467     1251     1250      468      480     1264     1263      481     2970     4885
     2973     2968     3009     4911     3012     3007     2969     4888     4886     2972
      298      480     1264     1263      481      493     1277     1276      494     3009     4911
     3012     3007     3048     4937     3051     3046     3008     4914     4912     3011
      299      493     1277     1276      494      506     1290     1289      507     3048     4937
     3051     3046     3087     4963     3090     3085     3047     4940     4938     3050
      300      506     1290     1289      507      519     1303     1302      520     3087     4963
     3090     3085     3126     4989     3129     3124     3086     4966     4964     3089
      301      519     1303     1302      520      532     1316     1315      533     3126     4989
     3129     3124     3165     5015     3168     3163     3125     4992     4990     3128
      302      532     1316     1315      533      545     1329     1328      546     3165     5015
     3168     3163     3204     5041     3207     3202     3164     5018     5016     3167
      303      545     1329     1328      546      558     1342     1341      559     3204     5041
     3207     3202     3243     5067     3246     3241     3203     5044     5042     3206
      304      558     1342     1341      559      571     1355     1354      572     3243     5067
     3246     3241     3282     5093     3285     3280     3242     5070     5068     3245
      305      571     1355     1354      572      584     1368     1367      585     3282     5093
     3285     3280     3319     5109     3321     3318     3281     5096     5094     3284
      306       15       68       67       16     1368      584      585     1367     1680     1810
     1683     1679     3319     3318     3321     5109     1681     1813     1811     1684
      307      377      378     1158     1159      598      599     1379     1380     2687     2694
     4697     2690     3346     3349     5121     3347     2689     2693     4699     4702
      308      377     1159     1158      378      390     1172     1171      391     2690     4697
     2694     2687     2739     4727     2742     2737     2688     4701     4698     2692
      309      390     1172     1171      391      403     1185     1184      404     2739     4727
     2742     2737     2778     4753     2781     2776     2738     4730     4728     2741
      310      403     1185     1184      404      416     1198     1197      417     2778     4753
     2781     2776     2817     4779     2820     2815     2777     4756     4754     2780
      311      416     1198     1197      417      429     1211     1210      430     2817     4779
     2820     2815     2856     4805     2859     2854     2816     4782     4780     2819
      312      429     1211     1210      430      442     1224     1223      443     2856     4805
     2859     2854     2895     4831     2898     2893     2855     4808     4806     2858
      313      442     1224     1223      443      455     1237     1236      456     2895     4831
     2898     2893     2934     4857     2937     2932     2894     4834     4832     2897
      314      455     1237     1236      456      468     1250     1249      469     2934     4857
     2937     2932     2973     4883     2976     2971     2933     4860     4858     2936
      315      468     1250     1249      469      481     1263     1262      482     2973     4883
     2976     2971     3012     4909     3015     3010     2972     4886     4884     2975
      316      481     1263     1262      482      494     1276     1275      495     3012     4909
     3015     3010     3051     4935     3054     3049     3011     4912     4910     3014
      317      494     1276     1275      495      507     1289     1288      508     3051     4935
     3054     3049     3090     4961     3093     3088     3050     4938     4936     3053
      318      507     1289     1288      508      520     1302     1301      521     3090     4961
     3093     3088     3129     4987     3132     3127     3089     4964     4962     3092
      319      520     1302     1301      521      533     1315     1314      534     3129     4987
     3132     3127     3168     5013     3171     3166     3128     4990     4988     3131
      320      533     1315     1314      534      546     1328     1327      547     3168     5013
     3171     3166     3207     5039     3210     3205     3167     5016     5014     3170
      321      546     1328     1327      547      559     1341     1340      560     3207     5039
     3210     3205     3246     5065     3249     3244     3206     5042     5040     3209
      322      559     1341     1340      560      572     1354     1353      573     3246     5065
     3249     3244     3285     5091     3288     3283     3245     5068     5066     3248
      323      572     1354     1353      573      585     1367     1366      586     3285     5091
     3288     3283     3321     5108     3323     3320     3284     5094     5092     3287
      324       16       67       66       17     1367      585      586     1366     1683     1808
     1686     1682     3321     3320     3323     5108     1684     1811     1809     1687
      325      378      379     1157     1158      599      600     1378     1379     2691     2698
     4694     2694     3348     3351     5120     3349     2693     2697     4696     4699
      326      378     1158     1157      379      391     1171     1170      392     2694     4694
     2698     2691     2742     4725     2745     2740     2692     4698     4695     2696
      327      391     1171     1170      392      404     1184     1183      405     2742     4725
     2745     2740     2781     4751     2784     2779     2741     4728     4726     2744
      328      404     1184     1183      405      417     1197     1196      418     2781     4751
     2784     2779     2820     4777     2823     2818     2780     4754     4752     2783
      329      417     1197     1196      418      430     1210     1209      431     2820     4777
     2823     2818     2859     4803     2862     2857     2819     4780     4778     2822
      330      430     1210     1209      431      443     1223     1222      444     2859     4803
     2862     2857     2898     4829     2901     2896     2858     4806     4804     2861
      331      443     1223     1222      444      456     1236     1235      457     2898     4829
     2901     2896     2937     4855     2940     2935     2897     4832     4830     2900
      332      456     1236     1235      457      469     1249     1248      470     2937     4855
     2940     2935     2976     4881     2979     2974     2936     4858     4856     2939
      333      469     1249     1248      470      482     1262     1261      483     2976     4881
     2979     2974     3015     4907     3018     3013     2975     4884     4882     2978
      334      482     1262     1261      483      495     1275     1274      496     3015     4907
     3018     3013     3054     4933     3057     3052     3014     4910     4908     3017
      335      495     1275     1274      496      508     1288     1287      509     3054     4933
     3057     3052     3093     4959     3096     3091     3053     4936     4934     3056
      336      508     1288     1287      509      521     1301     1300      522     3093     4959
     3096     3091     3132     4985     3135     3130     3092     4962     4960     3095
      337      521     1301     1300      522      534     1314     1313      535     3132     4985
     3135     3130     3171     5011     3174     3169     3131     4988     4986     3134
      338      534     1314     1313      535      547     1327     1326      548     3171     5011
     3174     3169     3210     5037     3213     3208     3170     5014     5012     3173
      339      547     1327     1326      548      560     1340     1339      561     3210     5037
     3213     3208     3249     5063     3252     3247     3209     5040     5038     3212
      340      560     1340     1339      561      573     1353     1352      574     3249     5063
     3252     3247     3288     5089     3291     3286     3248     5066     5064     3251
      341      573     1353     1352      574      586     1366     1365      587     3288     5089
     3291     3286     3323     5107     3325     3322     3287     5092     5090     3290
      342       17       66       65       18     1366      586      587     1365     1686     1806
     1689     1685     3323     3322     3325     5107     1687     1809     1807     1690
      343      379      380     1156     1157      600      601     1377     1378     2695     2702
     4691     2698     3350     3353     5119     3351     2697     2701     4693     4696
      344      379     1157     1156      380      392     1170     1169      393     2698     4691
     2702     2695     2745     4723     2748     2743     2696     4695     4692     2700
      345      392     1170     1169      393      405     1183     1182      406     2745     4723
     2748     2743     2784     4749     2787     2782     2744     4726     4724     2747
      346      405     1183     1182      406      418     1196     1195      419     2784     4749
     2787     2782     2823     4775     2826     2821     2783     4752     4750     2786
      347      418     1196     1195      419      431     1209     1208      432     2823     4775
     2826     2821     2862     4801     2865     2860     2822     4778     4776     2825
      348      431     1209     1208      432      444     1222     1221      445     2862     4801
     2865     2860     2901     4827     2904     2899     2861     4804     4802     2864
      349      444     1222     1221      445      457     1235     1234      458     2901     4827
     2904     2899     2940     4853     2943     2938     2900     4830     4828     2903
      350      457     1235     1234      458      470     1248     1247      471     2940     4853
     2943     2938     2979     4879     2982     2977     2939     4856     4854     2942
      351      470     1248     1247      471      483     1261     1260      484     2979     4879
     2982     2977     3018     4905     3021     3016     2978     4882     4880     2981
      352      483     1261     1260      484      496     1274     1273      497     3018     4905
     3021     3016     3057     4931     3060     3055     3017     4908     4906     3020
      353      496     1274     1273      497      509     1287     1286      510     3057     4931
     3060     3055     3096     4957     3099     3094     3056     4934     4932     3059
      354      509     1287     1286      510      522     1300     1299      523     3096     4957
     3099     3094     3135     4983     3138     3133     3095     4960     4958     3098
      355      522     1300     1299      523      535     1313     1312      536     3135     4983
     3138     3133     3174     5009     3177     3172     3134     4986     4984     3137
      356      535     1313     1312      536      548     1326     1325      549     3174     5009
     3177     3172     3213     5035     3216     3211     3173     5012     5010     3176
      357      548     1326     1325      549      561     1339     1338      562     3213     5035
     3216     3211     3252     5061     3255     3250     3212     5038     5036     3215
      358      561     1339     1338      562      574     1352     1351      575     3252     5061
     3255     3250     3291     5087     3294     3289     3251     5064     5062     3254
      359      574     1352     1351      575      587     1365     1364      588     3291     5087
     3294     3289     3325     5106     3327     3324     3290     5090     5088     3293
      360       18       65       64       19     1365      587      588     1364     1689     1804
     1692     1688     3325     3324     3327     5106     1690     1807     1805     1693
      361      380      381     1155     1156      601      602     1376     1377     2699     2706
     4688     2702     3352     3355     5118     3353     2701     2705     4690     4693
      362      380     1156     1155      381      393     1169     1168      394     2702     4688
     2706     2699     2748     4721     2751     2746     2700     4692     4689     2704
      363      393     1169     1168      394      406     1182     1181      407     2748     4721
     2751     2746     2787     4747     2790     2785     2747     4724     4722     2750
      364      406     1182     1181      407      419     1195     1194      420     2787     4747
     2790     2785     2826     4773     2829     2824     2786     4750     4748     2789
      365      419     1195     1194      420      432     1208     1207      433     2826     4773
     2829     2824     2865     4799     2868     2863     2825     4776     4774     2828
      366      432     1208     1207      433      445     1221     1220      446     2865     4799
     2868     2863     2904     4825     2907     2902     2864     4802     4800     2867
      367      445     1221     1220      446      458     1234     1233      459     2904     4825
     2907     2902     2943     4851     2946     2941     2903     4828     4826     2906
      368      458     1234     1233      459      471     1247     1246      472     2943     4851
     2946     2941     2982     4877     2985     2980     2942     4854     4852     2945
      369      471     1247     1246      472      484     1260     1259      485     2982     4877
     2985     2980     3021     4903     3024     3019     2981     4880     4878     2984
      370      484     1260     1259      485      497     1273     1272      498     3021     4903
     3024     3019     3060     4929     3063     3058     3020     4906     4904     3023
      371      497     1273     1272      498      510     1286     1285      511     3060     4929
     3063     3058     3099     4955     3102     3097     3059     4932     4930     3062
      372      510     1286     1285      511      523     1299     1298      524     3099     4955
     3102     3097     3138     4981     3141     3136     3098     4958     4956     3101
      373      523     1299     1298      524      536     1312     1311      537     3138     4981
     3141     3136     3177     5007     3180     3175     3137     4984     4982     3140
      374      536     1312     1311      537      549     1325     1324      550     3177     5007
     3180     3175     3216     5033     3219     3214     3176     5010     5008     3179
      375      549     1325     1324      550      562     1338     1337      563     3216     5033
     3219     3214     3255     5059     3258     3253     3215     5036     5034     3218
      376      562     1338     1337      563      575     1351     1350      576     3255     5059
     3258     3253     3294     5085     3297     3292     3254     5062     5060     3257
      377      575     1351     1350      576      588     1364     1363      589     3294     5085
     3297     3292     3327     5105     3329     3326     3293     5088     5086     3296
      378       19       64       63       20     1364      588      589     1363     1692     1802
     1695     1691     3327     3326     3329     5105     1693     1805     1803     1696
      379      381      382     1154     1155      602      603     1375     1376     2703     2710
     4685     2706     3354     3357     5117     3355     2705     2709     4687     4690
      380      381     1155     1154      382      394     1168     1167      395     2706     4685
     2710     2703     2751     4719     2754     2749     2704     4689     4686     2708
      381      394     1168     1167      395      407     1181     1180      408     2751     4719
     2754     2749     2790     4745     2793     2788     2750     4722     4720     2753
      382      407     1181     1180      408      420     1194     1193      421     2790     4745
     2793     2788     2829     4771     2832     2827     2789     4748     4746     2792
      383      420     1194     1193      421      433     1207     1206      434     2829     4771
     2832     2827     2868     4797     2871     2866     2828     4774     4772     2831
      384      433     1207     1206      434      446     1220     1219      447     2868     4797
     2871     2866     2907     4823     2910     2905     2867     4800     4798     2870
      385      446     1220     1219      447      459     1233     1232      460     2907     4823
     2910     2905     2946     4849     2949     2944     2906     4826     4824     2909
      386      459     1233     1232      460      472     1246     1245      473     2946     4849
     2949     2944     2985     4875     2988     2983     2945     4852     4850     2948
      387      472     1246     1245      473      485     1259     1258      486     2985     4875
     2988     2983     3024     4901     3027     3022     2984     4878     4876     2987
      388      485     1259     1258      486      498     1272     1271      499     3024     4901
     3027     3022     3063     4927     3066     3061     3023     4904     4902     3026
      389      498     1272     1271      499      511     1285     1284      512     3063     4927
     3066     3061     3102     4953     3105     3100     3062     4930     4928     3065
      390      511     1285     1284      512      524     1298     1297      525     3102     4953
     3105     3100     3141     4979     3144     3139     3101     4956     4954     3104
      391      524     1298     1297      525      537     1311     1310      538     3141     4979
     3144     3139     3180     5005     3183     3178     3140     4982     4980     3143
      392      537     1311     1310      538      550     1324     1323      551     3180     5005
     3183     3178     3219     5031     3222     3217     3179     5008     5006     3182
      393      550     1324     1323      551      563     1337     1336      564     3219     5031
     3222     3217     3258     5057     3261     3256     3218     5034     5032     3221
      394      563     1337     1336      564      576     1350     1349      577     3258     5057
     3261     3256     3297     5083     3300     3295     3257     5060     5058     3260
      395      576     1350     1349      577      589     1363     1362      590     3297     5083
     3300     3295     3329     5104     3331     3328     3296     5086     5084     3299
      396       20       63       62       21     1363      589      590     1362     1695     1800
     1698     1694     3329     3328     3331     5104     1696     1803     1801     1699
      397      382      383     1153     1154      603      604     1374     1375     2707     2714
     4682     2710     3356     3359     5116     3357     2709     2713     4684     4687
      398      382     1154     1153      383      395     1167     1166      396     2710     4682
     2714     2707     2754     4717     2757     2752     2708     4686     4683     2712
      399      395     1167     1166      396      408     1180     1179      409     2754     4717
     2757     2752     2793     4743     2796     2791     2753     4720     4718     2756
      400      408     1180     1179      409      421     1193     1192      422     2793     4743
     2796     2791     2832     4769     2835     2830     2792     4746     4744     2795
      401      421     1193     1192      422      434     1206     1205      435     2832     4769
     2835     2830     2871     4795     2874     2869     2831     4772     4770     2834
      402      434     1206     1205      435      447     1219     1218      448     2871     4795
     2874     2869     2910     4821     2913     2908     2870     4798     4796     2873
      403      447     1219     1218      448      460     1232     1231      461     2910     4821
     2913     2908     2949     4847     2952     2947     2909     4824     4822     2912
      404      460     1232     1231      461      473     1245     1244      474     2949     4847
     2952     2947     2988     4873     2991     2986     2948     4850     4848     2951
      405      473     1245     1244      474      486     1258     1257      487     2988     4873
     2991     2986     3027     4899     3030     3025     2987     4876     4874     2990
      406      486     1258     1257      487      499     1271     1270      500     3027     4899
     3030     3025     3066     4925     3069     3064     3026     4902     4900     3029
      407      499     1271     1270      500      512     1284     1283      513     3066     4925
     3069     3064     3105     4951     3108     3103     3065     4928     4926     3068
      408      512     1284     1283      513      525     1297     1296      526     3105     4951
     3108     3103     3144     4977     3147     3142     3104     4954     4952     3107
      409      525     1297     1296      526      538     1310     1309      539     3144     4977
     3147     3142     3183     5003     3186     3181     3143     4980     4978     3146
      410      538     1310     1309      539      551     1323     1322      552     3183     5003
     3186     3181     3222     5029     3225     3220     3182     5006     5004     3185
      411      551     1323     1322      552      564     1336     1335      565     3222     5029
     3225     3220     3261     5055     3264     3259     3221     5032     5030     3224
      412      564     1336     1335      565      577     1349     1348      578     3261     5055
     3264     3259     3300     5081     3303     3298     3260     5058     5056     3263
      413      577     1349     1348      578      590     1362     1361      591     3300     5081
     3303     3298     3331     5103     3333     3330     3299     5084     5082     3302
      414       21       62       61       22     1362      590      591     1361     1698     1798
     1701     1697     3331     3330     3333     5103     1699     1801     1799     1702
      415      383      384     1152     1153      604      605     1373     1374     2711     2718
     4679     2714     3358     3361     5115     3359     2713     2717     4681     4684
      416      383     1153     1152      384      396     1166     1165      397     2714     4679
     2718     2711     2757     4715     2760     2755     2712     4683     4680     2716
      417      396     1166     1165      397      409     1179     1178      410     2757     4715
     2760     2755     2796     4741     2799     2794     2756     4718     4716     2759
      418      409     1179     1178      410      422     1192     1191      423     2796     4741
     2799     2794     2835     4767     2838     2833     2795     4744     4742     2798
      419      422     1192     1191      423      435     1205     1204      436     2835     4767
     2838     2833     2874     4793     2877     2872     2834     4770     4768     2837
      420      435     1205     1204      436      448     1218     1217      449     2874     4793
     2877     2872     2913     4819     2916     2911     2873     4796     4794     2876
      421      448     1218     1217      449      461     1231     1230      462     2913     4819
     2916     2911     2952     4845     2955     2950     2912     4822     4820     2915
      422      461     1231     1230      462      474     1244     1243      475     2952     4845
     2955     2950     2991     4871     2994     2989     2951     4848     4846     2954
      423      474     1244     1243      475      487     1257     1256      488     2991     4871
     2994     2989     3030     4897     3033     3028     2990     4874     4872     2993
      424      487     1257     1256      488      500     1270     1269      501     3030     4897
     3033     3028     3069     4923     3072     3067     3029     4900     4898     3032
      425      500     1270     1269      501      513     1283     1282      514     3069     4923
     3072     3067     3108     4949     3111     3106     3068     4926     4924     3071
      426      513     1283     1282      514      526     1296     1295      527     3108     4949
     3111     3106     3147     4975     3150     3145     3107     4952     4950     3110
      427      526     1296     1295      527      539     1309     1308      540     3147     4975
     3150     3145     3186     5001     3189     3184     3146     4978     4976     3149
      428      539     1309     1308      540      552     1322     1321      553     3186     5001
     3189     3184     3225     5027     3228     3223     3185     5004     5002     3188
      429      552     1322     1321      553      565     1335     1334      566     3225     5027
     3228     3223     3264     5053     3267     3262     3224     5030     5028     3227
      430      565     1335     1334      566      578     1348     1347      579     3264     5053
     3267     3262     3303     5079     3306     3301     3263     5056     5054     3266
      431      578     1348     1347      579      591     1361     1360      592     3303     5079
     3306     3301     3333     5102     3335     3332     3302     5082     5080     3305
      432       22       61       60       23     1361      591      592     1360     1701     1796
     1704     1700     3333     3332     3335     5102     1702     1799     1797     1705
      433      384      385     1151     1152      605      606     1372     1373     2715     2722
     4676     2718     3360     3363     5114     3361     2717     2721     4678     4681
      434      384     1152     1151      385      397     1165     1164      398     2718     4676
     2722     2715     2760     4713     2763     2758     2716     4680     4677     2720
      435      397     1165     1164      398      410     1178     1177      411     2760     4713
     2763     2758     2799     4739     2802     2797     2759     4716     4714     2762
      436      410     1178     1177      411      423     1191     1190      424     2799     4739
     2802     2797     2838     4765     2841     2836     2798     4742     4740     2801
      437      423     1191     1190      424      436     1204     1203      437     2838     4765
     2841     2836     2877     4791     2880     2875     2837     4768     4766     2840
      438      436     1204     1203      437      449     1217     1216      450     2877     4791
     2880     2875     2916     4817     2919     2914     2876     4794     4792     2879
      439      449     1217     1216      450      462     1230     1229      463     2916     4817
     2919     2914     2955     4843     2958     2953     2915     4820     4818     2918
      440      462     1230     1229      463      475     1243     1242      476     2955     4843
     2958     2953     2994     4869     2997     2992     2954     4846     4844     2957
      441      475     1243     1242      476      488     1256     1255      489     2994     4869
     2997     2992     3033     4895     3036     3031     2993     4872     4870     2996
      442      488     1256     1255      489      501     1269     1268      502     3033     4895
     3036     3031     3072     4921     3075     3070     3032     4898     4896     3035
      443      501     1269     1268      502      514     1282     1281      515     3072     4921
     3075     3070     3111     4947     3114     3109     3071     4924     4922     3074
      444      514     1282     1281      515      527     1295     1294      528     3111     4947
     3114     3109     3150     4973     3153     3148     3110     4950     4948     3113
      445      527     1295     1294      528      540     1308     1307      541     3150     4973
     3153     3148     3189     4999     3192     3187     3149     4976     4974     3152
      446      540     1308     1307      541      553     1321     1320      554     3189     4999
     3192     3187     3228     5025     3231     3226     3188     5002     5000     3191
      447      553     1321     1320      554      566     1334     1333      567     3228     5025
     3231     3226     3267     5051     3270     3265     3227     5028     5026     3230
      448      566     1334     1333      567      579     1347     1346      580     3267     5051
     3270     3265     3306     5077     3309     3304     3266     5054     5052     3269
      449      579     1347     1346      580      592     1360     1359      593     3306     5077
     3309     3304     3335     5101     3337     3334     3305     5080     5078     3308
      450       23       60       59       24     1360      592      593     1359     1704     1794
     1707     1703     3335     3334     3337     5101     1705     1797     1795     1708
      451      385      386     1150     1151      606      607     1371     1372     2719     2726
     4673     2722     3362     3365     5113     3363     2721     2725     4675     4678
      452      385     1151     1150      386      398     1164     1163      399     2722     4673
     2726     2719     2763     4711     2766     2761     2720     4677     4674     2724
      453      398     1164     1163      399      411     1177     1176      412     2763     4711
     2766     2761     2802     4737     2805     2800     2762     4714     4712     2765
      454      411     1177     1176      412      424     1190     1189      425     2802     4737
     2805     2800     2841     4763     2844     2839     2801     4740     4738     2804
      455      424     1190     1189      425      437     1203     1202      438     2841     4763
     2844     2839     2880     4789     2883     2878     2840     4766     4764     2843
      456      437     1203     1202      438      450     1216     1215      451     2880     4789
     2883     2878     2919     4815     2922     2917     2879     4792     4790     2882
      457      450     1216     1215      451      463     1229     1228      464     2919     4815
     2922     2917     2958     4841     2961     2956     2918     4818     4816     2921
      458      463     1229     1228      464      476     1242     1241      477     2958     4841
     2961     2956     2997     4867     3000     2995     2957     4844     4842     2960
      459      476     1242     1241      477      489     1255     1254      490     2997     4867
     3000     2995     3036     4893     3039     3034     2996     4870     4868     2999
      460      489     1255     1254      490      502     1268     1267      503     3036     4893
     3039     3034     3075     4919     3078     3073     3035     4896     4894     3038
      461      502     1268     1267      503      515     1281     1280      516     3075     4919
     3078     3073     3114     4945     3117     3112     3074     4922     4920     3077
      462      515     1281     1280      516      528     1294     1293      529     3114     4945
     3117     3112     3153     4971     3156     3151     3113     4948     4946     3116
      463      528     1294     1293      529      541     1307     1306      542     3153     4971
     3156     3151     3192     4997     3195     3190     3152     4974     4972     3155
      464      541     1307     1306      542      554     1320     1319      555     3192     4997
     3195     3190     3231     5023     3234     3229     3191     5000     4998     3194
      465      554     1320     1319      555      567     1333     1332      568     3231     5023
     3234     3229     3270     5049     3273     3268     3230     5026     5024     3233
      466      567     1333     1332      568      580     1346     1345      581     3270     5049
     3273     3268     3309     5075     3312     3307     3269     5052     5050     3272
      467      580     1346     1345      581      593     1359     1358      594     3309     5075
     3312     3307     3337     5100     3339     3336     3308     5078     5076     3311
      468       24       59       58       25     1359      593      594     1358     1707     1792
     1710     1706     3337     3336     3339     5100     1708     1795     1793     1711
      469      386      387     1149     1150      607      608     1370     1371     2723     2729
     4669     2726     3364     3366     5111     3365     2725     2728     4671     4675
      470      386     1150     1149      387      399     1163     1162      400     2726     4669
     2729     2723     2766     4708     2768     2764     2724     4674     4670     2727
      471      399     1163     1162      400      412     1176     1175      413     2766     4708
     2768     2764     2805     4734     2807     2803     2765     4712     4709     2767
      472      412     1176     1175      413      425     1189     1188      426     2805     4734
     2807     2803     2844     4760     2846     2842     2804     4738     4735     2806
      473      425     1189     1188      426      438     1202     1201      439     2844     4760
     2846     2842     2883     4786     2885     2881     2843     4764     4761     2845
      474      438     1202     1201      439      451     1215     1214      452     2883     4786
     2885     2881     2922     4812     2924     2920     2882     4790     4787     2884
      475      451     1215     1214      452      464     1228     1227      465     2922     4812
     2924     2920     2961     4838     2963     2959     2921     4816     4813     2923
      476      464     1228     1227      465      477     1241     1240      478     2961     4838
     2963     2959     3000     4864     3002     2998     2960     4842     4839     2962
      477      477     1241     1240      478      490     1254     1253      491     3000     4864
     3002     2998     3039     4890     3041     3037     2999     4868     4865     3001
      478      490     1254     1253      491      503     1267     1266      504     3039     4890
     3041     3037     3078     4916     3080     3076     3038     4894     4891     3040
      479      503     1267     1266      504      516     1280     1279      517     3078     4916
     3080     3076     3117     4942     3119     3115     3077     4920     4917     3079
      480      516     1280     1279      517      529     1293     1292      530     3117     4942
     3119     3115     3156     4968     3158     3154     3116     4946     4943     3118
      481      529     1293     1292      530      542     1306     1305      543     3156     4968
     3158     3154     3195     4994     3197     3193     3155     4972     4969     3157
      482      542     1306     1305      543      555     1319     1318      556     3195     4994
     3197     3193     3234     5020     3236     3232     3194     4998     4995     3196
      483      555     1319     1318      556      568     1332     1331      569     3234     5020
     3236     3232     3273     5046     3275     3271     3233     5024     5021     3235
      484      568     1332     1331      569      581     1345     1344      582     3273     5046
     3275     3271     3312     5072     3314     3310     3272     5050     5047     3274
      485      581     1345     1344      582      594     1358     1357      595     3312     5072
     3314     3310     3339     5098     3340     3338     3311     5076     5073     3313
      486       25       58       57       26     1358      594      595     1357     1710     1789
     1713     1709     3339     3338     3340     5098     1711     1793     1791     1714
      487      357      608     1370     1399      358      387     1149     1400     2626     3366
     5112     2627     2629     2729     4672     2630     2625     2728     4671     5156
      488      358      387     1149     1400      359      400     1162     1398     2629     2729
     4672     2630     2632     2768     4710     2633     2628     2727     4670     5154
      489      359      400     1162     1398      360      413     1175     1397     2632     2768
     4710     2633     2635     2807     4736     2636     2631     2767     4709     5152
      490      360      413     1175     1397      361      426     1188     1396     2635     2807
     4736     2636     2638     2846     4762     2639     2634     2806     4735     5150
      491      361      426     1188     1396      362      439     1201     1395     2638     2846
     4762     2639     2641     2885     4788     2642     2637     2845     4761     5148
      492      362      439     1201     1395      363      452     1214     1394     2641     2885
     4788     2642     2644     2924     4814     2645     2640     2884     4787     5146
      493      363      452     1214     1394      364      465     1227     1393     2644     2924
     4814     2645     2647     2963     4840     2648     2643     2923     4813     5144
      494      364      465     1227     1393      365      478     1240     1392     2647     2963
     4840     2648     2650     3002     4866     2651     2646     2962     4839     5142
      495      365      478     1240     1392      366      491     1253     1391     2650     3002
     4866     2651     2653     3041     4892     2654     2649     3001     4865     5140
      496      366      491     1253     1391      367      504     1266     1390     2653     3041
     4892     2654     2656     3080     4918     2657     2652     3040     4891     5138
      497      367      504     1266     1390      368      517     1279     1389     2656     3080
     4918     2657     2659     3119     4944     2660     2655     3079     4917     5136
      498      368      517     1279     1389      369      530     1292     1388     2659     3119
     4944     2660     2662     3158     4970     2663     2658     3118     4943     5134
      499      369      530     1292     1388      370      543     1305     1387     2662     3158
     4970     2663     2665     3197     4996     2666     2661     3157     4969     5132
      500      370      543     1305     1387      371      556     1318     1386     2665     3197
     4996     2666     2668     3236     5022     2669     2664     3196     4995     5130
      501      371      556     1318     1386      372      569     1331     1385     2668     3236
     5022     2669     2671     3275     5048     2672     2667     3235     5021     5128
      502      372      569     1331     1385      373      582     1344     1384     2671     3275
     5048     2672     2674     3314     5074     2675     2670     3274     5047     5126
      503      373      582     1344     1384      374      595     1357     1383     2674     3314
     5074     2675     2676     3340     5099     2677     2673     3313     5073     5124
      504       26       57       73       27     1357      595      374     1383     1713     1790
     1715     1712     3340     2676     2677     5099     1714     1791     1823     1716
      505      303     1403     1400      358      356     1455     1399      357     2470     5158
     2630     2469     2624     5157     2627     2623     2468     5167     5156     2625
      506      303      358     1400     1403      306      359     1398     1406     2469     2630
     5158     2470     2480     2633     5155     2481     2467     2628     5154     5166
      507      306      359     1398     1406      309      360     1397     1409     2480     2633
     5155     2481     2489     2636     5153     2490     2479     2631     5152     5173
      508      309      360     1397     1409      312      361     1396     1412     2489     2636
     5153     2490     2498     2639     5151     2499     2488     2634     5150     5179
      509      312      361     1396     1412      315      362     1395     1415     2498     2639
     5151     2499     2507     2642     5149     2508     2497     2637     5148     5185
      510      315      362     1395     1415      318      363     1394     1418     2507     2642
     5149     2508     2516     2645     5147     2517     2506     2640     5146     5191
      511      318      363     1394     1418      321      364     1393     1421     2516     2645
     5147     2517     2525     2648     5145     2526     2515     2643     5144     5197
      512      321      364     1393     1421      324      365     1392     1424     2525     2648
     5145     2526     2534     2651     5143     2535     2524     2646     5142     5203
      513      324      365     1392     1424      327      366     1391     1427     2534     2651
     5143     2535     2543     2654     5141     2544     2533     2649     5140     5209
      514      327      366     1391     1427      330      367     1390     1430     2543     2654
     5141     2544     2552     2657     5139     2553     2542     2652     5138     5215
      515      330      367     1390     1430      333      368     1389     1433     2552     2657
     5139     2553     2561     2660     5137     2562     2551     2655     5136     5221
      516      333      368     1389     1433      336      369     1388     1436     2561     2660
     5137     2562     2570     2663     5135     2571     2560     2658     5134     5227
      517      336      369     1388     1436      339      370     1387     1439     2570     2663
     5135     2571     2579     2666     5133     2580     2569     2661     5132     5233
      518      339      370     1387     1439      342      371     1386     1442     2579     2666
     5133     2580     2588     2669     5131     2589     2578     2664     5130     5239
      519      342      371     1386     1442      345      372     1385     1445     2588     2669
     5131     2589     2597     2672     5129     2598     2587     2667     5128     5245
      520      345      372     1385     1445      348      373     1384     1448     2597     2672
     5129     2598     2606     2675     5127     2607     2596     2670     5126     5251
      521      348      373     1384     1448      351      374     1383     1451     2606     2675
     5127     2607     2614     2677     5125     2615     2605     2673     5124     5257
      522       13       27       73       74     1451     1383      374      351     1672     1715
     1822     1673     5125     2677     2614     2615     1674     1716     1823     1824
      523      303      304     1402     1403      356      355     1454     1455     2466     2474
     5163     2470     2621     2622     5265     2624     2468     2473     5165     5167
      524      303     1403     1402      304      306     1406     1405      307     2470     5163
     2474     2466     2481     5171     2484     2478     2467     5166     5164     2472
      525      306     1406     1405      307      309     1409     1408      310     2481     5171
     2484     2478     2490     5177     2493     2487     2479     5173     5172     2483
      526      309     1409     1408      310      312     1412     1411      313     2490     5177
     2493     2487     2499     5183     2502     2496     2488     5179     5178     2492
      527      312     1412     1411      313      315     1415     1414      316     2499     5183
     2502     2496     2508     5189     2511     2505     2497     5185     5184     2501
      528      315     1415     1414      316      318     1418     1417      319     2508     5189
     2511     2505     2517     5195     2520     2514     2506     5191     5190     2510
      529      318     1418     1417      319      321     1421     1420      322     2517     5195
     2520     2514     2526     5201     2529     2523     2515     5197     5196     2519
      530      321     1421     1420      322      324     1424     1423      325     2526     5201
     2529     2523     2535     5207     2538     2532     2524     5203     5202     2528
      531      324     1424     1423      325      327     1427     1426      328     2535     5207
     2538     2532     2544     5213     2547     2541     2533     5209     5208     2537
      532      327     1427     1426      328      330     1430     1429      331     2544     5213
     2547     2541     2553     5219     2556     2550     2542     5215     5214     2546
      533      330     1430     1429      331      333     1433     1432      334     2553     5219
     2556     2550     2562     5225     2565     2559     2551     5221     5220     2555
      534      333     1433     1432      334      336     1436     1435      337     2562     5225
     2565     2559     2571     5231     2574     2568     2560     5227     5226     2564
      535      336     1436     1435      337      339     1439     1438      340     2571     5231
     2574     2568     2580     5237     2583     2577     2569     5233     5232     2573
      536      339     1439     1438      340      342     1442     1441      343     2580     5237
     2583     2577     2589     5243     2592     2586     2578     5239     5238     2582
      537      342     1442     1441      343      345     1445     1444      346     2589     5243
     2592     2586     2598     5249     2601     2595     2587     5245     5244     2591
      538      345     1445     1444      346      348     1448     1447      349     2598     5249
     2601     2595     2607     5255     2610     2604     2596     5251     5250     2600
      539      348     1448     1447      349      351     1451     1450      352     2607     5255
     2610     2604     2615     5260     2617     2613     2605     5257     5256     2609
      540       12       13       74       72     1450     1451      351      352     1669     1673
     1820     1670     5260     2615     2613     2617     1671     1674     1824     1821
      541      304      305     1401     1402      355      354     1452     1454     2471     2477
     5159     2474     2619     2620     5262     2622     2473     2476     5161     5165
      542      304     1402     1401      305      307     1405     1404      308     2474     5159
     2477     2471     2484     5168     2486     2482     2472     5164     5160     2475
      543      307     1405     1404      308      310     1408     1407      311     2484     5168
     2486     2482     2493     5174     2495     2491     2483     5172     5169     2485
      544      310     1408     1407      311      313     1411     1410      314     2493     5174
     2495     2491     2502     5180     2504     2500     2492     5178     5175     2494
      545      313     1411     1410      314      316     1414     1413      317     2502     5180
     2504     2500     2511     5186     2513     2509     2501     5184     5181     2503
      546      316     1414     1413      317      319     1417     1416      320     2511     5186
     2513     2509     2520     5192     2522     2518     2510     5190     5187     2512
      547      319     1417     1416      320      322     1420     1419      323     2520     5192
     2522     2518     2529     5198     2531     2527     2519     5196     5193     2521
      548      322     1420     1419      323      325     1423     1422      326     2529     5198
     2531     2527     2538     5204     2540     2536     2528     5202     5199     2530
      549      325     1423     1422      326      328     1426     1425      329     2538     5204
     2540     2536     2547     5210     2549     2545     2537     5208     5205     2539
      550      328     1426     1425      329      331     1429     1428      332     2547     5210
     2549     2545     2556     5216     2558     2554     2546     5214     5211     2548
      551      331     1429     1428      332      334     1432     1431      335     2556     5216
     2558     2554     2565     5222     2567     2563     2555     5220     5217     2557
      552      334     1432     1431      335      337     1435     1434      338     2565     5222
     2567     2563     2574     5228     2576     2572     2564     5226     5223     2566
      553      337     1435     1434      338      340     1438     1437      341     2574     5228
     2576     2572     2583     5234     2585     2581     2573     5232     5229     2575
      554      340     1438     1437      341      343     1441     1440      344     2583     5234
     2585     2581     2592     5240     2594     2590     2582     5238     5235     2584
      555      343     1441     1440      344      346     1444     1443      347     2592     5240
     2594     2590     2601     5246     2603     2599     2591     5244     5241     2593
      556      346     1444     1443      347      349     1447     1446      350     2601     5246
     2603     2599     2610     5252     2612     2608     2600     5250     5247     2602
      557      349     1447     1446      350      352     1450     1449      353     2610     5252
     2612     2608     2617     5258     2618     2616     2609     5256     5253     2611
      558       11       12       72       71     1449     1450      352      353     1666     1670
     1817     1667     5258     2617     2616     2618     1668     1671     1821     1819
      559      301      354     1452     1453      302      305     1401     1456     2462     2620
     5261     2463     2464     2477     5162     2465     2461     2476     5161     5263
      560      300     1457     1404      308      302     1456     1401      305     2460     5170
     2486     2459     2465     5162     2477     2464     2458     5266     5160     2475
      561      299     1458     1407      311      300     1457     1404      308     2457     5176
     2495     2456     2460     5170     2486     2459     2455     5268     5169     2485
      562      298     1459     1410      314      299     1458     1407      311     2454     5182
     2504     2453     2457     5176     2495     2456     2452     5270     5175     2494
      563      297     1460     1413      317      298     1459     1410      314     2451     5188
     2513     2450     2454     5182     2504     2453     2449     5272     5181     2503
      564      296     1461     1416      320      297     1460     1413      317     2448     5194
     2522     2447     2451     5188     2513     2450     2446     5274     5187     2512
      565      295     1462     1419      323      296     1461     1416      320     2445     5200
     2531     2444     2448     5194     2522     2447     2443     5276     5193     2521
      566      294     1463     1422      326      295     1462     1419      323     2442     5206
     2540     2441     2445     5200     2531     2444     2440     5278     5199     2530
      567      293     1464     1425      329      294     1463     1422      326     2439     5212
     2549     2438     2442     5206     2540     2441     2437     5280     5205     2539
      568      292     1465     1428      332      293     1464     1425      329     2436     5218
     2558     2435     2439     5212     2549     2438     2434     5282     5211     2548
      569      291     1466     1431      335      292     1465     1428      332     2433     5224
     2567     2432     2436     5218     2558     2435     2431     5284     5217     2557
      570      290     1467     1434      338      291     1466     1431      335     2430     5230
     2576     2429     2433     5224     2567     2432     2428     5286     5223     2566
      571      289     1468     1437      341      290     1467     1434      338     2427     5236
     2585     2426     2430     5230     2576     2429     2425     5288     5229     2575
      572      288     1469     1440      344      289     1468     1437      341     2424     5242
     2594     2423     2427     5236     2585     2426     2422     5290     5235     2584
      573      287     1470     1443      347      288     1469     1440      344     2421     5248
     2603     2420     2424     5242     2594     2423     2419     5292     5241     2593
      574      286     1471     1446      350      287     1470     1443      347     2418     5254
     2612     2417     2421     5248     2603     2420     2416     5294     5247     2602
      575      285     1472     1449      353      286     1471     1446      350     2415     5259
     2618     2414     2418     5254     2612     2417     2413     5296     5253     2611
      576       10       11       71       84     1472     1449      353      285     1663     1667
     1818     1664     5259     2618     2414     2415     1665     1668     1819     1844
      577      123     1617     1456      302      276     1634     1453      301     1940     5267
     2465     1939     2397     5264     2463     2396     1938     5572     5263     2461
      578      123      302     1456     1617      132      300     1457     1608     1939     2465
     5267     1940     1974     2460     5269     1975     1937     2458     5266     5555
      579      132      300     1457     1608      141      299     1458     1599     1974     2460
     5269     1975     2001     2457     5271     2002     1973     2455     5268     5538
      580      141      299     1458     1599      150      298     1459     1590     2001     2457
     5271     2002     2028     2454     5273     2029     2000     2452     5270     5521
      581      150      298     1459     1590      159      297     1460     1581     2028     2454
     5273     2029     2055     2451     5275     2056     2027     2449     5272     5504
      582      159      297     1460     1581      168      296     1461     1572     2055     2451
     5275     2056     2082     2448     5277     2083     2054     2446     5274     5487
      583      168      296     1461     1572      177      295     1462     1563     2082     2448
     5277     2083     2109     2445     5279     2110     2081     2443     5276     5470
      584      177      295     1462     1563      186      294     1463     1554     2109     2445
     5279     2110     2136     2442     5281     2137     2108     2440     5278     5453
      585      186      294     1463     1554      195      293     1464     1545     2136     2442
     5281     2137     2163     2439     5283     2164     2135     2437     5280     5436
      586      195      293     1464     1545      204      292     1465     1536     2163     2439
     5283     2164     2190     2436     5285     2191     2162     2434     5282     5419
      587      204      292     1465     1536      213      291     1466     1527     2190     2436
     5285     2191     2217     2433     5287     2218     2189     2431     5284     5402
      588      213      291     1466     1527      222      290     1467     1518     2217     2433
     5287     2218     2244     2430     5289     2245     2216     2428     5286     5385
      589      222      290     1467     1518      231      289     1468     1509     2244     2430
     5289     2245     2271     2427     5291     2272     2243     2425     5288     5368
      590      231      289     1468     1509      240      288     1469     1500     2271     2427
     5291     2272     2298     2424     5293     2299     2270     2422     5290     5351
      591      240      288     1469     1500      249      287     1470     1491     2298     2424
     5293     2299     2325     2421     5295     2326     2297     2419     5292     5334
      592      249      287     1470     1491      258      286     1471     1482     2325     2421
     5295     2326     2352     2418     5297     2353     2324     2416     5294     5317
      593      258      286     1471     1482      267      285     1472     1473     2352     2418
     5297     2353     2378     2415     5298     2379     2351     2413     5296     5300
      594        1       10       84       83     1473     1472      285      267     1636     1664
     1842     1637     5298     2415     2378     2379     1638     1665     1844     1843
      595      123      124     1618     1617      276      277     1633     1634     1936     1944
     5571     1940     2395     2399     5595     2397     1938     1943     5574     5572
      596      123     1617     1618      124      132     1608     1609      133     1940     5571
     1944     1936     1975     5554     1978     1972     1937     5555     5557     1942
      597      132     1608     1609      133      141     1599     1600      142     1975     5554
     1978     1972     2002     5537     2005     1999     1973     5538     5540     1977
      598      141     1599     1600      142      150     1590     1591      151     2002     5537
     2005     1999     2029     5520     2032     2026     2000     5521     5523     2004
      599      150     1590     1591      151      159     1581     1582      160     2029     5520
     2032     2026     2056     5503     2059     2053     2027     5504     5506     2031
      600      159     1581     1582      160      168     1572     1573      169     2056     5503
     2059     2053     2083     5486     2086     2080     2054     5487     5489     2058
      601      168     1572     1573      169      177     1563     1564      178     2083     5486
     2086     2080     2110     5469     2113     2107     2081     5470     5472     2085
      602      177     1563     1564      178      186     1554     1555      187     2110     5469
     2113     2107     2137     5452     2140     2134     2108     5453     5455     2112
      603      186     1554     1555      187      195     1545     1546      196     2137     5452
     2140     2134     2164     5435     2167     2161     2135     5436     5438     2139
      604      195     1545     1546      196      204     1536     1537      205     2164     5435
     2167     2161     2191     5418     2194     2188     2162     5419     5421     2166
      605      204     1536     1537      205      213     1527     1528      214     2191     5418
     2194     2188     2218     5401     2221     2215     2189     5402     5404     2193
      606      213     1527     1528      214      222     1518     1519      223     2218     5401
     2221     2215     2245     5384     2248     2242     2216     5385     5387     2220
      607      222     1518     1519      223      231     1509     1510      232     2245     5384
     2248     2242     2272     5367     2275     2269     2243     5368     5370     2247
      608      231     1509     1510      232      240     1500     1501      241     2272     5367
     2275     2269     2299     5350     2302     2296     2270     5351     5353     2274
      609      240     1500     1501      241      249     1491     1492      250     2299     5350
     2302     2296     2326     5333     2329     2323     2297     5334     5336     2301
      610      249     1491     1492      250      258     1482     1483      259     2326     5333
     2329     2323     2353     5316     2356     2350     2324     5317     5319     2328
      611      258     1482     1483      259      267     1473     1474      268     2353     5316
     2356     2350     2379     5299     2381     2377     2351     5300     5302     2355
      612        1       83       82        2     1473      267      268     1474     1637     1840
     1640     1635     2379     2377     2381     5299     1638     1843     1841     1641
      613      124      125     1619     1618      277      278     1632     1633     1941     1948
     5573     1944     2398     2401     5594     2399     1943     1947     5576     5574
      614      124     1618     1619      125      133     1609     1610      134     1944     5573
     1948     1941     1978     5556     1981     1976     1942     5557     5559     1946
      615      133     1609     1610      134      142     1600     1601      143     1978     5556
     1981     1976     2005     5539     2008     2003     1977     5540     5542     1980
      616      142     1600     1601      143      151     1591     1592      152     2005     5539
     2008     2003     2032     5522     2035     2030     2004     5523     5525     2007
      617      151     1591     1592      152      160     1582     1583      161     2032     5522
     2035     2030     2059     5505     2062     2057     2031     5506     5508     2034
      618      160     1582     1583      161      169     1573     1574      170     2059     5505
     2062     2057     2086     5488     2089     2084     2058     5489     5491     2061
      619      169     1573     1574      170      178     1564     1565      179     2086     5488
     2089     2084     2113     5471     2116     2111     2085     5472     5474     2088
      620      178     1564     1565      179      187     1555     1556      188     2113     5471
     2116     2111     2140     5454     2143     2138     2112     5455     5457     2115
      621      187     1555     1556      188      196     1546     1547      197     2140     5454
     2143     2138     2167     5437     2170     2165     2139     5438     5440     2142
      622      196     1546     1547      197      205     1537     1538      206     2167     5437
     2170     2165     2194     5420     2197     2192     2166     5421     5423     2169
      623      205     1537     1538      206      214     1528     1529      215     2194     5420
     2197     2192     2221     5403     2224     2219     2193     5404     5406     2196
      624      214     1528     1529      215      223     1519     1520      224     2221     5403
     2224     2219     2248     5386     2251     2246     2220     5387     5389     2223
      625      223     1519     1520      224      232     1510     1511      233     2248     5386
     2251     2246     2275     5369     2278     2273     2247     5370     5372     2250
      626      232     1510     1511      233      241     1501     1502      242     2275     5369
     2278     2273     2302     5352     2305     2300     2274     5353     5355     2277
      627      241     1501     1502      242      250     1492     1493      251     2302     5352
     2305     2300     2329     5335     2332     2327     2301     5336     5338     2304
      628      250     1492     1493      251      259     1483     1484      260     2329     5335
     2332     2327     2356     5318     2359     2354     2328     5319     5321     2331
      629      259     1483     1484      260      268     1474     1475      269     2356     5318
     2359     2354     2381     5301     2383     2380     2355     5302     5304     2358
      630        2       82       81        3     1474      268      269     1475     1640     1838
     1643     1639     2381     2380     2383     5301     1641     1841     1839     1644
      631      125      126     1620     1619      278      279     1631     1632     1945     1952
     5575     1948     2400     2403     5593     2401     1947     1951     5578     5576
      632      125     1619     1620      126      134     1610     1611      135     1948     5575
     1952     1945     1981     5558     1984     1979     1946     5559     5561     1950
      633      134     1610     1611      135      143     1601     1602      144     1981     5558
     1984     1979     2008     5541     2011     2006     1980     5542     5544     1983
      634      143     1601     1602      144      152     1592     1593      153     2008     5541
     2011     2006     2035     5524     2038     2033     2007     5525     5527     2010
      635      152     1592     1593      153      161     1583     1584      162     2035     5524
     2038     2033     2062     5507     2065     2060     2034     5508     5510     2037
      636      161     1583     1584      162      170     1574     1575      171     2062     5507
     2065     2060     2089     5490     2092     2087     2061     5491     5493     2064
      637      170     1574     1575      171      179     1565     1566      180     2089     5490
     2092     2087     2116     5473     2119     2114     2088     5474     5476     2091
      638      179     1565     1566      180      188     1556     1557      189     2116     5473
     2119     2114     2143     5456     2146     2141     2115     5457     5459     2118
      639      188     1556     1557      189      197     1547     1548      198     2143     5456
     2146     2141     2170     5439     2173     2168     2142     5440     5442     2145
      640      197     1547     1548      198      206     1538     1539      207     2170     5439
     2173     2168     2197     5422     2200     2195     2169     5423     5425     2172
      641      206     1538     1539      207      215     1529     1530      216     2197     5422
     2200     2195     2224     5405     2227     2222     2196     5406     5408     2199
      642      215     1529     1530      216      224     1520     1521      225     2224     5405
     2227     2222     2251     5388     2254     2249     2223     5389     5391     2226
      643      224     1520     1521      225      233     1511     1512      234     2251     5388
     2254     2249     2278     5371     2281     2276     2250     5372     5374     2253
      644      233     1511     1512      234      242     1502     1503      243     2278     5371
     2281     2276     2305     5354     2308     2303     2277     5355     5357     2280
      645      242     1502     1503      243      251     1493     1494      252     2305     5354
     2308     2303     2332     5337     2335     2330     2304     5338     5340     2307
      646      251     1493     1494      252      260     1484     1485      261     2332     5337
     2335     2330     2359     5320     2362     2357     2331     5321     5323     2334
      647      260     1484     1485      261      269     1475     1476      270     2359     5320
     2362     2357     2383     5303     2385     2382     2358     5304     5306     2361
      648        3       81       80        4     1475      269      270     1476     1643     1836
     1646     1642     2383     2382     2385     5303     1644     1839     1837     1647
      649      126      127     1621     1620      279      280     1630     1631     1949     1956
     5577     1952     2402     2405     5592     2403     1951     1955     5580     5578
      650      126     1620     1621      127      135     1611     1612      136     1952     5577
     1956     1949     1984     5560     1987     1982     1950     5561     5563     1954
      651      135     1611     1612      136      144     1602     1603      145     1984     5560
     1987     1982     2011     5543     2014     2009     1983     5544     5546     1986
      652      144     1602     1603      145      153     1593     1594      154     2011     5543
     2014     2009     2038     5526     2041     2036     2010     5527     5529     2013
      653      153     1593     1594      154      162     1584     1585      163     2038     5526
     2041     2036     2065     5509     2068     2063     2037     5510     5512     2040
      654      162     1584     1585      163      171     1575     1576      172     2065     5509
     2068     2063     2092     5492     2095     2090     2064     5493     5495     2067
      655      171     1575     1576      172      180     1566     1567      181     2092     5492
     2095     2090     2119     5475     2122     2117     2091     5476     5478     2094
      656      180     1566     1567      181      189     1557     1558      190     2119     5475
     2122     2117     2146     5458     2149     2144     2118     5459     5461     2121
      657      189     1557     1558      190      198     1548     1549      199     2146     5458
     2149     2144     2173     5441     2176     2171     2145     5442     5444     2148
      658      198     1548     1549      199      207     1539     1540      208     2173     5441
     2176     2171     2200     5424     2203     2198     2172     5425     5427     2175
      659      207     1539     1540      208      216     1530     1531      217     2200     5424
     2203     2198     2227     5407     2230     2225     2199     5408     5410     2202
      660      216     1530     1531      217      225     1521     1522      226     2227     5407
     2230     2225     2254     5390     2257     2252     2226     5391     5393     2229
      661      225     1521     1522      226      234     1512     1513      235     2254     5390
     2257     2252     2281     5373     2284     2279     2253     5374     5376     2256
      662      234     1512     1513      235      243     1503     1504      244     2281     5373
     2284     2279     2308     5356     2311     2306     2280     5357     5359     2283
      663      243     1503     1504      244      252     1494     1495      253     2308     5356
     2311     2306     2335     5339     2338     2333     2307     5340     5342     2310
      664      252     1494     1495      253      261     1485     1486      262     2335     5339
     2338     2333     2362     5322     2365     2360     2334     5323     5325     2337
      665      261     1485     1486      262      270     1476     1477      271     2362     5322
     2365     2360     2385     5305     2387     2384     2361     5306     5308     2364
      666        4       80       79        5     1476      270      271     1477     1646     1834
     1649     1645     2385     2384     2387     5305     1647     1837     1835     1650
      667      127      128     1622     1621      280      281     1629     1630     1953     1960
     5579     1956     2404     2407     5591     2405     1955     1959     5582     5580
      668      127     1621     1622      128      136     1612     1613      137     1956     5579
     1960     1953     1987     5562     1990     1985     1954     5563     5565     1958
      669      136     1612     1613      137      145     1603     1604      146     1987     5562
     1990     1985     2014     5545     2017     2012     1986     5546     5548     1989
      670      145     1603     1604      146      154     1594     1595      155     2014     5545
     2017     2012     2041     5528     2044     2039     2013     5529     5531     2016
      671      154     1594     1595      155      163     1585     1586      164     2041     5528
     2044     2039     2068     5511     2071     2066     2040     5512     5514     2043
      672      163     1585     1586      164      172     1576     1577      173     2068     5511
     2071     2066     2095     5494     2098     2093     2067     5495     5497     2070
      673      172     1576     1577      173      181     1567     1568      182     2095     5494
     2098     2093     2122     5477     2125     2120     2094     5478     5480     2097
      674      181     1567     1568      182      190     1558     1559      191     2122     5477
     2125     2120     2149     5460     2152     2147     2121     5461     5463     2124
      675      190     1558     1559      191      199     1549     1550      200     2149     5460
     2152     2147     2176     5443     2179     2174     2148     5444     5446     2151
      676      199     1549     1550      200      208     1540     1541      209     2176     5443
     2179     2174     2203     5426     2206     2201     2175     5427     5429     2178
      677      208     1540     1541      209      217     1531     1532      218     2203     5426
     2206     2201     2230     5409     2233     2228     2202     5410     5412     2205
      678      217     1531     1532      218      226     1522     1523      227     2230     5409
     2233     2228     2257     5392     2260     2255     2229     5393     5395     2232
      679      226     1522     1523      227      235     1513     1514      236     2257     5392
     2260     2255     2284     5375     2287     2282     2256     5376     5378     2259
      680      235     1513     1514      236      244     1504     1505      245     2284     5375
     2287     2282     2311     5358     2314     2309     2283     5359     5361     2286
      681      244     1504     1505      245      253     1495     1496      254     2311     5358
     2314     2309     2338     5341     2341     2336     2310     5342     5344     2313
      682      253     1495     1496      254      262     1486     1487      263     2338     5341
     2341     2336     2365     5324     2368     2363     2337     5325     5327     2340
      683      262     1486     1487      263      271     1477     1478      272     2365     5324
     2368     2363     2387     5307     2389     2386     2364     5308     5310     2367
      684        5       79       78        6     1477      271      272     1478     1649     1832
     1652     1648     2387     2386     2389     5307     1650     1835     1833     1653
      685      128      129     1623     1622      281      282     1628     1629     1957     1964
     5581     1960     2406     2409     5590     2407     1959     1963     5584     5582
      686      128     1622     1623      129      137     1613     1614      138     1960     5581
     1964     1957     1990     5564     1993     1988     1958     5565     5567     1962
      687      137     1613     1614      138      146     1604     1605      147     1990     5564
     1993     1988     2017     5547     2020     2015     1989     5548     5550     1992
      688      146     1604     1605      147      155     1595     1596      156     2017     5547
     2020     2015     2044     5530     2047     2042     2016     5531     5533     2019
      689      155     1595     1596      156      164     1586     1587      165     2044     5530
     2047     2042     2071     5513     2074     2069     2043     5514     5516     2046
      690      164     1586     1587      165      173     1577     1578      174     2071     5513
     2074     2069     2098     5496     2101     2096     2070     5497     5499     2073
      691      173     1577     1578      174      182     1568     1569      183     2098     5496
     2101     2096     2125     5479     2128     2123     2097     5480     5482     2100
      692      182     1568     1569      183      191     1559     1560      192     2125     5479
     2128     2123     2152     5462     2155     2150     2124     5463     5465     2127
      693      191     1559     1560      192      200     1550     1551      201     2152     5462
     2155     2150     2179     5445     2182     2177     2151     5446     5448     2154
      694      200     1550     1551      201      209     1541     1542      210     2179     5445
     2182     2177     2206     5428     2209     2204     2178     5429     5431     2181
      695      209     1541     1542      210      218     1532     1533      219     2206     5428
     2209     2204     2233     5411     2236     2231     2205     5412     5414     2208
      696      218     1532     1533      219      227     1523     1524      228     2233     5411
     2236     2231     2260     5394     2263     2258     2232     5395     5397     2235
      697      227     1523     1524      228      236     1514     1515      237     2260     5394
     2263     2258     2287     5377     2290     2285     2259     5378     5380     2262
      698      236     1514     1515      237      245     1505     1506      246     2287     5377
     2290     2285     2314     5360     2317     2312     2286     5361     5363     2289
      699      245     1505     1506      246      254     1496     1497      255     2314     5360
     2317     2312     2341     5343     2344     2339     2313     5344     5346     2316
      700      254     1496     1497      255      263     1487     1488      264     2341     5343
     2344     2339     2368     5326     2371     2366     2340     5327     5329     2343
      701      263     1487     1488      264      272     1478     1479      273     2368     5326
     2371     2366     2389     5309     2391     2388     2367     5310     5312     2370
      702        6       78       77        7     1478      272      273     1479     1652     1830
     1655     1651     2389     2388     2391     5309     1653     1833     1831     1656
      703      129      130     1624     1623      282      283     1627     1628     1961     1968
     5583     1964     2408     2411     5589     2409     1963     1967     5586     5584
      704      129     1623     1624      130      138     1614     1615      139     1964     5583
     1968     1961     1993     5566     1996     1991     1962     5567     5569     1966
      705      138     1614     1615      139      147     1605     1606      148     1993     5566
     1996     1991     2020     5549     2023     2018     1992     5550     5552     1995
      706      147     1605     1606      148      156     1596     1597      157     2020     5549
     2023     2018     2047     5532     2050     2045     2019     5533     5535     2022
      707      156     1596     1597      157      165     1587     1588      166     2047     5532
     2050     2045     2074     5515     2077     2072     2046     5516     5518     2049
      708      165     1587     1588      166      174     1578     1579      175     2074     5515
     2077     2072     2101     5498     2104     2099     2073     5499     5501     2076
      709      174     1578     1579      175      183     1569     1570      184     2101     5498
     2104     2099     2128     5481     2131     2126     2100     5482     5484     2103
      710      183     1569     1570      184      192     1560     1561      193     2128     5481
     2131     2126     2155     5464     2158     2153     2127     5465     5467     2130
      711      192     1560     1561      193      201     1551     1552      202     2155     5464
     2158     2153     2182     5447     2185     2180     2154     5448     5450     2157
      712      201     1551     1552      202      210     1542     1543      211     2182     5447
     2185     2180     2209     5430     2212     2207     2181     5431     5433     2184
      713      210     1542     1543      211      219     1533     1534      220     2209     5430
     2212     2207     2236     5413     2239     2234     2208     5414     5416     2211
      714      219     1533     1534      220      228     1524     1525      229     2236     5413
     2239     2234     2263     5396     2266     2261     2235     5397     5399     2238
      715      228     1524     1525      229      237     1515     1516      238     2263     5396
     2266     2261     2290     5379     2293     2288     2262     5380     5382     2265
      716      237     1515     1516      238      246     1506     1507      247     2290     5379
     2293     2288     2317     5362     2320     2315     2289     5363     5365     2292
      717      246     1506     1507      247      255     1497     1498      256     2317     5362
     2320     2315     2344     5345     2347     2342     2316     5346     5348     2319
      718      255     1497     1498      256      264     1488     1489      265     2344     5345
     2347     2342     2371     5328     2374     2369     2343     5329     5331     2346
      719      264     1488     1489      265      273     1479     1480      274     2371     5328
     2374     2369     2391     5311     2393     2390     2370     5312     5314     2373
      720        7       77       76        8     1479      273      274     1480     1655     1828
     1658     1654     2391     2390     2393     5311     1656     1831     1829     1659
      721      130      131     1625     1624      283      284     1626     1627     1965     1971
     5585     1968     2410     2412     5588     2411     1967     1970     5587     5586
      722      130     1624     1625      131      139     1615     1616      140     1968     5585
     1971     1965     1996     5568     1998     1994     1966     5569     5570     1969
      723      139     1615     1616      140      148     1606     1607      149     1996     5568
     1998     1994     2023     5551     2025     2021     1995     5552     5553     1997
      724      148     1606     1607      149      157     1597     1598      158     2023     5551
     2025     2021     2050     5534     2052     2048     2022     5535     5536     2024
      725      157     1597     1598      158      166     1588     1589      167     2050     5534
     2052     2048     2077     5517     2079     2075     2049     5518     5519     2051
      726      166     1588     1589      167      175     1579     1580      176     2077     5517
     2079     2075     2104     5500     2106     2102     2076     5501     5502     2078
      727      175     1579     1580      176      184     1570     1571      185     2104     5500
     2106     2102     2131     5483     2133     2129     2103     5484     5485     2105
      728      184     1570     1571      185      193     1561     1562      194     2131     5483
     2133     2129     2158     5466     2160     2156     2130     5467     5468     2132
      729      193     1561     1562      194      202     1552     1553      203     2158     5466
     2160     2156     2185     5449     2187     2183     2157     5450     5451     2159
      730      202     1552     1553      203      211     1543     1544      212     2185     5449
     2187     2183     2212     5432     2214     2210     2184     5433     5434     2186
      731      211     1543     1544      212      220     1534     1535      221     2212     5432
     2214     2210     2239     5415     2241     2237     2211     5416     5417     2213
      732      220     1534     1535      221      229     1525     1526      230     2239     5415
     2241     2237     2266     5398     2268     2264     2238     5399     5400     2240
      733      229     1525     1526      230      238     1516     1517      239     2266     5398
     2268     2264     2293     5381     2295     2291     2265     5382     5383     2267
      734      238     1516     1517      239      247     1507     1508      248     2293     5381
     2295     2291     2320     5364     2322     2318     2292     5365     5366     2294
      735      247     1507     1508      248      256     1498     1499      257     2320     5364
     2322     2318     2347     5347     2349     2345     2319     5348     5349     2321
      736      256     1498     1499      257      265     1489     1490      266     2347     5347
     2349     2345     2374     5330     2376     2372     2346     5331     5332     2348
      737      265     1489     1490      266      274     1480     1481      275     2374     5330
     2376     2372     2393     5313     2394     2392     2373     5314     5315     2375
      738        8       76       75        9     1480      274      275     1481     1658     1825
     1660     1657     2393     2392     2394     5313     1659     1829     1827     1662
      739       87      105      284     1626       88      106      131     1625     1849     1902
     2412     1850     1852     1904     1971     1853     1848     1901     1970     5587
      740       88      106      131     1625       89      107      140     1616     1852     1904
     1971     1853     1855     1906     1998     1856     1851     1903     1969     5570
      741       89      107      140     1616       90      108      149     1607     1855     1906
     1998     1856     1858     1908     2025     1859     1854     1905     1997     5553
      742       90      108      149     1607       91      109      158     1598     1858     1908
     2025     1859     1861     1910     2052     1862     1857     1907     2024     5536
      743       91      109      158     1598       92      110      167     1589     1861     1910
     2052     1862     1864     1912     2079     1865     1860     1909     2051     5519
      744       92      110      167     1589       93      111      176     1580     1864     1912
     2079     1865     1867     1914     2106     1868     1863     1911     2078     5502
      745       93      111      176     1580       94      112      185     1571     1867     1914
     2106     1868     1870     1916     2133     1871     1866     1913     2105     5485
      746       94      112      185     1571       95      113      194     1562     1870     1916
     2133     1871     1873     1918     2160     1874     1869     1915     2132     5468
      747       95      113      194     1562       96      114      203     1553     1873     1918
     2160     1874     1876     1920     2187     1877     1872     1917     2159     5451
      748       96      114      203     1553       97      115      212     1544     1876     1920
     2187     1877     1879     1922     2214     1880     1875     1919     2186     5434
      749       97      115      212     1544       98      116      221     1535     1879     1922
     2214     1880     1882     1924     2241     1883     1878     1921     2213     5417
      750       98      116      221     1535       99      117      230     1526     1882     1924
     2241     1883     1885     1926     2268     1886     1881     1923     2240     5400
      751       99      117      230     1526      100      118      239     1517     1885     1926
     2268     1886     1888     1928     2295     1889     1884     1925     2267     5383
      752      100      118      239     1517      101      119      248     1508     1888     1928
     2295     1889     1891     1930     2322     1892     1887     1927     2294     5366
      753      101      119      248     1508      102      120      257     1499     1891     1930
     2322     1892     1894     1932     2349     1895     1890     1929     2321     5349
      754      102      120      257     1499      103      121      266     1490     1894     1932
     2349     1895     1897     1934     2376     1898     1893     1931     2348     5332
      755      103      121      266     1490      104      122      275     1481     1897     1934
     2376     1898     1899     1935     2394     1900     1896     1933     2375     5315
      756        9       75       86       85     1481      275      122      104     1660     1826
     1845     1661     2394     1935     1899     1900     1662     1827     1847     1846
-1
secnum,1    ! reset the section ID to default
! Material Id = {05BC89C2-5AE4-43D0-8BB0-B892168E4881}
/wb,elem,end               !  done creating elements
toffst,273.15,      ! Temperature offset from absolute zero
/com,*********** Set Reference Temperature ***********
tref,22.
/wb,mat,start              !  starting to send materials
/com,*********** Send Materials ***********
Temperature = 'TEMP' ! Temperature
MP,DENS,1,7.85e-09,	! tonne mm^-3
MP,ALPX,1,1.2e-05,	! C^-1
MP,C,1,434000000,	! mm^2 s^-2 C^-1
MP,KXX,1,60.5,	! tonne mm s^-3 C^-1
MP,RSVX,1,0.00017,	! ohm mm
MP,EX,1,200000,	! tonne s^-2 mm^-1
MP,NUXY,1,0.3,
MP,MURX,1,10000,
MP,UVID,1,240a7912-9c79-4723-8ef0-4daa416bd56a
MP,UMID,1,59002a79-71c2-428e-906b-55d7dbee100e

/wb,mat,end                !  done sending materials
!************************* Model Summary ********************
!C Beam,	Plastic, PA6,	matid,	1
!************************* End Model Summary ********************
! get the diagonal of the bounding box. Needed later for other things
*get,_xmin,node,,mnloc,x
*get,_ymin,node,,mnloc,y
*get,_zmin,node,,mnloc,z
*get,_xmax,node,,mxloc,x
*get,_ymax,node,,mxloc,y
*get,_zmax,node,,mxloc,z
_ASMDIAG=(_xmax-_xmin)*(_xmax-_xmin)+(_ymax-_ymin)*(_ymax-_ymin)+(_zmax-_zmin)*(_zmax-_zmin)
_ASMDIAG=SQRT(_ASMDIAG)
/wb,contact,start          !  starting to send contact
/wb,contact,end            !  done creating contacts
et,2,200,7
MAT,0 $ TYPE,2 $ REAL,0 $ SECNUM,2 $ ESYS,0
eblock,11,COMPACT,,756
(11i9)
     2389      905      880      879     1058     4147     4144     4145     4205
     2390      880      905      914      881     4147     4204     4149     4146
     2391      881      914      923      882     4149     4223     4151     4148
     2392      882      923      932      883     4151     4241     4153     4150
     2393      883      932      941      884     4153     4259     4155     4152
     2394      884      941      950      885     4155     4277     4157     4154
     2395      885      950      959      886     4157     4295     4159     4156
     2396      886      959      968      887     4159     4313     4161     4158
     2397      887      968      977      888     4161     4331     4163     4160
     2398      888      977      986      889     4163     4349     4165     4162
     2399      889      986      995      890     4165     4367     4167     4164
     2400      890      995     1004      891     4167     4385     4169     4166
     2401      891     1004     1013      892     4169     4403     4171     4168
     2402      892     1013     1022      893     4171     4421     4173     4170
     2403      893     1022     1031      894     4173     4439     4175     4172
     2404      894     1031     1040      895     4175     4457     4177     4174
     2405      895     1040     1049      896     4177     4475     4178     4176
     2406       32       42      896     1049     1730     1760     4178     1732
     2407      904      905     1058     1057     4201     4205     4493     4203
     2408      905      904      913      914     4201     4202     4221     4204
     2409      914      913      922      923     4221     4222     4239     4223
     2410      923      922      931      932     4239     4240     4257     4241
     2411      932      931      940      941     4257     4258     4275     4259
     2412      941      940      949      950     4275     4276     4293     4277
     2413      950      949      958      959     4293     4294     4311     4295
     2414      959      958      967      968     4311     4312     4329     4313
     2415      968      967      976      977     4329     4330     4347     4331
     2416      977      976      985      986     4347     4348     4365     4349
     2417      986      985      994      995     4365     4366     4383     4367
     2418      995      994     1003     1004     4383     4384     4401     4385
     2419     1004     1003     1012     1013     4401     4402     4419     4403
     2420     1013     1012     1021     1022     4419     4420     4437     4421
     2421     1022     1021     1030     1031     4437     4438     4455     4439
     2422     1031     1030     1039     1040     4455     4456     4473     4457
     2423     1040     1039     1048     1049     4473     4474     4484     4475
     2424       33       32     1049     1048     1729     1732     4484     1735
     2425      903      904     1057     1056     4198     4203     4492     4200
     2426      904      903      912      913     4198     4199     4219     4202
     2427      913      912      921      922     4219     4220     4237     4222
     2428      922      921      930      931     4237     4238     4255     4240
     2429      931      930      939      940     4255     4256     4273     4258
     2430      940      939      948      949     4273     4274     4291     4276
     2431      949      948      957      958     4291     4292     4309     4294
     2432      958      957      966      967     4309     4310     4327     4312
     2433      967      966      975      976     4327     4328     4345     4330
     2434      976      975      984      985     4345     4346     4363     4348
     2435      985      984      993      994     4363     4364     4381     4366
     2436      994      993     1002     1003     4381     4382     4399     4384
     2437     1003     1002     1011     1012     4399     4400     4417     4402
     2438     1012     1011     1020     1021     4417     4418     4435     4420
     2439     1021     1020     1029     1030     4435     4436     4453     4438
     2440     1030     1029     1038     1039     4453     4454     4471     4456
     2441     1039     1038     1047     1048     4471     4472     4483     4474
     2442       34       33     1048     1047     1733     1735     4483     1738
     2443      902      903     1056     1055     4195     4200     4491     4197
     2444      903      902      911      912     4195     4196     4217     4199
     2445      912      911      920      921     4217     4218     4235     4220
     2446      921      920      929      930     4235     4236     4253     4238
     2447      930      929      938      939     4253     4254     4271     4256
     2448      939      938      947      948     4271     4272     4289     4274
     2449      948      947      956      957     4289     4290     4307     4292
     2450      957      956      965      966     4307     4308     4325     4310
     2451      966      965      974      975     4325     4326     4343     4328
     2452      975      974      983      984     4343     4344     4361     4346
     2453      984      983      992      993     4361     4362     4379     4364
     2454      993      992     1001     1002     4379     4380     4397     4382
     2455     1002     1001     1010     1011     4397     4398     4415     4400
     2456     1011     1010     1019     1020     4415     4416     4433     4418
     2457     1020     1019     1028     1029     4433     4434     4451     4436
     2458     1029     1028     1037     1038     4451     4452     4469     4454
     2459     1038     1037     1046     1047     4469     4470     4482     4472
     2460       35       34     1047     1046     1736     1738     4482     1741
     2461      901      902     1055     1054     4192     4197     4490     4194
     2462      902      901      910      911     4192     4193     4215     4196
     2463      911      910      919      920     4215     4216     4233     4218
     2464      920      919      928      929     4233     4234     4251     4236
     2465      929      928      937      938     4251     4252     4269     4254
     2466      938      937      946      947     4269     4270     4287     4272
     2467      947      946      955      956     4287     4288     4305     4290
     2468      956      955      964      965     4305     4306     4323     4308
     2469      965      964      973      974     4323     4324     4341     4326
     2470      974      973      982      983     4341     4342     4359     4344
     2471      983      982      991      992     4359     4360     4377     4362
     2472      992      991     1000     1001     4377     4378     4395     4380
     2473     1001     1000     1009     1010     4395     4396     4413     4398
     2474     1010     1009     1018     1019     4413     4414     4431     4416
     2475     1019     1018     1027     1028     4431     4432     4449     4434
     2476     1028     1027     1036     1037     4449     4450     4467     4452
     2477     1037     1036     1045     1046     4467     4468     4481     4470
     2478       36       35     1046     1045     1739     1741     4481     1744
     2479      900      901     1054     1053     4189     4194     4489     4191
     2480      901      900      909      910     4189     4190     4213     4193
     2481      910      909      918      919     4213     4214     4231     4216
     2482      919      918      927      928     4231     4232     4249     4234
     2483      928      927      936      937     4249     4250     4267     4252
     2484      937      936      945      946     4267     4268     4285     4270
     2485      946      945      954      955     4285     4286     4303     4288
     2486      955      954      963      964     4303     4304     4321     4306
     2487      964      963      972      973     4321     4322     4339     4324
     2488      973      972      981      982     4339     4340     4357     4342
     2489      982      981      990      991     4357     4358     4375     4360
     2490      991      990      999     1000     4375     4376     4393     4378
     2491     1000      999     1008     1009     4393     4394     4411     4396
     2492     1009     1008     1017     1018     4411     4412     4429     4414
     2493     1018     1017     1026     1027     4429     4430     4447     4432
     2494     1027     1026     1035     1036     4447     4448     4465     4450
     2495     1036     1035     1044     1045     4465     4466     4480     4468
     2496       37       36     1045     1044     1742     1744     4480     1747
     2497      899      900     1053     1052     4186     4191     4488     4188
     2498      900      899      908      909     4186     4187     4211     4190
     2499      909      908      917      918     4211     4212     4229     4214
     2500      918      917      926      927     4229     4230     4247     4232
     2501      927      926      935      936     4247     4248     4265     4250
     2502      936      935      944      945     4265     4266     4283     4268
     2503      945      944      953      954     4283     4284     4301     4286
     2504      954      953      962      963     4301     4302     4319     4304
     2505      963      962      971      972     4319     4320     4337     4322
     2506      972      971      980      981     4337     4338     4355     4340
     2507      981      980      989      990     4355     4356     4373     4358
     2508      990      989      998      999     4373     4374     4391     4376
     2509      999      998     1007     1008     4391     4392     4409     4394
     2510     1008     1007     1016     1017     4409     4410     4427     4412
     2511     1017     1016     1025     1026     4427     4428     4445     4430
     2512     1026     1025     1034     1035     4445     4446     4463     4448
     2513     1035     1034     1043     1044     4463     4464     4479     4466
     2514       38       37     1044     1043     1745     1747     4479     1750
     2515      898      899     1052     1051     4183     4188     4487     4185
     2516      899      898      907      908     4183     4184     4209     4187
     2517      908      907      916      917     4209     4210     4227     4212
     2518      917      916      925      926     4227     4228     4245     4230
     2519      926      925      934      935     4245     4246     4263     4248
     2520      935      934      943      944     4263     4264     4281     4266
     2521      944      943      952      953     4281     4282     4299     4284
     2522      953      952      961      962     4299     4300     4317     4302
     2523      962      961      970      971     4317     4318     4335     4320
     2524      971      970      979      980     4335     4336     4353     4338
     2525      980      979      988      989     4353     4354     4371     4356
     2526      989      988      997      998     4371     4372     4389     4374
     2527      998      997     1006     1007     4389     4390     4407     4392
     2528     1007     1006     1015     1016     4407     4408     4425     4410
     2529     1016     1015     1024     1025     4425     4426     4443     4428
     2530     1025     1024     1033     1034     4443     4444     4461     4446
     2531     1034     1033     1042     1043     4461     4462     4478     4464
     2532       39       38     1043     1042     1748     1750     4478     1753
     2533      897      898     1051     1050     4179     4185     4485     4181
     2534      898      897      906      907     4179     4180     4206     4184
     2535      907      906      915      916     4206     4207     4224     4210
     2536      916      915      924      925     4224     4225     4242     4228
     2537      925      924      933      934     4242     4243     4260     4246
     2538      934      933      942      943     4260     4261     4278     4264
     2539      943      942      951      952     4278     4279     4296     4282
     2540      952      951      960      961     4296     4297     4314     4300
     2541      961      960      969      970     4314     4315     4332     4318
     2542      970      969      978      979     4332     4333     4350     4336
     2543      979      978      987      988     4350     4351     4368     4354
     2544      988      987      996      997     4368     4369     4386     4372
     2545      997      996     1005     1006     4386     4387     4404     4390
     2546     1006     1005     1014     1015     4404     4405     4422     4408
     2547     1015     1014     1023     1024     4422     4423     4440     4426
     2548     1024     1023     1032     1033     4440     4441     4458     4444
     2549     1033     1032     1041     1042     4458     4459     4476     4462
     2550       40       39     1042     1041     1751     1753     4476     1756
     2551     1050     1075     1076      897     4486     4526     4182     4181
     2552      897     1076     1074      906     4182     4524     4208     4180
     2553      906     1074     1073      915     4208     4522     4226     4207
     2554      915     1073     1072      924     4226     4520     4244     4225
     2555      924     1072     1071      933     4244     4518     4262     4243
     2556      933     1071     1070      942     4262     4516     4280     4261
     2557      942     1070     1069      951     4280     4514     4298     4279
     2558      951     1069     1068      960     4298     4512     4316     4297
     2559      960     1068     1067      969     4316     4510     4334     4315
     2560      969     1067     1066      978     4334     4508     4352     4333
     2561      978     1066     1065      987     4352     4506     4370     4351
     2562      987     1065     1064      996     4370     4504     4388     4369
     2563      996     1064     1063     1005     4388     4502     4406     4387
     2564     1005     1063     1062     1014     4406     4500     4424     4405
     2565     1014     1062     1061     1023     4424     4498     4442     4423
     2566     1023     1061     1060     1032     4442     4496     4460     4441
     2567     1032     1060     1059     1041     4460     4494     4477     4459
     2568       41       40     1041     1059     1754     1756     4477     1758
     2569     1079     1076     1075     1131     4528     4526     4527     4537
     2570     1076     1079     1082     1074     4528     4536     4525     4524
     2571     1074     1082     1085     1073     4525     4543     4523     4522
     2572     1073     1085     1088     1072     4523     4549     4521     4520
     2573     1072     1088     1091     1071     4521     4555     4519     4518
     2574     1071     1091     1094     1070     4519     4561     4517     4516
     2575     1070     1094     1097     1069     4517     4567     4515     4514
     2576     1069     1097     1100     1068     4515     4573     4513     4512
     2577     1068     1100     1103     1067     4513     4579     4511     4510
     2578     1067     1103     1106     1066     4511     4585     4509     4508
     2579     1066     1106     1109     1065     4509     4591     4507     4506
     2580     1065     1109     1112     1064     4507     4597     4505     4504
     2581     1064     1112     1115     1063     4505     4603     4503     4502
     2582     1063     1115     1118     1062     4503     4609     4501     4500
     2583     1062     1118     1121     1061     4501     4615     4499     4498
     2584     1061     1121     1124     1060     4499     4621     4497     4496
     2585     1060     1124     1127     1059     4497     4627     4495     4494
     2586       31       41     1059     1127     1726     1758     4495     1728
     2587     1078     1079     1131     1130     4533     4537     4635     4535
     2588     1079     1078     1081     1082     4533     4534     4541     4536
     2589     1082     1081     1084     1085     4541     4542     4547     4543
     2590     1085     1084     1087     1088     4547     4548     4553     4549
     2591     1088     1087     1090     1091     4553     4554     4559     4555
     2592     1091     1090     1093     1094     4559     4560     4565     4561
     2593     1094     1093     1096     1097     4565     4566     4571     4567
     2594     1097     1096     1099     1100     4571     4572     4577     4573
     2595     1100     1099     1102     1103     4577     4578     4583     4579
     2596     1103     1102     1105     1106     4583     4584     4589     4585
     2597     1106     1105     1108     1109     4589     4590     4595     4591
     2598     1109     1108     1111     1112     4595     4596     4601     4597
     2599     1112     1111     1114     1115     4601     4602     4607     4603
     2600     1115     1114     1117     1118     4607     4608     4613     4609
     2601     1118     1117     1120     1121     4613     4614     4619     4615
     2602     1121     1120     1123     1124     4619     4620     4625     4621
     2603     1124     1123     1126     1127     4625     4626     4630     4627
     2604       30       31     1127     1126     1723     1728     4630     1725
     2605     1077     1078     1130     1128     4529     4535     4632     4531
     2606     1078     1077     1080     1081     4529     4530     4538     4534
     2607     1081     1080     1083     1084     4538     4539     4544     4542
     2608     1084     1083     1086     1087     4544     4545     4550     4548
     2609     1087     1086     1089     1090     4550     4551     4556     4554
     2610     1090     1089     1092     1093     4556     4557     4562     4560
     2611     1093     1092     1095     1096     4562     4563     4568     4566
     2612     1096     1095     1098     1099     4568     4569     4574     4572
     2613     1099     1098     1101     1102     4574     4575     4580     4578
     2614     1102     1101     1104     1105     4580     4581     4586     4584
     2615     1105     1104     1107     1108     4586     4587     4592     4590
     2616     1108     1107     1110     1111     4592     4593     4598     4596
     2617     1111     1110     1113     1114     4598     4599     4604     4602
     2618     1114     1113     1116     1117     4604     4605     4610     4608
     2619     1117     1116     1119     1120     4610     4611     4616     4614
     2620     1120     1119     1122     1123     4616     4617     4622     4620
     2621     1123     1122     1125     1126     4622     4623     4628     4626
     2622       29       30     1126     1125     1720     1725     4628     1722
     2623     1128     1129     1132     1077     4631     4633     4532     4531
     2624     1133     1080     1077     1132     4540     4530     4532     4636
     2625     1134     1083     1080     1133     4546     4539     4540     4638
     2626     1135     1086     1083     1134     4552     4545     4546     4640
     2627     1136     1089     1086     1135     4558     4551     4552     4642
     2628     1137     1092     1089     1136     4564     4557     4558     4644
     2629     1138     1095     1092     1137     4570     4563     4564     4646
     2630     1139     1098     1095     1138     4576     4569     4570     4648
     2631     1140     1101     1098     1139     4582     4575     4576     4650
     2632     1141     1104     1101     1140     4588     4581     4582     4652
     2633     1142     1107     1104     1141     4594     4587     4588     4654
     2634     1143     1110     1107     1142     4600     4593     4594     4656
     2635     1144     1113     1110     1143     4606     4599     4600     4658
     2636     1145     1116     1113     1144     4612     4605     4606     4660
     2637     1146     1119     1116     1145     4618     4611     4612     4662
     2638     1147     1122     1119     1146     4624     4617     4618     4664
     2639     1148     1125     1122     1147     4629     4623     4624     4666
     2640       28       29     1125     1148     1717     1722     4629     1719
     2641     1161     1132     1129     1382     4637     4633     4634     4707
     2642     1132     1161     1174     1133     4637     4706     4639     4636
     2643     1133     1174     1187     1134     4639     4733     4641     4638
     2644     1134     1187     1200     1135     4641     4759     4643     4640
     2645     1135     1200     1213     1136     4643     4785     4645     4642
     2646     1136     1213     1226     1137     4645     4811     4647     4644
     2647     1137     1226     1239     1138     4647     4837     4649     4646
     2648     1138     1239     1252     1139     4649     4863     4651     4648
     2649     1139     1252     1265     1140     4651     4889     4653     4650
     2650     1140     1265     1278     1141     4653     4915     4655     4652
     2651     1141     1278     1291     1142     4655     4941     4657     4654
     2652     1142     1291     1304     1143     4657     4967     4659     4656
     2653     1143     1304     1317     1144     4659     4993     4661     4658
     2654     1144     1317     1330     1145     4661     5019     4663     4660
     2655     1145     1330     1343     1146     4663     5045     4665     4662
     2656     1146     1343     1356     1147     4665     5071     4667     4664
     2657     1147     1356     1369     1148     4667     5097     4668     4666
     2658       14       28     1148     1369     1676     1719     4668     1678
     2659     1160     1161     1382     1381     4703     4707     5123     4705
     2660     1161     1160     1173     1174     4703     4704     4731     4706
     2661     1174     1173     1186     1187     4731     4732     4757     4733
     2662     1187     1186     1199     1200     4757     4758     4783     4759
     2663     1200     1199     1212     1213     4783     4784     4809     4785
     2664     1213     1212     1225     1226     4809     4810     4835     4811
     2665     1226     1225     1238     1239     4835     4836     4861     4837
     2666     1239     1238     1251     1252     4861     4862     4887     4863
     2667     1252     1251     1264     1265     4887     4888     4913     4889
     2668     1265     1264     1277     1278     4913     4914     4939     4915
     2669     1278     1277     1290     1291     4939     4940     4965     4941
     2670     1291     1290     1303     1304     4965     4966     4991     4967
     2671     1304     1303     1316     1317     4991     4992     5017     4993
     2672     1317     1316     1329     1330     5017     5018     5043     5019
     2673     1330     1329     1342     1343     5043     5044     5069     5045
     2674     1343     1342     1355     1356     5069     5070     5095     5071
     2675     1356     1355     1368     1369     5095     5096     5110     5097
     2676       15       14     1369     1368     1675     1678     5110     1681
     2677     1159     1160     1381     1380     4700     4705     5122     4702
     2678     1160     1159     1172     1173     4700     4701     4729     4704
     2679     1173     1172     1185     1186     4729     4730     4755     4732
     2680     1186     1185     1198     1199     4755     4756     4781     4758
     2681     1199     1198     1211     1212     4781     4782     4807     4784
     2682     1212     1211     1224     1225     4807     4808     4833     4810
     2683     1225     1224     1237     1238     4833     4834     4859     4836
     2684     1238     1237     1250     1251     4859     4860     4885     4862
     2685     1251     1250     1263     1264     4885     4886     4911     4888
     2686     1264     1263     1276     1277     4911     4912     4937     4914
     2687     1277     1276     1289     1290     4937     4938     4963     4940
     2688     1290     1289     1302     1303     4963     4964     4989     4966
     2689     1303     1302     1315     1316     4989     4990     5015     4992
     2690     1316     1315     1328     1329     5015     5016     5041     5018
     2691     1329     1328     1341     1342     5041     5042     5067     5044
     2692     1342     1341     1354     1355     5067     5068     5093     5070
     2693     1355     1354     1367     1368     5093     5094     5109     5096
     2694       16       15     1368     1367     1679     1681     5109     1684
     2695     1158     1159     1380     1379     4697     4702     5121     4699
     2696     1159     1158     1171     1172     4697     4698     4727     4701
     2697     1172     1171     1184     1185     4727     4728     4753     4730
     2698     1185     1184     1197     1198     4753     4754     4779     4756
     2699     1198     1197     1210     1211     4779     4780     4805     4782
     2700     1211     1210     1223     1224     4805     4806     4831     4808
     2701     1224     1223     1236     1237     4831     4832     4857     4834
     2702     1237     1236     1249     1250     4857     4858     4883     4860
     2703     1250     1249     1262     1263     4883     4884     4909     4886
     2704     1263     1262     1275     1276     4909     4910     4935     4912
     2705     1276     1275     1288     1289     4935     4936     4961     4938
     2706     1289     1288     1301     1302     4961     4962     4987     4964
     2707     1302     1301     1314     1315     4987     4988     5013     4990
     2708     1315     1314     1327     1328     5013     5014     5039     5016
     2709     1328     1327     1340     1341     5039     5040     5065     5042
     2710     1341     1340     1353     1354     5065     5066     5091     5068
     2711     1354     1353     1366     1367     5091     5092     5108     5094
     2712       17       16     1367     1366     1682     1684     5108     1687
     2713     1157     1158     1379     1378     4694     4699     5120     4696
     2714     1158     1157     1170     1171     4694     4695     4725     4698
     2715     1171     1170     1183     1184     4725     4726     4751     4728
     2716     1184     1183     1196     1197     4751     4752     4777     4754
     2717     1197     1196     1209     1210     4777     4778     4803     4780
     2718     1210     1209     1222     1223     4803     4804     4829     4806
     2719     1223     1222     1235     1236     4829     4830     4855     4832
     2720     1236     1235     1248     1249     4855     4856     4881     4858
     2721     1249     1248     1261     1262     4881     4882     4907     4884
     2722     1262     1261     1274     1275     4907     4908     4933     4910
     2723     1275     1274     1287     1288     4933     4934     4959     4936
     2724     1288     1287     1300     1301     4959     4960     4985     4962
     2725     1301     1300     1313     1314     4985     4986     5011     4988
     2726     1314     1313     1326     1327     5011     5012     5037     5014
     2727     1327     1326     1339     1340     5037     5038     5063     5040
     2728     1340     1339     1352     1353     5063     5064     5089     5066
     2729     1353     1352     1365     1366     5089     5090     5107     5092
     2730       18       17     1366     1365     1685     1687     5107     1690
     2731     1156     1157     1378     1377     4691     4696     5119     4693
     2732     1157     1156     1169     1170     4691     4692     4723     4695
     2733     1170     1169     1182     1183     4723     4724     4749     4726
     2734     1183     1182     1195     1196     4749     4750     4775     4752
     2735     1196     1195     1208     1209     4775     4776     4801     4778
     2736     1209     1208     1221     1222     4801     4802     4827     4804
     2737     1222     1221     1234     1235     4827     4828     4853     4830
     2738     1235     1234     1247     1248     4853     4854     4879     4856
     2739     1248     1247     1260     1261     4879     4880     4905     4882
     2740     1261     1260     1273     1274     4905     4906     4931     4908
     2741     1274     1273     1286     1287     4931     4932     4957     4934
     2742     1287     1286     1299     1300     4957     4958     4983     4960
     2743     1300     1299     1312     1313     4983     4984     5009     4986
     2744     1313     1312     1325     1326     5009     5010     5035     5012
     2745     1326     1325     1338     1339     5035     5036     5061     5038
     2746     1339     1338     1351     1352     5061     5062     5087     5064
     2747     1352     1351     1364     1365     5087     5088     5106     5090
     2748       19       18     1365     1364     1688     1690     5106     1693
     2749     1155     1156     1377     1376     4688     4693     5118     4690
     2750     1156     1155     1168     1169     4688     4689     4721     4692
     2751     1169     1168     1181     1182     4721     4722     4747     4724
     2752     1182     1181     1194     1195     4747     4748     4773     4750
     2753     1195     1194     1207     1208     4773     4774     4799     4776
     2754     1208     1207     1220     1221     4799     4800     4825     4802
     2755     1221     1220     1233     1234     4825     4826     4851     4828
     2756     1234     1233     1246     1247     4851     4852     4877     4854
     2757     1247     1246     1259     1260     4877     4878     4903     4880
     2758     1260     1259     1272     1273     4903     4904     4929     4906
     2759     1273     1272     1285     1286     4929     4930     4955     4932
     2760     1286     1285     1298     1299     4955     4956     4981     4958
     2761     1299     1298     1311     1312     4981     4982     5007     4984
     2762     1312     1311     1324     1325     5007     5008     5033     5010
     2763     1325     1324     1337     1338     5033     5034     5059     5036
     2764     1338     1337     1350     1351     5059     5060     5085     5062
     2765     1351     1350     1363     1364     5085     5086     5105     5088
     2766       20       19     1364     1363     1691     1693     5105     1696
     2767     1154     1155     1376     1375     4685     4690     5117     4687
     2768     1155     1154     1167     1168     4685     4686     4719     4689
     2769     1168     1167     1180     1181     4719     4720     4745     4722
     2770     1181     1180     1193     1194     4745     4746     4771     4748
     2771     1194     1193     1206     1207     4771     4772     4797     4774
     2772     1207     1206     1219     1220     4797     4798     4823     4800
     2773     1220     1219     1232     1233     4823     4824     4849     4826
     2774     1233     1232     1245     1246     4849     4850     4875     4852
     2775     1246     1245     1258     1259     4875     4876     4901     4878
     2776     1259     1258     1271     1272     4901     4902     4927     4904
     2777     1272     1271     1284     1285     4927     4928     4953     4930
     2778     1285     1284     1297     1298     4953     4954     4979     4956
     2779     1298     1297     1310     1311     4979     4980     5005     4982
     2780     1311     1310     1323     1324     5005     5006     5031     5008
     2781     1324     1323     1336     1337     5031     5032     5057     5034
     2782     1337     1336     1349     1350     5057     5058     5083     5060
     2783     1350     1349     1362     1363     5083     5084     5104     5086
     2784       21       20     1363     1362     1694     1696     5104     1699
     2785     1153     1154     1375     1374     4682     4687     5116     4684
     2786     1154     1153     1166     1167     4682     4683     4717     4686
     2787     1167     1166     1179     1180     4717     4718     4743     4720
     2788     1180     1179     1192     1193     4743     4744     4769     4746
     2789     1193     1192     1205     1206     4769     4770     4795     4772
     2790     1206     1205     1218     1219     4795     4796     4821     4798
     2791     1219     1218     1231     1232     4821     4822     4847     4824
     2792     1232     1231     1244     1245     4847     4848     4873     4850
     2793     1245     1244     1257     1258     4873     4874     4899     4876
     2794     1258     1257     1270     1271     4899     4900     4925     4902
     2795     1271     1270     1283     1284     4925     4926     4951     4928
     2796     1284     1283     1296     1297     4951     4952     4977     4954
     2797     1297     1296     1309     1310     4977     4978     5003     4980
     2798     1310     1309     1322     1323     5003     5004     5029     5006
     2799     1323     1322     1335     1336     5029     5030     5055     5032
     2800     1336     1335     1348     1349     5055     5056     5081     5058
     2801     1349     1348     1361     1362     5081     5082     5103     5084
     2802       22       21     1362     1361     1697     1699     5103     1702
     2803     1152     1153     1374     1373     4679     4684     5115     4681
     2804     1153     1152     1165     1166     4679     4680     4715     4683
     2805     1166     1165     1178     1179     4715     4716     4741     4718
     2806     1179     1178     1191     1192     4741     4742     4767     4744
     2807     1192     1191     1204     1205     4767     4768     4793     4770
     2808     1205     1204     1217     1218     4793     4794     4819     4796
     2809     1218     1217     1230     1231     4819     4820     4845     4822
     2810     1231     1230     1243     1244     4845     4846     4871     4848
     2811     1244     1243     1256     1257     4871     4872     4897     4874
     2812     1257     1256     1269     1270     4897     4898     4923     4900
     2813     1270     1269     1282     1283     4923     4924     4949     4926
     2814     1283     1282     1295     1296     4949     4950     4975     4952
     2815     1296     1295     1308     1309     4975     4976     5001     4978
     2816     1309     1308     1321     1322     5001     5002     5027     5004
     2817     1322     1321     1334     1335     5027     5028     5053     5030
     2818     1335     1334     1347     1348     5053     5054     5079     5056
     2819     1348     1347     1360     1361     5079     5080     5102     5082
     2820       23       22     1361     1360     1700     1702     5102     1705
     2821     1151     1152     1373     1372     4676     4681     5114     4678
     2822     1152     1151     1164     1165     4676     4677     4713     4680
     2823     1165     1164     1177     1178     4713     4714     4739     4716
     2824     1178     1177     1190     1191     4739     4740     4765     4742
     2825     1191     1190     1203     1204     4765     4766     4791     4768
     2826     1204     1203     1216     1217     4791     4792     4817     4794
     2827     1217     1216     1229     1230     4817     4818     4843     4820
     2828     1230     1229     1242     1243     4843     4844     4869     4846
     2829     1243     1242     1255     1256     4869     4870     4895     4872
     2830     1256     1255     1268     1269     4895     4896     4921     4898
     2831     1269     1268     1281     1282     4921     4922     4947     4924
     2832     1282     1281     1294     1295     4947     4948     4973     4950
     2833     1295     1294     1307     1308     4973     4974     4999     4976
     2834     1308     1307     1320     1321     4999     5000     5025     5002
     2835     1321     1320     1333     1334     5025     5026     5051     5028
     2836     1334     1333     1346     1347     5051     5052     5077     5054
     2837     1347     1346     1359     1360     5077     5078     5101     5080
     2838       24       23     1360     1359     1703     1705     5101     1708
     2839     1150     1151     1372     1371     4673     4678     5113     4675
     2840     1151     1150     1163     1164     4673     4674     4711     4677
     2841     1164     1163     1176     1177     4711     4712     4737     4714
     2842     1177     1176     1189     1190     4737     4738     4763     4740
     2843     1190     1189     1202     1203     4763     4764     4789     4766
     2844     1203     1202     1215     1216     4789     4790     4815     4792
     2845     1216     1215     1228     1229     4815     4816     4841     4818
     2846     1229     1228     1241     1242     4841     4842     4867     4844
     2847     1242     1241     1254     1255     4867     4868     4893     4870
     2848     1255     1254     1267     1268     4893     4894     4919     4896
     2849     1268     1267     1280     1281     4919     4920     4945     4922
     2850     1281     1280     1293     1294     4945     4946     4971     4948
     2851     1294     1293     1306     1307     4971     4972     4997     4974
     2852     1307     1306     1319     1320     4997     4998     5023     5000
     2853     1320     1319     1332     1333     5023     5024     5049     5026
     2854     1333     1332     1345     1346     5049     5050     5075     5052
     2855     1346     1345     1358     1359     5075     5076     5100     5078
     2856       25       24     1359     1358     1706     1708     5100     1711
     2857     1149     1150     1371     1370     4669     4675     5111     4671
     2858     1150     1149     1162     1163     4669     4670     4708     4674
     2859     1163     1162     1175     1176     4708     4709     4734     4712
     2860     1176     1175     1188     1189     4734     4735     4760     4738
     2861     1189     1188     1201     1202     4760     4761     4786     4764
     2862     1202     1201     1214     1215     4786     4787     4812     4790
     2863     1215     1214     1227     1228     4812     4813     4838     4816
     2864     1228     1227     1240     1241     4838     4839     4864     4842
     2865     1241     1240     1253     1254     4864     4865     4890     4868
     2866     1254     1253     1266     1267     4890     4891     4916     4894
     2867     1267     1266     1279     1280     4916     4917     4942     4920
     2868     1280     1279     1292     1293     4942     4943     4968     4946
     2869     1293     1292     1305     1306     4968     4969     4994     4972
     2870     1306     1305     1318     1319     4994     4995     5020     4998
     2871     1319     1318     1331     1332     5020     5021     5046     5024
     2872     1332     1331     1344     1345     5046     5047     5072     5050
     2873     1345     1344     1357     1358     5072     5073     5098     5076
     2874       26       25     1358     1357     1709     1711     5098     1714
     2875     1370     1399     1400     1149     5112     5156     4672     4671
     2876     1149     1400     1398     1162     4672     5154     4710     4670
     2877     1162     1398     1397     1175     4710     5152     4736     4709
     2878     1175     1397     1396     1188     4736     5150     4762     4735
     2879     1188     1396     1395     1201     4762     5148     4788     4761
     2880     1201     1395     1394     1214     4788     5146     4814     4787
     2881     1214     1394     1393     1227     4814     5144     4840     4813
     2882     1227     1393     1392     1240     4840     5142     4866     4839
     2883     1240     1392     1391     1253     4866     5140     4892     4865
     2884     1253     1391     1390     1266     4892     5138     4918     4891
     2885     1266     1390     1389     1279     4918     5136     4944     4917
     2886     1279     1389     1388     1292     4944     5134     4970     4943
     2887     1292     1388     1387     1305     4970     5132     4996     4969
     2888     1305     1387     1386     1318     4996     5130     5022     4995
     2889     1318     1386     1385     1331     5022     5128     5048     5021
     2890     1331     1385     1384     1344     5048     5126     5074     5047
     2891     1344     1384     1383     1357     5074     5124     5099     5073
     2892       27       26     1357     1383     1712     1714     5099     1716
     2893     1403     1400     1399     1455     5158     5156     5157     5167
     2894     1400     1403     1406     1398     5158     5166     5155     5154
     2895     1398     1406     1409     1397     5155     5173     5153     5152
     2896     1397     1409     1412     1396     5153     5179     5151     5150
     2897     1396     1412     1415     1395     5151     5185     5149     5148
     2898     1395     1415     1418     1394     5149     5191     5147     5146
     2899     1394     1418     1421     1393     5147     5197     5145     5144
     2900     1393     1421     1424     1392     5145     5203     5143     5142
     2901     1392     1424     1427     1391     5143     5209     5141     5140
     2902     1391     1427     1430     1390     5141     5215     5139     5138
     2903     1390     1430     1433     1389     5139     5221     5137     5136
     2904     1389     1433     1436     1388     5137     5227     5135     5134
     2905     1388     1436     1439     1387     5135     5233     5133     5132
     2906     1387     1439     1442     1386     5133     5239     5131     5130
     2907     1386     1442     1445     1385     5131     5245     5129     5128
     2908     1385     1445     1448     1384     5129     5251     5127     5126
     2909     1384     1448     1451     1383     5127     5257     5125     5124
     2910       13       27     1383     1451     1672     1716     5125     1674
     2911     1402     1403     1455     1454     5163     5167     5265     5165
     2912     1403     1402     1405     1406     5163     5164     5171     5166
     2913     1406     1405     1408     1409     5171     5172     5177     5173
     2914     1409     1408     1411     1412     5177     5178     5183     5179
     2915     1412     1411     1414     1415     5183     5184     5189     5185
     2916     1415     1414     1417     1418     5189     5190     5195     5191
     2917     1418     1417     1420     1421     5195     5196     5201     5197
     2918     1421     1420     1423     1424     5201     5202     5207     5203
     2919     1424     1423     1426     1427     5207     5208     5213     5209
     2920     1427     1426     1429     1430     5213     5214     5219     5215
     2921     1430     1429     1432     1433     5219     5220     5225     5221
     2922     1433     1432     1435     1436     5225     5226     5231     5227
     2923     1436     1435     1438     1439     5231     5232     5237     5233
     2924     1439     1438     1441     1442     5237     5238     5243     5239
     2925     1442     1441     1444     1445     5243     5244     5249     5245
     2926     1445     1444     1447     1448     5249     5250     5255     5251
     2927     1448     1447     1450     1451     5255     5256     5260     5257
     2928       12       13     1451     1450     1669     1674     5260     1671
     2929     1401     1402     1454     1452     5159     5165     5262     5161
     2930     1402     1401     1404     1405     5159     5160     5168     5164
     2931     1405     1404     1407     1408     5168     5169     5174     5172
     2932     1408     1407     1410     1411     5174     5175     5180     5178
     2933     1411     1410     1413     1414     5180     5181     5186     5184
     2934     1414     1413     1416     1417     5186     5187     5192     5190
     2935     1417     1416     1419     1420     5192     5193     5198     5196
     2936     1420     1419     1422     1423     5198     5199     5204     5202
     2937     1423     1422     1425     1426     5204     5205     5210     5208
     2938     1426     1425     1428     1429     5210     5211     5216     5214
     2939     1429     1428     1431     1432     5216     5217     5222     5220
     2940     1432     1431     1434     1435     5222     5223     5228     5226
     2941     1435     1434     1437     1438     5228     5229     5234     5232
     2942     1438     1437     1440     1441     5234     5235     5240     5238
     2943     1441     1440     1443     1444     5240     5241     5246     5244
     2944     1444     1443     1446     1447     5246     5247     5252     5250
     2945     1447     1446     1449     1450     5252     5253     5258     5256
     2946       11       12     1450     1449     1666     1671     5258     1668
     2947     1452     1453     1456     1401     5261     5263     5162     5161
     2948     1457     1404     1401     1456     5170     5160     5162     5266
     2949     1458     1407     1404     1457     5176     5169     5170     5268
     2950     1459     1410     1407     1458     5182     5175     5176     5270
     2951     1460     1413     1410     1459     5188     5181     5182     5272
     2952     1461     1416     1413     1460     5194     5187     5188     5274
     2953     1462     1419     1416     1461     5200     5193     5194     5276
     2954     1463     1422     1419     1462     5206     5199     5200     5278
     2955     1464     1425     1422     1463     5212     5205     5206     5280
     2956     1465     1428     1425     1464     5218     5211     5212     5282
     2957     1466     1431     1428     1465     5224     5217     5218     5284
     2958     1467     1434     1431     1466     5230     5223     5224     5286
     2959     1468     1437     1434     1467     5236     5229     5230     5288
     2960     1469     1440     1437     1468     5242     5235     5236     5290
     2961     1470     1443     1440     1469     5248     5241     5242     5292
     2962     1471     1446     1443     1470     5254     5247     5248     5294
     2963     1472     1449     1446     1471     5259     5253     5254     5296
     2964       10       11     1449     1472     1663     1668     5259     1665
     2965     1617     1456     1453     1634     5267     5263     5264     5572
     2966     1456     1617     1608     1457     5267     5555     5269     5266
     2967     1457     1608     1599     1458     5269     5538     5271     5268
     2968     1458     1599     1590     1459     5271     5521     5273     5270
     2969     1459     1590     1581     1460     5273     5504     5275     5272
     2970     1460     1581     1572     1461     5275     5487     5277     5274
     2971     1461     1572     1563     1462     5277     5470     5279     5276
     2972     1462     1563     1554     1463     5279     5453     5281     5278
     2973     1463     1554     1545     1464     5281     5436     5283     5280
     2974     1464     1545     1536     1465     5283     5419     5285     5282
     2975     1465     1536     1527     1466     5285     5402     5287     5284
     2976     1466     1527     1518     1467     5287     5385     5289     5286
     2977     1467     1518     1509     1468     5289     5368     5291     5288
     2978     1468     1509     1500     1469     5291     5351     5293     5290
     2979     1469     1500     1491     1470     5293     5334     5295     5292
     2980     1470     1491     1482     1471     5295     5317     5297     5294
     2981     1471     1482     1473     1472     5297     5300     5298     5296
     2982        1       10     1472     1473     1636     1665     5298     1638
     2983     1618     1617     1634     1633     5571     5572     5595     5574
     2984     1617     1618     1609     1608     5571     5557     5554     5555
     2985     1608     1609     1600     1599     5554     5540     5537     5538
     2986     1599     1600     1591     1590     5537     5523     5520     5521
     2987     1590     1591     1582     1581     5520     5506     5503     5504
     2988     1581     1582     1573     1572     5503     5489     5486     5487
     2989     1572     1573     1564     1563     5486     5472     5469     5470
     2990     1563     1564     1555     1554     5469     5455     5452     5453
     2991     1554     1555     1546     1545     5452     5438     5435     5436
     2992     1545     1546     1537     1536     5435     5421     5418     5419
     2993     1536     1537     1528     1527     5418     5404     5401     5402
     2994     1527     1528     1519     1518     5401     5387     5384     5385
     2995     1518     1519     1510     1509     5384     5370     5367     5368
     2996     1509     1510     1501     1500     5367     5353     5350     5351
     2997     1500     1501     1492     1491     5350     5336     5333     5334
     2998     1491     1492     1483     1482     5333     5319     5316     5317
     2999     1482     1483     1474     1473     5316     5302     5299     5300
     3000        2        1     1473     1474     1635     1638     5299     1641
     3001     1619     1618     1633     1632     5573     5574     5594     5576
     3002     1618     1619     1610     1609     5573     5559     5556     5557
     3003     1609     1610     1601     1600     5556     5542     5539     5540
     3004     1600     1601     1592     1591     5539     5525     5522     5523
     3005     1591     1592     1583     1582     5522     5508     5505     5506
     3006     1582     1583     1574     1573     5505     5491     5488     5489
     3007     1573     1574     1565     1564     5488     5474     5471     5472
     3008     1564     1565     1556     1555     5471     5457     5454     5455
     3009     1555     1556     1547     1546     5454     5440     5437     5438
     3010     1546     1547     1538     1537     5437     5423     5420     5421
     3011     1537     1538     1529     1528     5420     5406     5403     5404
     3012     1528     1529     1520     1519     5403     5389     5386     5387
     3013     1519     1520     1511     1510     5386     5372     5369     5370
     3014     1510     1511     1502     1501     5369     5355     5352     5353
     3015     1501     1502     1493     1492     5352     5338     5335     5336
     3016     1492     1493     1484     1483     5335     5321     5318     5319
     3017     1483     1484     1475     1474     5318     5304     5301     5302
     3018        3        2     1474     1475     1639     1641     5301     1644
     3019     1620     1619     1632     1631     5575     5576     5593     5578
     3020     1619     1620     1611     1610     5575     5561     5558     5559
     3021     1610     1611     1602     1601     5558     5544     5541     5542
     3022     1601     1602     1593     1592     5541     5527     5524     5525
     3023     1592     1593     1584     1583     5524     5510     5507     5508
     3024     1583     1584     1575     1574     5507     5493     5490     5491
     3025     1574     1575     1566     1565     5490     5476     5473     5474
     3026     1565     1566     1557     1556     5473     5459     5456     5457
     3027     1556     1557     1548     1547     5456     5442     5439     5440
     3028     1547     1548     1539     1538     5439     5425     5422     5423
     3029     1538     1539     1530     1529     5422     5408     5405     5406
     3030     1529     1530     1521     1520     5405     5391     5388     5389
     3031     1520     1521     1512     1511     5388     5374     5371     5372
     3032     1511     1512     1503     1502     5371     5357     5354     5355
     3033     1502     1503     1494     1493     5354     5340     5337     5338
     3034     1493     1494     1485     1484     5337     5323     5320     5321
     3035     1484     1485     1476     1475     5320     5306     5303     5304
     3036        4        3     1475     1476     1642     1644     5303     1647
     3037     1621     1620     1631     1630     5577     5578     5592     5580
     3038     1620     1621     1612     1611     5577     5563     5560     5561
     3039     1611     1612     1603     1602     5560     5546     5543     5544
     3040     1602     1603     1594     1593     5543     5529     5526     5527
     3041     1593     1594     1585     1584     5526     5512     5509     5510
     3042     1584     1585     1576     1575     5509     5495     5492     5493
     3043     1575     1576     1567     1566     5492     5478     5475     5476
     3044     1566     1567     1558     1557     5475     5461     5458     5459
     3045     1557     1558     1549     1548     5458     5444     5441     5442
     3046     1548     1549     1540     1539     5441     5427     5424     5425
     3047     1539     1540     1531     1530     5424     5410     5407     5408
     3048     1530     1531     1522     1521     5407     5393     5390     5391
     3049     1521     1522     1513     1512     5390     5376     5373     5374
     3050     1512     1513     1504     1503     5373     5359     5356     5357
     3051     1503     1504     1495     1494     5356     5342     5339     5340
     3052     1494     1495     1486     1485     5339     5325     5322     5323
     3053     1485     1486     1477     1476     5322     5308     5305     5306
     3054        5        4     1476     1477     1645     1647     5305     1650
     3055     1622     1621     1630     1629     5579     5580     5591     5582
     3056     1621     1622     1613     1612     5579     5565     5562     5563
     3057     1612     1613     1604     1603     5562     5548     5545     5546
     3058     1603     1604     1595     1594     5545     5531     5528     5529
     3059     1594     1595     1586     1585     5528     5514     5511     5512
     3060     1585     1586     1577     1576     5511     5497     5494     5495
     3061     1576     1577     1568     1567     5494     5480     5477     5478
     3062     1567     1568     1559     1558     5477     5463     5460     5461
     3063     1558     1559     1550     1549     5460     5446     5443     5444
     3064     1549     1550     1541     1540     5443     5429     5426     5427
     3065     1540     1541     1532     1531     5426     5412     5409     5410
     3066     1531     1532     1523     1522     5409     5395     5392     5393
     3067     1522     1523     1514     1513     5392     5378     5375     5376
     3068     1513     1514     1505     1504     5375     5361     5358     5359
     3069     1504     1505     1496     1495     5358     5344     5341     5342
     3070     1495     1496     1487     1486     5341     5327     5324     5325
     3071     1486     1487     1478     1477     5324     5310     5307     5308
     3072        6        5     1477     1478     1648     1650     5307     1653
     3073     1623     1622     1629     1628     5581     5582     5590     5584
     3074     1622     1623     1614     1613     5581     5567     5564     5565
     3075     1613     1614     1605     1604     5564     5550     5547     5548
     3076     1604     1605     1596     1595     5547     5533     5530     5531
     3077     1595     1596     1587     1586     5530     5516     5513     5514
     3078     1586     1587     1578     1577     5513     5499     5496     5497
     3079     1577     1578     1569     1568     5496     5482     5479     5480
     3080     1568     1569     1560     1559     5479     5465     5462     5463
     3081     1559     1560     1551     1550     5462     5448     5445     5446
     3082     1550     1551     1542     1541     5445     5431     5428     5429
     3083     1541     1542     1533     1532     5428     5414     5411     5412
     3084     1532     1533     1524     1523     5411     5397     5394     5395
     3085     1523     1524     1515     1514     5394     5380     5377     5378
     3086     1514     1515     1506     1505     5377     5363     5360     5361
     3087     1505     1506     1497     1496     5360     5346     5343     5344
     3088     1496     1497     1488     1487     5343     5329     5326     5327
     3089     1487     1488     1479     1478     5326     5312     5309     5310
     3090        7        6     1478     1479     1651     1653     5309     1656
     3091     1624     1623     1628     1627     5583     5584     5589     5586
     3092     1623     1624     1615     1614     5583     5569     5566     5567
     3093     1614     1615     1606     1605     5566     5552     5549     5550
     3094     1605     1606     1597     1596     5549     5535     5532     5533
     3095     1596     1597     1588     1587     5532     5518     5515     5516
     3096     1587     1588     1579     1578     5515     5501     5498     5499
     3097     1578     1579     1570     1569     5498     5484     5481     5482
     3098     1569     1570     1561     1560     5481     5467     5464     5465
     3099     1560     1561     1552     1551     5464     5450     5447     5448
     3100     1551     1552     1543     1542     5447     5433     5430     5431
     3101     1542     1543     1534     1533     5430     5416     5413     5414
     3102     1533     1534     1525     1524     5413     5399     5396     5397
     3103     1524     1525     1516     1515     5396     5382     5379     5380
     3104     1515     1516     1507     1506     5379     5365     5362     5363
     3105     1506     1507     1498     1497     5362     5348     5345     5346
     3106     1497     1498     1489     1488     5345     5331     5328     5329
     3107     1488     1489     1480     1479     5328     5314     5311     5312
     3108        8        7     1479     1480     1654     1656     5311     1659
     3109     1625     1624     1627     1626     5585     5586     5588     5587
     3110     1624     1625     1616     1615     5585     5570     5568     5569
     3111     1615     1616     1607     1606     5568     5553     5551     5552
     3112     1606     1607     1598     1597     5551     5536     5534     5535
     3113     1597     1598     1589     1588     5534     5519     5517     5518
     3114     1588     1589     1580     1579     5517     5502     5500     5501
     3115     1579     1580     1571     1570     5500     5485     5483     5484
     3116     1570     1571     1562     1561     5483     5468     5466     5467
     3117     1561     1562     1553     1552     5466     5451     5449     5450
     3118     1552     1553     1544     1543     5449     5434     5432     5433
     3119     1543     1544     1535     1534     5432     5417     5415     5416
     3120     1534     1535     1526     1525     5415     5400     5398     5399
     3121     1525     1526     1517     1516     5398     5383     5381     5382
     3122     1516     1517     1508     1507     5381     5366     5364     5365
     3123     1507     1508     1499     1498     5364     5349     5347     5348
     3124     1498     1499     1490     1489     5347     5332     5330     5331
     3125     1489     1490     1481     1480     5330     5315     5313     5314
     3126        9        8     1480     1481     1657     1659     5313     1662
     3127     1626       87       88     1625     1850     1848     1853     5587
     3128     1625       88       89     1616     1853     1851     1856     5570
     3129     1616       89       90     1607     1856     1854     1859     5553
     3130     1607       90       91     1598     1859     1857     1862     5536
     3131     1598       91       92     1589     1862     1860     1865     5519
     3132     1589       92       93     1580     1865     1863     1868     5502
     3133     1580       93       94     1571     1868     1866     1871     5485
     3134     1571       94       95     1562     1871     1869     1874     5468
     3135     1562       95       96     1553     1874     1872     1877     5451
     3136     1553       96       97     1544     1877     1875     1880     5434
     3137     1544       97       98     1535     1880     1878     1883     5417
     3138     1535       98       99     1526     1883     1881     1886     5400
     3139     1526       99      100     1517     1886     1884     1889     5383
     3140     1517      100      101     1508     1889     1887     1892     5366
     3141     1508      101      102     1499     1892     1890     1895     5349
     3142     1499      102      103     1490     1895     1893     1898     5332
     3143     1490      103      104     1481     1898     1896     1900     5315
     3144       85        9     1481      104     1661     1662     1900     1846
-1
secnum,1    ! reset the section ID to default
CMBLOCK,MOLD    ,ELEM,        2
(8i10)
      2389     -3144
/golist
/wb,load,start             !  starting to send loads
/com,*********** Fixed Supports ***********
CMBLOCK,_FIXEDSU,NODE,      126
(8i10)
         1       -86      1635     -1637      1639      1640      1642      1643
      1645      1646      1648      1649      1651      1652      1654      1655
      1657      1658      1660      1661      1663      1664      1666      1667
      1669      1670      1672      1673      1675     -1677      1679      1680
      1682      1683      1685      1686      1688      1689      1691      1692
      1694      1695      1697      1698      1700      1701      1703      1704
      1706      1707      1709      1710      1712      1713      1715      1717
      1718      1720      1721      1723      1724      1726      1727      1729
     -1731      1733      1734      1736      1737      1739      1740      1742
      1743      1745      1746      1748      1749      1751      1752      1754
      1755      1757      1759      1761      1762      1764      1766      1768
      1770      1772      1774      1776      1778      1781      1782      1784
      1786      1789      1790      1792      1794      1796      1798      1800
      1802      1804      1806      1808      1810      1812      1814      1817
      1818      1820      1822      1825      1826      1828      1830      1832
      1834      1836      1838      1840      1842      1845
cmsel,s,_FIXEDSU
d,all,all
nsel,all
/com,*********** Define Force Without Surface Effect Elements "Force" ***********
local,12,0,0.,0.,0.,0.,0.,0.
csys,0
CMBLOCK,_CM41_1 ,ELEM,        5
(8i10)
       163       235       487       559       739
CMBLOCK,_CM41_6 ,ELEM,       37
(8i10)
         1        19        37        55        73        91       109       127
       145       181       199       217       253       271       289       307
       325       343       361       379       397       415       433       451
       469       505       523       541       577       595       613       631
       649       667       685       703       721
tblist
/gst,on,on
fini
*get,_numnode,node,0,count
*get,_numelem,elem,0,count
*get, _MAXELEMNUM, elem, 0, NUM, MAX
*get, _MAXNODENUM, node, 0, NUM, MAX
*get, _MAXELEMTYPE, etyp, 0, NUM, MAX
*get, _MAXREALCONST, rcon, 0, NUM, MAX
/go
/wb,load,end               !  done creating loads
/com,--- Number of total nodes = %_numnode%
/com,--- Number of contact elements = 0
/com,--- Number of spring elements = 0
/com,--- Number of bearing elements = 0
/com,--- Number of solid elements = 756
/com,--- Number of condensed parts = 0
/com,--- Number of total elements = %_numelem%
*get,_wallbsol,active,,time,wall
/com,****************************************************************************
/com,*************************    SOLUTION       ********************************
/com,****************************************************************************
/solu
antype,0                   ! static analysis
_thickRatio=  0     ! Ratio of thick parts in the model
eqsl,sparse,,,,,1
cntr,print,1               ! print out contact info and also make no initial contact an error
cncheck,dmp		!	Enable program controlled contact splitting for distributed memory parallel run
dmpoption,emat,no             ! Don't combine emat file for DANSYS
dmpoption,esav,no             ! Don't combine esav file for DANSYS
nldiag,cont,iter           ! print out contact info each equilibrium iteration
rescontrol,define,last,last,,dele	   ! Program Controlled
/com,****************************************************
/com,******************* SOLVE FOR LS 1 OF 1 ****************
/com,*********** Set Force Without Surface Effect Elements "Force" ***********
sfco,1,0,12,,,,,1   ! set and send X component values
sfe,_CM41_1,1,pres,1,0.
sfe,_CM41_6,6,pres,1,0.
sfco,1,1,12,,,,,1   ! set and send Y component values
sfe,_CM41_1,1,pres,1,0.
sfe,_CM41_6,6,pres,1,0.
sfco,1,2,12,,,,,1   ! set and send Z component values
sfe,_CM41_1,1,pres,1,1.72519142745407e-002
sfe,_CM41_6,6,pres,1,1.72519142745407e-002
nsel,all
esel,all
sfco,none		! resets the sfcontrol
/nopr
/gopr
autots,on                  ! Workbench Program Controlled automatic time stepping
nsub,5,1000,1              ! due to presence of nonlinear materials
time,1.
outres,erase
outres,all,none
outres,nsol,all,
outres,rsol,all
outres,eangl,all
outres,etmp,all
outres,veng,all
outres,strs,all,
outres,epel,all,
outres,eppl,all,
outres,cont,all,
! *********** WB SOLVE COMMAND ***********
! check interactive state
*get,ANSINTER_,active,,int
*if,ANSINTER_,ne,0,then
/eof
*endif
solve
/com *************** Write FE CONNECTORS *********
CEWRITE,file,ce,,INTE
/com,****************************************************
/com,*************** FINISHED SOLVE FOR LS 1 *************
*get,_wallasol,active,,time,wall
/nopr
*get,_numnode,node,0,count
*get,_numelem,elem,0,count
*get, _MAXELEMNUM, elem, 0, NUM, MAX
*get, _MAXNODENUM, node, 0, NUM, MAX,,,INTERNAL
*get, _MAXELEMTYPE, etyp, 0, NUM, MAX
*get, _MAXREALCONST, rcon, 0, NUM, MAX
*get,_NSOLTHREADS,active,0,ntfs
*get,_NSOLPROCESSES,active,0,npfs
/gopr
/post1
xmlo,ENCODING,ISO-8859-1
xmlo,parm
/xml,parm,xml
fini
/gopr
*get,_walldone,active,,time,wall
_preptime=(_wallbsol-_wallstrt)*3600
_solvtime=(_wallasol-_wallbsol)*3600
_posttime=(_walldone-_wallasol)*3600
_totaltim=(_walldone-_wallstrt)*3600
*get,_dlbratio,active,0,solu,dlbr
*get,_combtime,active,0,solu,comb
*get,_ssmode,active,0,solu,ssmm
*get,_ndofs,active,0,solu,ndof
*get,_sol_end_time,active,0,set,time
*if,_sol_end_time,eq,1.000000,then
/fclean				!clean distributed files
*endif
/com,--- Total number of nodes = %_numnode%
/com,--- Total number of elements = %_numelem%
/com,--- Element load balance ratio = %_dlbratio%
/com,--- Time to combine distributed files = %_combtime%
/com,--- Sparse memory mode = %_ssmode%
/com,--- Number of DOF = %_ndofs%
/wb,file,end               ! done with WB generated input
